utc_time,x_km_EME2000,y_km_EME2000,z_km_EME2000,vx_kms,vy_kms,vz_kms,distance_from_earth_km,speed_kms
2026-04-02T01:57:37.084,-24468.231698271986,-12677.926410379976,-6901.348388602915,-1.83796863689585,-3.41722647280823,-1.84782351579474,28408.674557046903,4.29767579305352
2026-04-02T01:58:42.787,-24588.078986612403,-12901.97275469018,-7022.496964210427,-1.81029126296756,-3.40279453591778,-1.83996653511421,28641.752614443878,4.2710235261338445
2026-04-02T02:03:39.337,-25107.400003889667,-13901.530356086909,-7563.003976432445,-1.69292924541603,-3.33884282865911,-1.80538036530162,29678.83269847481,4.156113464270419
2026-04-02T02:07:39.337,-25502.919460761637,-14696.80088496664,-7993.002753099913,-1.60404842317362,-3.28863172598082,-1.77806409241313,30500.540163831745,4.068117733023749
2026-04-02T02:11:39.337,-25877.7905586998,-15480.17808009252,-8416.53227689087,-1.5207617860023,-3.23972655085335,-1.75146688419332,31307.091419664896,3.9844925373872777
2026-04-02T02:15:39.337,-26233.288662562507,-16251.971364545645,-8833.762790310579,-1.4425217946379,-3.19209289695149,-1.72556875119944,32099.024476186467,3.9048577062281664
2026-04-02T02:19:39.337,-26570.56642905506,-17012.48123551925,-9244.859400497797,-1.36885138854854,-3.14569120579919,-1.70034710817144,32876.84509627855,3.82887810911246
2026-04-02T02:23:39.337,-26890.669352806915,-17761.998297702718,-9649.981598283575,-1.29933295361152,-3.10047889574182,-1.6757778939425,33641.028917332405,3.756257054184074
2026-04-02T02:27:39.337,-27194.54891470636,-18500.802729777537,-10049.283004678044,-1.23359929556338,-3.05641187613502,-1.65183636484991,34392.02351168962,3.686730822128763
2026-04-02T02:31:39.337,-27483.073762448676,-19229.164058338698,-10442.911278088342,-1.17132620838966,-3.01344561905894,-1.62849765355852,35130.250351751325,3.6200641145056562
2026-04-02T02:35:39.337,-27757.039266311665,-19947.341148580796,-10831.008134245007,-1.11222631957868,-2.97153591113989,-1.6057371586141,35856.106661676386,3.5560462426284047
2026-04-02T02:39:39.337,-28017.17572562781,-20655.582346095518,-11213.709444131988,-1.05604396421428,-2.93063937333682,-1.58353081148742,36569.96714784491,3.4944879198296634
2026-04-02T02:43:39.337,-28264.15544857856,-21354.125722107972,-11591.145384779997,-1.00255089317483,-2.89071381208324,-1.56185525480558,37272.18560680488,3.435218548176851
2026-04-02T02:47:39.337,-28498.59888631456,-22043.19938748976,-11963.440624694367,-0.95154266153771,-2.85171844779029,-1.54068795619239,37963.09641349433,3.3780839125974973
2026-04-02T02:51:39.337,-28721.07996941077,-22723.021850352445,-12330.71453070993,-0.9028355747903,-2.81361405427057,-1.52000727550556,38643.01589496793,3.322944212454618
2026-04-02T02:55:39.337,-28932.130768347295,-23393.80239894442,-12693.081386730039,-0.85626409491287,-2.77636303366797,-1.49979249848013,39312.24359621005,3.269672374023465
2026-04-02T02:59:39.337,-29132.24557859008,-24055.741496651928,-13050.650617491425,-0.81167862752077,-2.73992944496689,-1.48002384632346,39971.06344525814,3.2181525979133836
2026-04-02T03:03:39.337,-29321.884513806257,-24709.03117964266,-13403.527012468687,-0.76894362629042,-2.70427899940127,-1.46068246828207,40619.74482504195,3.168279103892521
2026-04-02T03:07:39.337,-29501.476676925322,-25353.855450447376,-13751.810946483525,-0.72793596278872,-2.66937903259686,-1.44175042235008,41258.543559233556,3.119955042293963
2026-04-02T03:09:34.583,-29584.09023943769,-25660.57391482725,-13917.49875694054,-0.70684323060842,-2.65305448821574,-1.43295930813577,41561.76392530696,3.0970466333059266
2026-04-02T03:11:19.583,-29657.40857125333,-25938.361600590775,-14067.534765394761,-0.68974560893578,-2.63816178355037,-1.42488155803236,41836.061239806535,3.076675812569889
2026-04-02T03:13:04.583,-29728.947001036147,-26214.59252090896,-14216.726408913339,-0.67293896147394,-2.62340141027544,-1.41687594566352,42108.555670001384,3.0565698504540486
2026-04-02T03:14:49.583,-29798.735654047097,-26489.28044463136,-14365.081192911035,-0.65641520662985,-2.60877097826024,-1.40894116075055,42379.26595321152,3.036722268328947
2026-04-02T03:16:34.583,-29866.803823199047,-26762.43889241334,-14512.606486759405,-0.64016656924286,-2.59426814995564,-1.401075922174,42648.21043283231,3.017126813699775
2026-04-02T03:18:19.583,-29933.180000458586,-27034.08114218285,-14659.309526817224,-0.62418556599327,-2.57989063935729,-1.39327897737656,42915.40706954805,2.9977774501515584
2026-04-02T03:20:04.583,-29997.891906759905,-27304.220234497538,-14805.197419397911,-0.60846499164231,-2.56563621095436,-1.38554910176032,43180.873452154054,2.9786683478365545
2026-04-02T03:21:49.583,-30060.9665205151,-27572.868977790964,-14950.277143673484,-0.59299790604892,-2.55150267866932,-1.37788509808116,43444.626808002424,2.95979387446985
2026-04-02T03:23:34.583,-30122.430104799783,-27840.039953507225,-15094.55555451488,-0.57777762191231,-2.53748790479334,-1.3702857958427,43706.684013086175,2.9411485868013196
2026-04-02T03:25:19.583,-30182.30823328768,-28105.745521123757,-15238.039385268721,-0.56279769319333,-2.52358979892145,-1.3627500506919,43967.06160177587,2.9227272225346166
2026-04-02T03:26:23.739,-30217.259953328045,-28267.39751742439,-15325.346855768574,-0.53853142201022,-2.51550822782002,-1.35863601475565,44124.764223106155,2.909242093280255
2026-04-02T03:30:56.675,-30359.52071199105,-28948.95314472718,-15695.356570808777,-0.50135696235919,-2.48001755796993,-1.34007649960255,44789.35815483688,2.863154015475275
2026-04-02T03:34:56.675,-30476.012173841893,-29540.480900784227,-16014.98157503331,-0.46958751901247,-2.44947218630845,-1.32351515480012,45364.1594732936,2.8234940755200055
2026-04-02T03:38:56.675,-30585.00779126115,-30124.74299810022,-16330.667358536939,-0.43888160803122,-2.41946689890042,-1.30724774700717,45930.747203461404,2.7848399977015212
2026-04-02T03:42:56.675,-30686.75580480885,-30701.866576060194,-16642.483111328787,-0.40918157699932,-2.38998119210333,-1.2912630790273,46489.28733793448,2.7471439716225956
2026-04-02T03:46:56.675,-30781.491135150205,-31271.973973341304,-16950.4954021095,-0.38043401072759,-2.3609955544625,-1.27555049870238,47039.938850615035,2.7103614370503903
2026-04-02T03:50:56.675,-30869.436352536057,-31835.182959508667,-17254.768305450583,-0.35258934331928,-2.3324914126956,-1.26009986889352,47582.854097494484,2.6744508062229344
2026-04-02T03:54:56.675,-30950.80255835555,-32391.60695393716,-17555.363521936946,-0.32560151242437,-2.30445108011064,-1.24490153886871,48118.17918886804,2.63937321479813
2026-04-02T03:58:56.675,-31025.7901882367,-32941.35523265425,-17852.340491614843,-0.29942765040361,-2.27685770753784,-1.22994631712923,48646.05433534104,2.6050922980233255
2026-04-02T04:02:56.675,-31094.58974499524,-33484.53312371058,-18145.75650109108,-0.27402780786641,-2.24969523679461,-1.21522544567494,49166.614169773,2.5715739891662235
2026-04-02T04:06:56.675,-31157.382468720923,-34021.24219168394,-18435.66678462652,-0.24936470567392,-2.22294835665815,-1.20073057568637,49679.988047111634,2.5387863376411044
2026-04-02T04:10:56.675,-31214.340950417914,-34551.58041191211,-18722.124619559585,-0.22540351203024,-2.19660246128882,-1.18645374458518,50186.300323894015,2.50669934459956
2026-04-02T04:14:56.675,-31265.629694860974,-35075.64233503373,-19005.18141638489,-0.20211164173588,-2.17064361102534,-1.17238735442419,50685.6706190328,2.475284814041417
2026-04-02T04:18:56.675,-31311.405637674354,-35593.51924239533,-19284.88680379945,-0.17945857506226,-2.14505849545848,-1.15852415155084,51178.21405736145,2.444516217747096
2026-04-02T04:22:56.675,-31351.818621070866,-36105.29929285937,-19561.288709014956,-0.15741569403461,-2.11983439868078,-1.14485720748391,51664.04149728235,2.41436857254367
2026-04-02T04:26:56.675,-31387.01183219216,-36611.06766152258,-19834.43343361983,-0.1359561341919,-2.09495916660502,-1.13137990094132,52143.25974374302,2.3848183285988043
2026-04-02T04:30:56.675,-31417.122207557513,-37110.906670828095,-20104.36572525982,-0.11505465013449,-2.07042117624225,-1.11808590095636,52615.97174765965,2.3558432675938583
2026-04-02T04:34:56.675,-31442.28080674852,-37604.89591452853,-20371.128845390904,-0.09468749337805,-2.04620930683054,-1.10496915102028,53082.27679280975,2.327422409763345
2026-04-02T04:38:56.675,-31462.61315812372,-38093.11237493139,-20634.764633343475,-0.07483230121223,-2.02231291270781,-1.09202385419086,53542.270671128375,2.2995359289063795
2026-04-02T04:42:56.675,-31478.239579063822,-38575.63053383281,-20895.31356692265,-0.05546799541799,-1.99872179782489,-1.07924445910824,53996.04584726308,2.2721650745779645
2026-04-02T04:46:56.675,-31489.275472989786,-39052.52247752124,-21152.814819755615,-0.03657468983238,-1.9754261917992,-1.06662564686212,54443.69161317049,2.2452921007580864
2026-04-02T04:50:56.675,-31495.831605167667,-39523.85799620932,-21407.30631558388,-0.01813360586676,-1.95241672741357,-1.05416231865676,54885.29423347237,2.218900200374465
2026-04-02T04:54:56.675,-31498.014359112138,-39989.704678229755,-21658.82477968577,-0.00012699518667,-1.92968441946957,-1.04184958422309,55320.9370822295,2.192973445123587
2026-04-02T04:58:56.675,-31495.925975221497,-40450.12799930991,-21907.405787602664,0.01746193114926,-1.90722064490945,-1.02968275093001,55750.700771738055,2.167496730094667
2026-04-02T05:02:56.675,-31489.664773117882,-40905.19140721973,-22153.0838113313,0.03464906771623,-1.88501712412563,-1.01765731354974,56174.66327390395,2.1424557227540872
2026-04-02T05:06:56.675,-31479.325359024908,-41354.956402068805,-22395.892263133992,0.05144947447205,-1.86306590338149,-1.00576894463484,56592.90003470635,2.1178368158944676
2026-04-02T05:10:56.675,-31464.998819388784,-41799.482612510525,-22635.863537108715,0.06787743172421,-1.84135933827188,-0.99401348546707,57005.484082220675,2.093627084193583
2026-04-02T05:14:56.675,-31446.77290183629,-42238.82786809479,-22873.029048651806,0.08394649075857,-1.81989007815602,-0.98238693754096,57412.48612863474,2.0698142440645513
2026-04-02T05:18:56.675,-31424.73218446239,-42673.04826799501,-23107.419271937375,0.09966952052658,-1.7986510515003,-0.97088545454719,57813.97466665755,2.0463866165112683
2026-04-02T05:22:56.675,-31398.95823434992,-43102.19824632057,-23339.06377552942,0.11505875074662,-1.77763545207177,-0.95950533482331,58210.01606069011,2.023333092730945
2026-04-02T05:26:56.675,-31369.52975614298,-43526.33063421239,-23567.991256235167,0.13012581173895,-1.75683672592791,-0.94824301424148,58600.674633098664,2.0006431022317765
2026-04-02T05:30:56.675,-31336.522731422927,-43945.49671890632,-23794.22957130104,0.14488177128124,-1.73624855915103,-0.93709505950492,58986.012745905864,1.9783065832555244
2026-04-02T05:34:56.675,-31300.01054957043,-44359.746299937426,-24017.805769046176,0.15933716874327,-1.71586486627982,-0.92605816182667,59366.09087819123,1.9563139553155513
2026-04-02T05:38:56.675,-31260.06413073817,-44769.12774264696,-24238.746118022245,0.1735020467337,-1.69567977939328,-0.91512913096615,59740.96769947105,1.9346560936783797
2026-04-02T05:42:56.675,-31216.752041505602,-45173.6880291436,-24457.076134782674,0.18738598046953,-1.67568763780558,-0.90430488960054,60110.70013930791,1.9133243056331086
2026-04-02T05:46:56.675,-31170.14060373914,-45573.47280686087,-24672.820610339022,0.20099810505827,-1.6558829783331,-0.89358246800969,60475.34345338209,1.8923103084073187
2026-04-02T05:50:56.675,-31120.293997137673,-45968.526434843625,-24886.00363537738,0.21434714086513,-1.63626052609747,-0.88295899905467,60834.95128624019,1.871606208600904
2026-04-02T05:54:56.675,-31067.274355904025,-46358.892027888294,-25096.648624302965,0.22744141712128,-1.61681518583108,-0.87243171343149,61189.57573092123,1.8512044830210226
2026-04-02T05:58:56.675,-31011.1418599472,-46744.6114986535,-25304.77833817692,0.24028889391471,-1.59754203365362,-0.8619979351827,61539.26738564643,1.831097960811528
2026-04-02T06:02:56.675,-30951.954820987925,-47125.72559785066,-25510.414906605198,0.25289718269249,-1.57843630929043,-0.85165507745077,61884.075407745564,1.8112798067796896
2026-04-02T06:06:56.675,-30889.769763910437,-47502.273952617245,-25713.57984863579,0.26527356539138,-1.55949340870534,-0.84140063845837,62224.04756498137,1.7917435058314035
2026-04-02T06:10:56.675,-30824.641503676823,-47874.295103169134,-25914.29409271701,0.27742501230346,-1.54070887712273,-0.83123219770148,62559.23028442204,1.7724828484337982
2026-04-02T06:14:56.675,-30756.623218095556,-48241.82653782256,-26112.57799576639,0.28935819877381,-1.52207840241492,-0.82114741234242,62889.66869900205,1.7534919170307661
2026-04-02T06:18:56.675,-30685.7665167138,-48604.90472647063,-26308.451361396652,0.30107952081915,-1.50359780883284,-0.81114401379054,63215.40669190173,1.7347650733433144
2026-04-02T06:22:56.675,-30612.121506082567,-48963.56515259434,-26501.933457342417,0.31259510974829,-1.48526305105941,-0.80121980445935,63536.486938867805,1.7162969464922824
2026-04-02T06:26:56.675,-30535.73685162526,-49317.84234388317,-26693.043032128742,0.32391084585854,-1.46707020856615,-0.79137265468943,63852.95094858888,1.6980824218857333
2026-04-02T06:30:56.675,-30456.65983632312,-49667.769901535845,-26881.79833102006,0.33503237127604,-1.44901548025521,-0.78160049982731,64164.83910123239,1.680116630818344
2026-04-02T06:34:56.675,-30374.936416415454,-50013.38052830778,-27068.217111285845,0.34596510200206,-1.43109517936994,-0.77190133745109,64472.19068524278,1.6623949407339875
2026-04-02T06:38:56.675,-30290.61127429828,-50354.70605536761,-27252.31665681713,0.35671423922238,-1.41330572865813,-0.76227322473415,64775.043932494205,1.6449129461064163
2026-04-02T06:42:56.675,-30203.72786879187,-50691.77746802184,-27434.113792126125,0.36728477993216,-1.39564365577352,-0.75271427593889,65073.43605188531,1.6276664598967743
2026-04-02T06:46:56.675,-30114.32848293561,-51024.62493036299,-27613.624895759152,0.37768152692435,-1.37810558890149,-0.74322266003306,65367.403261457905,1.6106515055492447
2026-04-02T06:50:56.675,-30022.45426945755,-51353.27780889355,-27790.865913151498,0.38790909818607,-1.36068825259632,-0.73379659842155,65656.98081911652,1.5938643094894227
2026-04-02T06:54:56.675,-29928.145294055776,-51677.76469517507,-27965.852368951095,0.39797193574353,-1.34338846381786,-0.72443436278703,65942.20305202097,1.5773012940922264
2026-04-02T06:58:56.675,-29831.44057661934,-51998.11342754878,-28138.599378836403,0.40787431399331,-1.32620312815629,-0.71513427303335,66223.10338471954,1.5609590710886625
2026-04-02T07:02:56.675,-29732.378130507885,-52314.35111197172,-28309.12166085244,0.41762034755448,-1.30912923623454,-0.70589469532585,66499.71436608661,1.544834435382876
2026-04-02T07:06:56.675,-29630.99500000099,-52626.50414200977,-28477.433546287593,0.42721399867358,-1.29216386027831,-0.6967140402232,66772.06769512444,1.5289243592526571
2026-04-02T07:10:56.675,-29527.327296021023,-52934.59821802659,-28643.548990112507,0.43665908421214,-1.2753041508445,-0.6875907608956,67040.19424568539,1.513225986908494
2026-04-02T07:14:56.675,-29421.410230226338,-53238.65836560564,-28807.481581001273,0.44595928224385,-1.25854733369923,-0.67852335142474,67304.1240901675,1.4977366293876744
2026-04-02T07:16:37.964,-29376.042625964103,-53365.7785889444,-28876.01547671389,0.44984170067766,-1.25150554698673,-0.67471297318386,67414.26017229675,1.4912616423651912
2026-04-02T07:20:37.964,-29266.985825745694,-53664.144148685424,-29036.866671398722,0.45894193811429,-1.23489041028451,-0.66572249623855,67672.27240626603,1.4760651984146338
2026-04-02T07:24:37.964,-29155.761416704412,-53958.53370304633,-29195.566465393633,0.46790565865137,-1.21837174033393,-0.65678440154692,67926.1575860566,1.4610719192283614
2026-04-02T07:28:37.964,-29042.40177078177,-54248.97009812875,-29352.12726440942,0.47673611054096,-1.20194699852095,-0.64789731134939,68175.94320777133,1.446279652211498
2026-04-02T07:32:37.964,-28926.93849408097,-54535.4755783767,-29506.561147633376,0.48543642835198,-1.18561370923017,-0.63905988214992,68421.6560597527,1.4316863924963172
2026-04-02T07:36:37.964,-28809.40245356034,-54818.07180140117,-29658.879875791925,0.49400963784711,-1.16936945740399,-0.63027080338747,68663.32224150997,1.4172902792998412
2026-04-02T07:40:37.964,-28689.823802587413,-55096.77985223166,-29809.094898901356,0.50245866060307,-1.15321188620666,-0.62152879616463,68900.96718189446,1.4030895924940816
2026-04-02T07:44:37.964,-28568.2320054134,-55371.620257019094,-29957.217363719978,0.51078631838976,-1.13713869478788,-0.6128326120305,69134.61565655674,1.3890827493731877
2026-04-02T07:48:37.964,-28444.65586062411,-55642.61299621348,-30103.2581209144,0.51899533732287,-1.12114763614065,-0.60418103181502,69364.29180471838,1.3752683016021672
2026-04-02T07:52:37.964,-28319.123523620077,-55909.77751723818,-30247.227731951945,0.52708835180353,-1.10523651504852,-0.59557286451194,69590.01914528897,1.3616449323324038
2026-04-02T07:56:37.964,-28191.662528175468,-56173.13274668187,-30389.136475730575,0.53506790825757,-1.08940318611763,-0.58700694620813,69811.8205923571,1.348211453469733
2026-04-02T08:00:37.964,-28062.2998071224,-56432.697102027865,-30528.99435495716,0.54293646868613,-1.07364555188918,-0.57848213905663,70029.71847008278,1.334966803081006
2026-04-02T08:04:37.964,-27931.061712204668,-56688.48850293974,-30666.81110228431,0.55069641403869,-1.05796156102831,-0.56999733029141,70243.73452701746,1.321910042925715
2026-04-02T08:08:37.964,-27797.97403314223,-56940.524382120995,-30802.596186215535,0.55835004741859,-1.04234920658533,-0.5615514312815,70453.8899498759,1.3090403560989667
2026-04-02T08:12:37.964,-27663.062015945477,-57188.82169576578,-30936.358816787928,0.56589959713077,-1.02680652432594,-0.55314337662281,70660.20537678324,1.2963570447730706
2026-04-02T08:16:37.964,-27526.350380516116,-57433.396933616765,-31068.107951041216,0.57334721958053,-1.0113315911267,-0.54477212326537,70862.70091001944,1.2838595280242489
2026-04-02T08:20:37.964,-27387.86333756937,-57674.26612864547,-31197.85229828142,0.5806950020317,-0.99592252343263,-0.53643664967458,71061.39612828179,1.271547339731833
2026-04-02T08:24:37.964,-27247.624604910292,-57911.444866369515,-31325.600325147127,0.58794496523208,-0.98057747577387,-0.52813595502451,71256.3100984855,1.2594201265369938
2026-04-02T08:28:37.964,-27105.65742309518,-58144.948293820715,-31451.360260485828,0.59509906591334,-0.9652946393384,-0.51986905842185,71447.461387121,1.247477645848134
2026-04-02T08:32:37.964,-26961.98457050739,-58374.79112817702,-31575.14010004755,0.6021591991724,-0.95007224059813,-0.51163499815881,71634.86807118586,1.2357197638801698
2026-04-02T08:36:37.964,-26816.628377875197,-58600.9876650709,-31696.947611002506,0.60912720074048,-0.93490853998566,-0.50343283099375,71818.54774870827,1.2241464537147642
2026-04-02T08:40:37.964,-26669.610742257948,-58823.55178658596,-31816.79033628929,0.61600484914606,-0.91980183061935,-0.49526163145805,71998.51754887814,1.212757793368757
2026-04-02T08:44:37.964,-26520.95314052528,-59042.496968953164,-31934.675598799735,0.62279386777717,-0.90475043707417,-0.48712049118799,72174.79414180103,1.2015539638576278
2026-04-02T08:48:37.964,-26370.676642352922,-59257.83628995729,-32050.61050540629,0.62949592684852,-0.88975271419633,-0.47900851828035,72347.39374788961,1.1905352472412356
2026-04-02T08:52:37.964,-26218.80192275733,-59469.58243606396,-32164.601950837514,0.63611264527823,-0.87480704595935,-0.47092483667071,72516.33214690613,1.1797020246385639
2026-04-02T08:56:37.964,-26065.34927419026,-59677.74770927689,-32276.65662140692,0.64264559247896,-0.85991184435967,-0.46286858553324,72681.62468666922,1.1690547741984656
2026-04-02T09:00:37.964,-25910.338618213304,-59882.34403373467,-32386.780998600298,0.6490962900678,-0.84506554834994,-0.454838918701,72843.28629143754,1.1585940690133283
2026-04-02T09:04:37.964,-25753.78951677141,-60083.38296205582,-32494.981362526214,0.65546621349897,-0.83026662280803,-0.44683500410571,73001.33146998177,1.1483205749623573
2026-04-02T09:08:37.964,-25595.7211830834,-60280.87568144056,-32601.263795234347,0.66175679362329,-0.81551355754018,-0.4388560232361,73155.77432335669,1.1382350484715458
2026-04-02T09:12:37.964,-25436.152492166646,-60474.83301953724,-32705.63418390594,0.66796941817801,-0.80080486631656,-0.43090117061392,73306.62855238361,1.1283383341772093
2026-04-02T09:16:37.964,-25275.101991012205,-60665.26545008109,-32808.09822392054,0.6741054332105,-0.78613908593767,-0.42296965328678,73453.90746485369,1.1186313624802275
2026-04-02T09:20:37.964,-25112.587908425878,-60852.18309831238,-32908.661421802964,0.68016614443888,-0.77151477533021,-0.41506069033698,73597.62398246166,1.1091151469782956
2026-04-02T09:24:37.964,-24948.628164549955,-61035.59574618104,-33007.32909805418,0.68615281855286,-0.7569305146708,-0.40717351240554,73737.79064747914,1.0997907817637411
2026-04-02T09:28:37.964,-24783.240380079682,-61215.51283734417,-33104.10638986977,0.69206668445746,-0.74238490453642,-0.39930736123077,73874.41962917663,1.0906594385749255
2026-04-02T09:32:37.964,-24616.441885187807,-61391.943481962706,-33198.99825374928,0.69790893446237,-0.72787656508008,-0.3914614892006,74007.52273000212,1.0817223637894928
2026-04-02T09:36:37.964,-24448.24972816992,-61564.89646130317,-33292.00946799976,0.70368072541956,-0.71340413523062,-0.38363515891805,74137.1113915246,1.0729808752485872
2026-04-02T09:40:37.964,-24278.680683822775,-61734.38023215017,-33383.14463513642,0.70938317981149,-0.69896627191543,-0.37582764277916,74263.19670014993,1.0644363589016281
2026-04-02T09:44:37.964,-24107.751261567104,-61900.402931034936,-33472.408184183594,0.71501738679214,-0.68456164930487,-0.36803822256276,74385.78939261631,1.0560902652620276
2026-04-02T09:48:37.964,-23935.477713326054,-62062.97237828506,-33559.80437287844,0.72058440318317,-0.67018895807754,-0.36026618903158,74504.89986127606,1.0479441056655845
2026-04-02T09:52:37.964,-23761.87604116973,-62222.09608190029,-33645.33728978033,0.72608525442695,-0.65584690470502,-0.352510841544,74620.53815917055,1.0399994483236341
2026-04-02T09:56:37.964,-23586.96200473597,-62377.78124125887,-33729.0108562882,0.7315209354987,-0.64153421075549,-0.34477148767604,74732.71400490425,1.032257914165308
2026-04-02T10:01:29.758,-23362.578544570173,-62557.26503530204,-33821.413040201274,0.73843900673858,-0.62375671703697,-0.33508578823792,74853.92083908585,1.0230577179225164
2026-04-02T10:05:29.758,-23184.716573494094,-62705.25529162915,-33900.90838083992,0.74373364744307,-0.60949973964843,-0.32737773928258,74958.33317802458,1.0157784478656011
2026-04-02T10:09:29.758,-23005.59136832105,-62849.82693498648,-33978.55545904699,0.74896610570196,-0.59526807083574,-0.31968349042711,75059.31128812369,1.0087080041808547
2026-04-02T10:13:29.758,-22825.21774723885,-62990.9858924719,-34054.35750727681,0.75413725706255,-0.58106048793357,-0.31200237968283,75156.86351989339,1.0018481811408222
2026-04-02T10:17:29.758,-22643.610321476095,-63128.73779916211,-34128.3175998792,0.75924795075579,-0.56687577999601,-0.30433375144612,75250.99791168515,0.9952008003122887
2026-04-02T10:21:29.758,-22460.783501534268,-63263.08800085292,-34200.43865459271,0.76429901038971,-0.55271274719607,-0.29667695617281,75341.72219343684,0.988767705034747
2026-04-02T10:25:29.758,-22276.75150325705,-63394.04155665701,-34270.723433960455,0.76929123461271,-0.53857020023769,-0.28903135005921,75429.04379025381,0.9825507546956862
2026-04-02T10:29:29.758,-22091.528353743943,-63521.603241462006,-34339.17454667021,0.77422539774802,-0.52444695977974,-0.28139629472977,75512.96982582974,0.9765518188134901
2026-04-02T10:33:29.758,-21905.12789711495,-63645.777548251666,-34405.79444882032,0.77910225040031,-0.51034185587108,-0.27377115693075,75593.50712571136,0.9707727709407423
2026-04-02T10:37:29.758,-21717.56380013294,-63766.56869029273,-34470.58544511274,0.78392252003562,-0.49625372739626,-0.2661553082297,75670.66222041064,0.965215482404072
2026-04-02T10:41:29.758,-21528.84955768988,-63883.98060318995,-34533.54968997461,0.78868691153556,-0.48218142153093,-0.25854812472022,75744.44134836785,0.9598818158989321
2026-04-02T10:45:29.758,-21338.998498163106,-63998.01694681158,-34594.6891886096,0.7933961077268,-0.46812379320659,-0.25094898673184,75814.8504587689,0.9547736189610078
2026-04-02T10:49:29.758,-21148.02378864736,-64108.68110708735,-34654.00579798019,0.7980507698866,-0.45407970458389,-0.24335727854456,75881.89521421997,0.9498927173382278
2026-04-02T10:53:29.758,-20955.93844006827,-64215.976197681135,-34711.50122772198,0.80265153822547,-0.44004802453397,-0.23577238810778,75945.58099328246,0.945240908290584
2026-04-02T10:57:29.758,-20762.75531218271,-64319.905061539925,-34767.17704099099,0.80719903234745,-0.4260276281272,-0.22819370676325,76005.91289287098,0.9408199538470152
2026-04-02T11:01:29.758,-20568.48711847126,-64420.47027232101,-34821.03465524499,0.81169385168909,-0.41201739612882,-0.22062062897187,76062.8957305169,0.9366315740517116
2026-04-02T11:05:29.758,-20373.14643092781,-64517.67413569885,-34873.075342959666,0.81613657593753,-0.39801621450086,-0.21305255204382,76116.53404649999,0.9326774402337685
2026-04-02T11:09:29.758,-20176.745684751248,-64611.51869055313,-34923.30023228034,0.82052776542862,-0.38402297390986,-0.20548887587196,76166.83210585048,0.9289591683367893
2026-04-02T11:13:29.758,-19979.29718294398,-64702.005710039295,-34971.71030761015,0.82486796152546,-0.37003656923981,-0.19792900266801,76213.79390022358,0.9254783123461563
2026-04-02T11:17:29.758,-19780.81310082184,-64789.13670254276,-35018.30641013518,0.82915768697816,-0.35605589910986,-0.19037233670143,76257.4231496484,0.9222363578535959
2026-04-02T11:21:29.758,-19581.305490439863,-64872.9129125179,-35063.089238287175,0.83339744626523,-0.34207986539614,-0.1828182840405,76297.72330415339,0.9192347157991593
2026-04-02T11:25:29.758,-19380.7862849383,-64953.33532121274,-35106.05934814446,0.83758772591722,-0.32810737275741,-0.17526625229551,76334.69754526965,0.9164747164317537
2026-04-02T11:29:29.758,-19179.26730281303,-65030.40464728016,-35147.21715377132,0.84172899482294,-0.31413732816387,-0.16771565036372,76368.34878741392,0.9139576035290136
2026-04-02T11:33:29.758,-18976.760252114527,-65104.12134727639,-35186.562927496474,0.84582170451892,-0.30016864042871,-0.16016588817583,76398.67967915279,0.9116845289173574
2026-04-02T11:37:29.758,-18773.276734579296,-65174.485616047365,-35224.09680013077,0.84986628946239,-0.28620021974186,-0.15261637644368,76425.692604349,0.9096565473318261
2026-04-02T11:41:29.758,-18568.828249697788,-65241.497387003335,-35259.818761124494,0.85386316728814,-0.27223097720562,-0.14506652640896,76449.38968319162,0.9078746116540668
2026-04-02T11:45:29.758,-18363.42619872251,-65305.15633228227,-35293.72865866447,0.85781273904978,-0.25825982437148,-0.13751574959265,76469.77277311074,0.9063395685649513
2026-04-02T11:49:29.758,-18157.081888620112,-65365.46186280215,-35325.826199711046,0.86171538944558,-0.24428567277779,-0.12996345754493,76486.84346957775,0.9050521546457297
2026-04-02T11:53:29.758,-17949.806535971078,-65422.41312820241,-35356.11094997514,0.86557148702922,-0.23030743348785,-0.12240906159531,76500.60310679213,0.9040129929588291
2026-04-02T11:57:29.758,-17741.611270820606,-65476.00901667444,-35384.582333835286,0.86938138440586,-0.21632401662775,-0.11485197260278,76511.05275825519,0.9032225901360985
2026-04-02T12:01:29.758,-17532.507140484187,-65526.24815468119,-35411.239634194695,0.87314541841356,-0.20233433092376,-0.1072916007056,76518.19323723183,0.9026813339982867
2026-04-02T12:05:29.758,-17322.505113311374,-65573.12890656556,-35436.08199227821,0.87686391029049,-0.18833728323859,-0.0997273550706,76522.02509710015,0.9023894917257177
2026-04-02T12:07:50.084,-17199.30705310744,-65598.98307830842,-35449.76589565346,0.87901710552655,-0.18014947831728,-0.09530257280843,76522.73287116646,0.9023344650018462
2026-04-02T12:12:15.296,-16964.318297640002,-65644.96247915064,-35473.14458749462,0.88849731438016,-0.16571140023905,-0.08370136336871,76520.54090973244,0.9076858840258145
2026-04-02T12:15:56.995,-16766.97002804973,-65680.26488230373,-35490.925299428156,0.89182173624281,-0.15275834998451,-0.07670183403259,76515.58179574071,0.9080552263321285
2026-04-02T12:19:38.694,-16568.888971841097,-65712.6945226288,-35507.153664941965,0.89510798944411,-0.13979538230747,-0.06969720082458,76507.80525261018,0.9086356593728591
2026-04-02T12:23:20.393,-16370.083569018207,-65742.24910501063,-35521.8285004193,0.89835627021236,-0.12682162674797,-0.06268699352886,76497.21075604725,0.9094269472577506
2026-04-02T12:27:02.093,-16170.56221729034,-65768.92614099107,-35534.94851780913,0.90156676387998,-0.11383620952002,-0.05567074020601,76483.79759351481,0.910428769122544
2026-04-02T12:30:43.792,-15970.333274481782,-65792.72294799594,-35546.51232422474,0.90473964493436,-0.10083825318923,-0.04864796701903,76467.56486397375,0.9116407204141835
2026-04-02T12:34:25.491,-15769.405060931276,-65813.63664849021,-35556.51842150367,0.90787507706039,-0.08782687634738,-0.04161819805775,76448.51147755558,0.9130623145031893
2026-04-02T12:38:07.190,-15567.785861883001,-65831.66416906062,-35564.965205728404,0.91097321317461,-0.07480119328383,-0.03458095516154,76426.63615516579,0.9146929846119094
2026-04-02T12:41:48.889,-15365.483929870858,-65846.8022394251,-35571.850966707665,0.91403419545124,-0.06176031365336,-0.02753575774019,76401.93742801776,0.9165320860455914
2026-04-02T12:45:30.588,-15162.516812,-65859.141377,-35577.171828,0.917055391,-0.048720147,-0.020488759,76374.49557456268,0.9185771781027572
2026-04-02T12:47:28.738,-15054.07267027699,-65864.48621776419,-35579.370312456274,0.91865185846199,-0.04175485382938,-0.01672607951341,76358.67495263995,0.9197523941854515
2026-04-02T12:49:26.887,-14945.440524846597,-65869.00782011556,-35581.12408449528,0.92023786255856,-0.03478459810921,-0.01296079198073,76342.05115664905,0.9209862507555333
2026-04-02T12:51:25.037,-14836.621610987608,-65872.70558961673,-35582.43283159967,0.92181341945808,-0.02780924240651,-0.00919282225484,76324.62386896675,0.9222786142143986
2026-04-02T12:53:23.186,-14727.617162119604,-65875.57891556415,-35583.29623247658,0.92337854446402,-0.02082864880218,-0.00542209593217,76306.39275645824,0.9236293456315224
2026-04-02T12:55:21.336,-14618.428409905193,-65877.62717092969,-35583.71395702685,0.92493325201442,-0.01384267887581,-0.00164853834448,76287.35747044226,0.925038300893051
2026-04-02T12:57:19.486,-14509.056584352298,-65878.8497123005,-35583.68566631322,0.926477555681,-0.00685119369032,0.00212792544942,76267.51764665477,0.9265053308547885
2026-04-02T12:59:17.635,-14399.502913916574,-65879.24587981717,-35583.21101252767,0.92801146816816,0.00014594622344,0.00590737067191,76246.87290521081,0.9280302814995744
2026-04-02T13:01:15.785,-14289.768625603954,-65878.8149971098,-35582.28963895763,0.9295350013118,0.00714888088228,0.009689872835,76225.42285056466,0.9296129940987031
2026-04-02T13:03:13.934,-14179.854945073339,-65877.55637123245,-35580.92117995131,0.93104816607786,0.01415775086639,0.01347550774877,76203.16707146847,0.9312533053770217
2026-04-02T13:05:12.084,-14069.76309673948,-65875.46929259565,-35579.105260881945,0.93255097256074,0.02117269733515,0.0172643515299,76180.10514092904,0.9329510476815897
2026-04-02T13:09:12.084,-13845.587510178038,-65868.67610023251,-35574.03730668588,0.93557180408763,0.03544161483547,0.02497091306321,76130.77508469763,0.9365758138907596
2026-04-02T13:13:12.084,-13620.692041765042,-65858.45516911654,-35567.11808653126,0.93854999776973,0.04973738717769,0.03269167579481,76078.11287052535,0.9404353521976387
2026-04-02T13:17:12.084,-13395.086918142591,-65844.79990947006,-35558.34411417462,0.94148560477389,0.06406122136927,0.04042729035262,76022.11431422307,0.9445281096320188
2026-04-02T13:21:12.084,-13168.782355480476,-65827.70344045882,-35547.711746492445,0.94437866118547,0.07841433597147,0.04817841349478,75962.77495841449,0.948852477108629
2026-04-02T13:25:12.084,-12941.788563108605,-65807.15858734853,-35535.217181972,0.94722918789858,0.09279796168892,0.05594570842666,75900.0900705827,0.9534067958599742
2026-04-02T13:29:12.084,-12714.115747177591,-65783.15787851853,-35520.85645912531,0.95003719049112,0.10721334197183,0.06372984512451,75834.05464098901,0.9581893639425473
2026-04-02T13:33:12.084,-12485.774114351178,-65755.6935423292,-35504.62545482456,0.95280265908442,0.12166173363171,0.07153150066628,75764.66338046182,0.963198442781229
2026-04-02T13:37:12.084,-12256.773875534234,-65724.75750383997,-35486.519882557295,0.95552556818706,0.1361444074712,0.07935135957006,75691.91071805284,0.9684322637182763
2026-04-02T13:41:12.084,-12027.125249640168,-65690.34138137435,-35466.53529059932,0.95820587652254,0.15066264892893,0.08719011414039,75615.79079855849,0.9738890345354677
2026-04-02T13:45:12.084,-11796.83846740169,-65652.43648292839,-35444.6670601036,0.96084352684029,0.16521775874021,0.09504846482304,75536.29747990372,0.979566945920105
2026-04-02T13:49:12.084,-11565.923775228963,-65611.03380241847,-35420.9104031029,0.96343844570966,0.17981105361427,0.10292712056861,75453.4243303851,0.9854641778481167
2026-04-02T13:53:12.084,-11334.391439119283,-65566.12401576462,-35395.26036042405,0.96599054329639,0.19444386692908,0.11082679920553,75367.16462577065,0.9915789058600084
2026-04-02T13:57:12.084,-11102.251748622595,-65517.69747680475,-35367.711799511555,0.96849971312091,0.20911754944468,0.1187482278228,75277.51134625274,0.9979093072078689
2026-04-02T14:01:12.084,-10869.515020867213,-65465.744213035454,-35338.25941215808,0.97096583179806,0.22383347003573,0.12669214316311,75184.45717325105,1.0044535668545342
2026-04-02T14:05:12.084,-10636.191604650317,-65410.253921174546,-35306.89771213931,0.97338875875756,0.23859301644467,0.13465929202681,75087.9944860617,1.01120988330856
2026-04-02T14:09:12.084,-10402.291884597917,-65351.21596254031,-35273.621032750525,0.97576833594449,0.25339759605612,0.14265043168734,74988.11535834898,1.0181764742810964
2026-04-02T14:13:12.084,-10167.826285399156,-65288.61935824218,-35238.42352424197,0.97810438749921,0.26824863669396,0.1506663303186,74884.81155447572,1.0253515821536758
2026-04-02T14:17:12.084,-9932.805276119985,-65222.45278417733,-35201.299151150226,0.98039671941591,0.28314758744193,0.15870776743503,74778.0745256678,1.032733479248095
2026-04-02T14:21:12.084,-9697.239374601431,-65152.70456582737,-35162.24168952238,0.98264511917892,0.29809591948919,0.16677553434479,74667.89540600893,1.0403204728920072
2026-04-02T14:25:12.084,-9461.139151947895,-65079.36267284895,-35121.24472402971,0.98484935537606,0.3130951270019,0.17487043461701,74554.26500826034,1.0481109102762545
2026-04-02T14:29:12.084,-9224.515237111098,-65002.41471345199,-35078.30164496758,0.98700917728801,0.32814672802219,0.18299328456354,74437.17381950116,1.0561031831018104
2026-04-02T14:33:12.084,-8987.378321575563,-64921.84792855871,-35033.405645137806,0.9891243144527,0.34325226539591,0.19114491373609,74316.61199658393,1.0642957320163062
2026-04-02T14:37:12.084,-8749.739164151713,-64837.6491857364,-34986.54971660988,0.99119447620385,0.35841330773052,0.19932616543938,74192.56936139986,1.0726870508420077
2026-04-02T14:41:12.084,-8511.60859588298,-64749.80497289654,-34937.72664735695,0.9932193511823,0.37363145038473,0.20753789726135,74065.03539594836,1.0812756905984933
2026-04-02T14:45:12.084,-8272.997525073532,-64658.30139175242,-34886.92901776247,0.99519860681915,0.38890831649127,0.21578098162093,73933.99923720455,1.0900602633249883
2026-04-02T14:49:12.084,-8033.916942443576,-64563.12415102717,-34834.149196993196,0.99713188878935,0.4042455580147,0.22405630633452,73799.4496717788,1.0990394457086157
2026-04-02T14:53:12.084,-7794.377926419482,-64464.25855940357,-34779.37933923382,0.99901882043444,0.41964485684574,0.23236477520205,73661.37513036134,1.108211982525907
2026-04-02T14:57:12.084,-7554.391648566285,-64361.68951820657,-34722.6113797786,1.00085900215295,0.43510792593418,0.2407073086135,73519.76368194527,1.1175766899060204
2026-04-02T15:01:12.084,-7313.969379170528,-64255.40151380919,-34663.83703097481,1.00265201075699,0.45063651046208,0.24908484417698,73374.60302782059,1.1271324584249829
2026-04-02T15:05:12.084,-7073.122492981731,-64145.37860975175,-34603.04777801277,1.00439739879344,0.46623238905947,0.25749833736946,73225.8804953314,1.1368782560411497
2026-04-02T15:09:12.084,-6831.862475121223,-64031.604438564056,-34540.23487455684,1.00609469382784,0.48189737506449,0.26594876221123,73073.5830313887,1.1468131308823883
2026-04-02T15:13:12.084,-6590.200927167455,-63914.06219327956,-34475.38933821163,1.0077433976894,0.4976333178304,0.27443711196541,72917.69719572968,1.1569362138965928
2026-04-02T15:17:12.084,-6348.149573427418,-63792.73461863002,-34408.501945817174,1.00934298567491,0.51344210408171,0.28296439986355,72758.20915391519,1.167246721376905
2026-04-02T15:21:12.084,-6105.72026740423,-63667.60400190852,-34339.56322856668,1.0108929057096,0.52932565932193,0.29153165985889,72595.10467005579,1.1777439573738742
2026-04-02T15:25:12.084,-5862.924998471515,-63538.65216348816,-34268.56346694006,1.01239257746273,0.54528594929564,0.30013994740852,72428.36909925654,1.1884273160068588
2026-04-02T15:29:12.084,-5619.775898765716,-63405.860446983104,-34195.49268544611,1.01384139141542,0.5613249815076,0.30879034028607,72257.98737977029,1.1992962836870835
2026-04-02T15:33:12.084,-5376.2852503081,-63269.20970903786,-34120.34064716583,1.01523870787829,0.57744480680184,0.31748393942627,72083.94402484875,1.2103504412650155
2026-04-02T15:37:12.084,-5132.465492368834,-63128.68030873008,-34043.09684808908,1.01658385595612,0.59364752100389,0.32622186980332,71906.22311427971,1.221589466114804
2026-04-02T15:41:12.084,-4888.329229086166,-62984.25209657135,-33963.75051123617,1.01787613245675,0.60993526662933,0.33500528134457,71724.80828559867,1.2330131341685122
2026-04-02T15:45:12.084,-4643.889237354499,-62835.90440308957,-33882.29058055574,1.01911480074101,0.62631023466228,0.34383534988156,71539.68272496213,1.2446213219129276
2026-04-02T15:49:12.084,-4399.15847499586,-62683.61602697579,-33798.70571458975,1.02029908951041,0.64277466640736,0.35271327814018,71350.82915766926,1.2564140083615976
2026-04-02T15:53:12.084,-4154.150089230147,-62527.36522277737,-33712.9842798959,1.02142819152921,0.6593308554191,0.36164029677226,71158.22983831841,1.2683912770150396
2026-04-02T15:57:12.084,-3908.87742546034,-62367.12968811832,-33625.114344217276,1.02250126227688,0.6759811495129,0.37061766543057,70961.86654058311,1.2805533178215582
2026-04-02T16:01:12.084,-3663.354036389856,-62202.886550426854,-33535.08366938859,1.0235174185271,0.69272795286195,0.37964667388968,70761.72054659286,1.2929004291515198
2026-04-02T16:05:12.084,-3417.593691490197,-62034.61235314887,-33442.87970396759,1.02447573684897,0.70957372818468,0.3887286432152,70557.7726359018,1.305433019797675
2026-04-02T16:09:12.084,-3171.610386838109,-61862.283041425115,-33348.489575579915,1.02537525202571,0.72652099902772,0.39786492698383,70350.00307402876,1.3181516110140263
2026-04-02T16:13:12.084,-2925.418355342624,-61685.87394720843,-33251.90008296459,1.02621495538605,0.7435723521496,0.40705691255727,70138.39160055015,1.3310568386060524
2026-04-02T16:17:12.084,-2679.032077383577,-61505.35977379627,-33153.097687707195,1.02699379304299,0.76073044001076,0.41630602241269,69922.917416727,1.344149455084838
2026-04-02T16:21:12.084,-2432.466291884508,-61320.714579752326,-33052.0685056465,1.02771066403424,0.77799798337565,0.42561371553314,69703.55917264592,1.357430331897811
2026-04-02T16:25:12.084,-2185.736007844256,-61131.91176218947,-32948.798297939946,1.02836441835823,0.79537777403348,0.43498148886109,69480.29495385318,1.3709004617489646
2026-04-02T16:29:12.084,-1938.856516353082,-60938.92403938493,-32843.27246177231,1.02895385489926,0.81287267764391,0.44441087881867,69253.10226745906,1.3845609610213665
2026-04-02T16:33:12.084,-1691.843403120759,-60741.723432696715,-32735.476020691138,1.02947771923479,0.83048563671526,0.45390346289855,69021.9580276896,1.3984130723153696
2026-04-02T16:37:12.084,-1444.71256154581,-60540.28124774865,-32625.39361455152,1.02993470131717,0.84821967372237,0.46346086132928,68786.83854086052,1.4124581671154193
2026-04-02T16:41:12.084,-1197.480206356979,-60334.56805484956,-32513.00948905178,1.03032343302204,0.86607789437257,0.47308473881957,68547.71948974715,1.426697748599586
2026-04-02T16:45:12.084,-950.162887859975,-60124.55366860999,-32398.3074848406,1.0306424855544,0.88406349102811,0.48277680638607,68304.57591732276,1.4411334546053998
2026-04-02T16:49:12.084,-702.777506824747,-59910.20712671783,-32281.27102617504,1.0308903667032,0.90217974629446,0.49253882326943,68057.38220983598,1.4557670607666011
2026-04-02T16:53:12.084,-455.341330050844,-59691.49666783194,-32161.883109107523,1.03106551793427,0.92043003678415,0.50237259894401,67806.11207919638,1.47060048383553
2026-04-02T16:57:12.084,-207.872006650947,-59468.389708550225,-32040.12628917871,1.03116631131079,0.93881783706672,0.51227999522683,67550.73854463527,1.4856357852066355
2026-04-02T17:01:12.084,39.612414904655,-59240.8528194064,-31915.98266859174,1.03119104622957,0.95734672381606,0.52226292849159,67291.23391360746,1.5008751746571032
2026-04-02T17:05:12.084,287.093468936936,-59008.851699846426,-31789.43388284187,1.03113794596044,0.97602038016696,0.53232337199434,67027.56976189686,1.516321014321241
2026-04-02T17:09:12.084,534.552253851491,-58772.35115213304,-31660.46108677384,1.03100515397528,0.99484260029401,0.54246335831746,66759.7169128873,1.5319758229164047
2026-04-02T17:13:12.084,781.96941252414,-58531.315054123246,-31529.0449400378,1.03079073005178,1.01381729422636,0.55268498193944,66487.64541595739,1.5478422802387
2026-04-02T17:17:12.084,1029.325111722818,-58285.7063308606,-31395.165591912573,1.03049264613601,1.0329484929132,0.56299040193819,66211.32452395555,1.5639232319479661
2026-04-02T17:21:12.084,1276.599020505845,-58035.48692491999,-31258.802665463303,1.03010878194664,1.05224035355586,0.57338184483641,65930.72266970908,1.5802216946627952
2026-04-02T17:25:12.084,1523.770287532343,-57780.61776543912,-31119.935240998246,1.02963692030206,1.07169716522336,0.58386160759787,65645.80744151807,1.59674086138724
2026-04-02T17:29:12.084,1770.817517215896,-57521.05873576641,-30978.541838787383,1.0290747421501,1.09132335476984,0.59443206078458,65356.54555758183,1.6134841072926611
2026-04-02T17:33:12.084,2017.718744647482,-57256.76863965054,-30834.600401002983,1.02841982127847,1.11112349307328,0.60509565188504,65062.9028393024,1.6304549958793677
2026-04-02T17:37:12.084,2264.451409208233,-56987.705165892046,-30688.08827283973,1.027669618682,1.13110230161676,0.61585490882484,64764.84418340638,1.647657285544658
2026-04-02T17:41:12.084,2510.992326786574,-56713.82485137209,-30538.98218276923,1.02682147656077,1.1512646594349,0.6267124436718,64462.333532822006,1.6650949365856818
2026-04-02T17:45:12.084,2757.317660507828,-56435.08304236778,-30387.258221880653,1.02587261192098,1.17161561044988,0.63767095654846,64155.333846245,1.6827721186675415
2026-04-02T17:49:12.084,3003.402889877309,-56151.43385405755,-30232.891822256108,1.02482010974779,1.19216037122342,0.64873323976605,63843.80706632213,1.7006932187894412
2026-04-02T17:53:12.084,3249.222778230227,-55862.830128113244,-30075.85773432578,1.02366091571677,1.21290433915315,0.65990218219499,63527.71408637659,1.7188628497842244
2026-04-02T17:57:12.084,3494.751338373373,-55569.2233882688,-29916.13000314415,1.02239182840756,1.23385310114405,0.67118077388823,63207.0147155947,1.7372858593894518
2026-04-02T18:01:12.084,3739.961796294371,-55270.56379374743,-29753.681943524538,1.02100949097977,1.25501244278803,0.68257211097504,62881.66764258772,1.7559673399310336
2026-04-02T18:05:12.084,3984.826552804344,-54966.80009042116,-29588.48611396477,1.01951038226789,1.27638835808751,0.69407940084429,62551.630397237,1.7749126386641447
2026-04-02T18:09:12.084,4229.317142968901,-54657.87955956762,-29420.514289292107,1.01789080724745,1.29798705976182,0.7057059676377,62216.85931072422,1.794127368819578
2026-04-02T18:13:12.084,4473.404193170422,-54343.747964079215,-29249.737431950354,1.01614688682062,1.31981499017828,0.71745525807559,61877.30947364208,1.813617421408066
2026-04-02T18:17:12.084,4717.05737563155,-54024.34949196928,-29076.125661846523,1.01427454686403,1.34187883295357,0.72933084763899,61532.93469207309,1.8333889778393662
2026-04-02T18:18:56.675,4822.184516,-53884.688461,-28997.683945,1.013448082,1.351570948,0.734497796,61381.420545792906,1.842093389249295
2026-04-02T18:22:56.675,5065.167128110669,-53557.6266048626,-28819.959631590486,1.01138420439314,1.37398611499715,0.74656041441298,61030.036529139354,1.8622804046301369
2026-04-02T18:26:56.675,5307.637796372097,-53225.15486379717,-28639.32410025835,1.00918109711003,1.39665456660766,0.75875861071963,60673.70941497073,1.8827652786609959
2026-04-02T18:30:56.675,5549.562529896478,-52887.211542013814,-28455.744327029668,1.00683392101881,1.41958391425037,0.77109645508984,60312.38823134291,1.9035552992137188
2026-04-02T18:34:56.675,5790.906146206491,-52543.73308103609,-28269.186291913556,1.00433758273353,1.44278207151339,0.78357817888988,59946.02049921455,1.9246581120822162
2026-04-02T18:38:56.675,6031.63220829093,-52194.65398525384,-28079.614939189152,1.0016867183838,1.46625727038105,0.79620818332292,59574.55217514944,1.9460817392705216
2026-04-02T18:42:56.675,6271.702957615186,-51839.90674345435,-27886.99413555129,0.99887567611716,1.49001807853437,0.80899104863995,59197.927591047264,1.9678345986076513
2026-04-02T18:46:56.675,6511.079242768704,-51479.421746064094,-27691.286625972643,0.99589849721769,1.51407341781016,0.82193154396628,58816.08939071452,1.9899255247990024
2026-04-02T18:50:56.675,6749.720443402089,-51113.127197812086,-27492.45398712874,0.99274889571196,1.5384325839118,0.83503463779287,58428.97846307249,2.012363792034811
2026-04-02T18:54:56.675,6987.584389073989,-50740.94902550237,-27290.456578219946,0.98942023631941,1.56310526747319,0.84830550918639,58036.53387178432,2.0351591382879057
2026-04-02T18:58:56.675,7224.627272591737,-50362.810780557724,-27085.253489010942,0.98590551058887,1.58810157658725,0.86174955977689,57638.692781066056,2.058321791446632
2026-04-02T19:02:56.675,7460.803557389658,-49978.633535968766,-26876.802484893466,0.98219731104504,1.61343206092074,0.87537242658767,57235.39037742815,2.0818624974433444
2026-04-02T19:04:19.597,7542.194446550432,-49844.478643735,-26804.018089191082,0.98086971523457,1.62226361847145,0.88012186703118,57094.76450657287,2.0900859185466225
2026-04-02T19:08:19.597,7777.129627619481,-49452.046761337355,-26591.127902338343,0.97688875036106,1.64806121186114,0.89399466811914,56684.00794976313,2.1141532241653285
2026-04-02T19:12:19.597,8011.084041852025,-49053.38039927243,-26374.885205937095,0.97269520784665,1.67421960771096,0.90806051067593,56267.62982166301,2.1386259965830186
2026-04-02T19:16:19.597,8244.00560578416,-48648.3915089007,-26155.242892285536,0.96828012733141,1.70075103168864,0.92232592492591,55845.55806495209,2.163516948989617
2026-04-02T19:20:19.597,8475.84002146591,-48236.98903989837,-25932.15225045095,0.96363400867581,1.72766827781861,0.93679774390942,55417.718250080696,2.188839462786413
2026-04-02T19:24:19.597,8706.530642133499,-47819.07879967758,-25705.562891374964,0.95874677153774,1.75498474369702,0.9514831222018,54984.03347004126,2.2146076298925323
2026-04-02T19:28:19.597,8936.01832774468,-47394.56330403611,-25475.422668317155,0.95360771125847,1.7827144684034,0.96638955606211,54544.42422891164,2.2408362985484587
2026-04-02T19:32:19.597,9164.241289444377,-46963.34161836029,-25241.677592278487,0.94820545065892,1.81087217335523,0.98152490514184,54098.80832371913,2.267541122957923
2026-04-02T19:36:19.597,9391.134921926401,-46525.309188642655,-25004.271742013203,0.94252788729806,1.83947330637848,0.99689741589788,53647.10071913544,2.294738617149542
2026-04-02T19:40:19.597,9616.631622542724,-46080.357661506896,-24763.147168201307,0.93656213568815,1.86853408929606,1.01251574686916,53189.21341447045,2.32244621348358
2026-04-02T19:44:19.597,9840.66059588288,-45628.37469235624,-24518.243791313478,0.93029446389627,1.89807156936919,1.02838899599409,52725.05530238636,2.3506823262800527
2026-04-02T19:48:19.597,10063.147642400374,-45169.24374067678,-24269.49929265551,0.92371022388669,1.92810367496373,1.04452673016504,52254.532018702674,2.3794664211017373
2026-04-02T19:52:19.597,10284.014929497946,-44702.843851432975,-24016.848998029607,0.91679377487266,1.95864927585491,1.06093901723813,51777.5457826063,2.4088190902910154
2026-04-02T19:56:19.597,10503.180743296407,-44229.04942138787,-23760.22575339469,0.90952839884685,1.98972824863113,1.07763646074133,51293.99522651948,2.4387621354344335
2026-04-02T20:00:19.597,10720.559219098954,-43747.729949063745,-23499.559791846208,0.90189620734515,2.02136154770992,1.09463023755128,50803.77521481028,2.469318657513724
2026-04-02T20:04:19.597,10936.060048320434,-43258.749766928835,-23234.778591167364,0.89387803836582,2.05357128253921,1.11193213884113,50306.7766504554,2.5005131556003204
2026-04-02T20:08:19.597,11149.588159374376,-42761.96775425014,-22965.806721127003,0.88545334221218,2.08638080162456,1.12955461463665,49802.88626868278,2.5323716350625185
2026-04-02T20:12:19.597,11361.043369693944,-42257.23702888973,-22692.565679613723,0.87660005484781,2.11981478409951,1.14751082235829,49291.98641653041,2.5649217263837576
2026-04-02T20:16:19.597,11570.320005699981,-41744.40461613953,-22414.973716599736,0.86729445714453,2.15389933964302,1.16581467977225,48773.95481715759,2.5981928158396435
2026-04-02T20:20:19.597,11777.306487111991,-41223.31109248504,-22132.945644820502,0.8575110181592,2.18866211764669,1.1844809228252,48248.66431763421,2.6322161894538523
2026-04-02T20:24:19.597,11981.88487151714,-40693.790201958676,-21846.39263593528,0.84722222028901,2.22413242664674,1.20352516889614,47715.98261881198,2.66702519185317
2026-04-02T20:28:19.597,12183.93035455702,-40155.66844248486,-21555.2220007979,0.83639836381856,2.26034136516316,1.22296398606534,47175.77198574658,2.702655401874025
2026-04-02T20:32:19.597,12383.310720448708,-39608.7646193275,-21259.33695231413,0.82500734797473,2.29732196523457,1.24281496907667,46627.88893699241,2.739144827044121
2026-04-02T20:36:19.597,12579.88573680986,-39052.88936242204,-20958.636349189568,0.81301442513625,2.33510935010333,1.26309682275594,46072.18391092763,2.7765341193790096
2026-04-02T20:40:19.597,12773.506486887793,-38487.84460400261,-20653.01441867728,0.80038192428742,2.37374090769567,1.28382945374721,45508.50090708888,2.8148668153045455
2026-04-02T20:44:19.597,12964.014631276867,-37913.4230125147,-20342.360456214356,0.78706893914287,2.41325648175888,1.30503407154162,44936.677100297406,2.854189602951988
2026-04-02T20:48:19.597,13151.241590018624,-37329.40737832768,-20026.558499587416,0.77303097557787,2.4536985827667,1.32673329990273,44356.54242514375,2.8945526205866376
2026-04-02T20:52:19.597,13335.007634581101,-36735.56994622137,-19705.486974984935,0.75821955205008,2.4951126209886,1.34895129994,43767.91912816235,2.9360097905384173
2026-04-02T20:56:19.597,13515.120877565558,-36131.671689007526,-19379.018311973956,0.74258174555671,2.53754716444582,1.3717139062505,43170.62128477257,2.978619193724179
2026-04-02T21:00:19.597,13691.376146039256,-35517.461515950024,-19047.018524075345,0.72605967429289,2.5810542248505,1.39504877774254,42564.45427778668,3.022443490709771
2026-04-02T21:04:19.597,13863.553722078792,-34892.67540885371,-18709.346751198595,0.70858990650644,2.62568957505303,1.41898556497465,41949.21423398983,3.0675503962855104
2026-04-02T21:08:19.597,14031.417931351301,-34257.035477788806,-18365.854759727612,0.69010278301074,2.6715131020125,1.44355609609519,41324.687414984,3.114013215758277
2026-04-02T21:12:14.885,14191.668488,-33623.038477,-18023.433146,0.67093241,2.717654526,1.468260331,40703.27153027685,3.1609468235111016
2026-04-02T21:16:14.885,14350.228409811112,-32965.02400251805,-17667.953641662316,0.65019664365175,2.76602555365293,1.49418942304853,40059.68607945237,3.2103356632643725
2026-04-02T21:20:14.885,14503.661290212785,-32295.23461706191,-17306.162737038794,0.62819070631471,2.81579170739033,1.52086219381747,39406.11168934536,3.2613384239437053
2026-04-02T21:24:14.885,14651.650089660921,-31613.32593993325,-16937.87687997519,0.60481114585915,2.86703361823187,1.54832143844701,38742.2882718034,3.3140575684471454
2026-04-02T21:28:14.885,14793.851586928671,-30918.933461986606,-16562.90183728634,0.5799429813056,2.91983850008626,1.57661342693594,38067.94200471586,3.3686051454788073
2026-04-02T21:32:14.885,14929.893420378636,-30211.670884997027,-16181.031818482163,0.55345806092717,2.97430083570537,1.60578826351134,37382.78435213159,3.4251039741464333
2026-04-02T21:36:14.885,15059.370701776223,-29491.128286543517,-15792.048508142458,0.52521313302426,3.03052314647926,1.63590028938684,36686.51100377914,3.483689012134071
2026-04-02T21:40:14.885,15181.84212673668,-28756.870089006115,-15395.719995880503,0.49504756930441,3.08861685693402,1.66700853438931,35978.80072860525,3.5445089418053364
2026-04-02T21:44:14.885,15296.825489790814,-28008.432808529655,-14991.799591456444,0.46278066610618,3.14870326593848,1.69917722345909,35259.31413747902,3.607728016158573
2026-04-02T21:48:14.885,15403.79249194647,-27245.322556796364,-14580.024511103942,0.42820842987406,3.21091463767774,1.73247634447888,34527.69235125937,3.6735282160407157
2026-04-02T21:52:14.885,15502.162703370264,-26467.01226521242,-14160.114419546038,0.39109972899558,3.27539542625056,1.7669822841665,33783.55557225001,3.7421117819864445
2026-04-02T21:56:14.885,15591.296511900535,-25672.938597740776,-13731.769810556818,0.35119166255038,3.342303648022,1.80277853871835,33026.501560042496,3.8137041992123013
2026-04-02T22:00:14.885,15670.486847503453,-24862.498515279316,-13294.67020738139,0.30818395522359,3.41181241516586,1.83995650525907,32256.10401742714,3.8885577336311115
2026-04-02T22:04:14.885,15738.949420776025,-24035.04545150239,-12848.472163043112,0.26173213318936,3.48411164144039,1.8786163585264,31471.910899245144,3.9669556415578047
2026-04-02T22:08:14.885,15795.81114648699,-23189.8850579917,-12392.807039856205,0.21143916341408,3.55940992597912,1.91886801393568,30673.442667973526,4.049217207793303
2026-04-02T22:12:30.934,15842.724962479637,-22267.842522917766,-11895.7436253287,0.1531028660043,3.64333391695491,1.96365503869405,29805.326055283953,4.141649867987547
2026-04-02T22:16:30.934,15872.400065411972,-21383.64514163685,-11419.23244824245,0.09332735371842,3.72558310424076,2.00759229346718,28975.71799087872,4.233096535438935
2026-04-02T22:20:30.934,15887.081624865064,-20479.260500140757,-10931.939288972717,0.02804223902348,3.81160987503729,2.05353046656055,28130.175431474578,4.329681695430234
2026-04-02T22:24:30.934,15885.360138919243,-19553.74571449806,-10433.364930223643,-0.04350001536305,3.90172122967104,2.10163032287574,27268.090178405168,4.431948873738625
2026-04-02T22:28:30.934,15865.630533677258,-18606.080684428292,-9922.969765962609,-0.12218655150749,3.99625395015841,2.15206780840431,26388.819595480505,4.540525414475303
2026-04-02T22:32:30.934,15826.054798746016,-17635.160748219994,-9400.170075468872,-0.20907770292388,4.09557611093733,2.2050346561072,25491.68693037421,4.656139495437638
2026-04-02T22:36:30.934,15764.515425078895,-16639.789099873648,-8864.334226275709,-0.30545054880627,4.20008742066525,2.26073830003568,24575.9831777072,4.779641413353594
2026-04-02T22:40:30.934,15678.55685315464,-15618.669361225506,-8314.779034989402,-0.41285596638197,4.31021736975651,2.3194005231436,23640.971384729222,4.912030395904194
2026-04-02T22:44:30.934,15565.311129037642,-14570.3990264213,-7750.766696209953,-0.53319416136771,4.42641944032241,2.38125386816485,22685.89479636982,5.05448860519349
2026-04-02T22:48:30.934,15421.402532786291,-13493.46504898676,-7171.502996707863,-0.66881577350941,4.54915840288655,2.44653416339441,21709.99102575228,5.208424533974193
2026-04-02T22:52:30.934,15242.823890941605,-12386.243789286395,-6576.138055586324,-0.82265876709359,4.67888557975757,2.51546633954361,20712.5157116181,5.375528682921914
2026-04-02T22:56:30.934,15024.774319085434,-11247.009180439858,-5963.771733960695,-0.99843590749232,4.81599316283229,2.58823864030042,19692.78121899332,5.5578452357871155
2026-04-02T23:00:30.934,14761.443829927894,-10073.955847856982,-5333.467435891883,-1.20089436927074,4.96073184746073,2.66495660552879,18650.21944263411,5.757864313954337
2026-04-02T23:04:30.934,14445.723971827712,-8865.249044440076,-4684.280826280561,-1.43617875387698,5.11306351805794,2.74556138821706,17584.48374418889,5.9786399196849995
2026-04-02T23:08:30.934,14068.814624310455,-7619.122564115484,-4015.315064465563,-1.71234218065988,5.27239727556089,2.82968423206552,16495.61543705325,6.223937791158357
2026-04-02T23:12:30.934,13619.684438852804,-6334.062993071424,-3325.823508996454,-2.04006630575371,5.43711236861608,2.91638469413426,15384.318646827349,6.498412200300172
2026-04-02T23:16:30.934,13084.32612611474,-5009.151055227054,-2615.398434417632,-2.43366316214576,5.60368493309913,3.00367333215357,14252.420616841382,6.8077936736154125
2026-04-02T23:20:30.934,12444.731491069992,-3644.692787331383,-1884.3178629278,-2.91241182307581,5.76506655360722,3.08762846361513,13103.655261315575,7.159021198742096
2026-04-02T23:24:30.934,11677.51158402087,-2243.392531107349,-1134.18702221179,-3.50213704906951,5.90763909606833,3.16074259619613,11945.018503331146,7.560122840223496
2026-04-02T23:28:30.934,10752.163698923006,-812.544967514101,-369.132204261653,-4.2363710783251,6.00549669609125,3.2088272321522,10789.138617929293,8.019314352601091
2026-04-02T23:32:30.934,9629.32493512953,631.885045414419,401.985455474213,-5.1546068813901,6.01004679692127,3.20540422548479,9658.404098159204,8.541969963165029
2026-04-02T23:36:30.934,8260.469014019322,2057.928308587813,1161.605711727017,-6.29003919996564,5.83324304075115,3.10271239369485,8591.841774868602,9.12239780472019
2026-04-02T23:40:30.934,6593.490824737999,3405.907010698323,1877.175612777685,-7.62872052128291,5.33056297121722,2.82273357999392,7654.940372245589,9.725230241263208
2026-04-02T23:44:30.934,4593.839481837785,4575.916767785125,2494.504542090077,-9.01971225465738,4.32234685736944,2.26925445915367,6947.296478566085,10.256091229733519
2026-04-02T23:48:30.934,2288.904281959149,5433.593538295165,2941.153043732905,-10.0966765995857,2.73856849589711,1.40672170205304,6588.884790162387,10.555638384786048
2026-04-02T23:49:50.084,1480.884181279309,5626.201377092348,3039.391802022133,-10.30619972405668,2.1236166788588,1.07316958068539,6563.921268583168,10.577296133690393
2026-04-02T23:50:50.084,857.546990497434,5739.958525964798,3095.704658784396,-10.4631546581757,1.66687094819468,0.80313424669376,6577.681814676551,10.625492401627872
2026-04-02T23:51:50.084,226.339328247881,5826.141468363713,3135.720694302396,-10.56850224932823,1.20590487824864,0.53073782284996,6620.264207233371,10.650311216393783
2026-04-02T23:52:50.084,-409.657164209677,5884.752353329961,3159.440286199333,-10.62311759172769,0.74918008049424,0.26068361604496,6691.800368680327,10.652692340829052
2026-04-02T23:53:50.084,-1047.479928652813,5916.285679158388,3167.136902648344,-10.63005082733018,0.30454653747818,-0.00268398434965,6791.936881218941,10.634412837053345
2026-04-02T23:54:50.084,-1684.405749544845,5921.674941048846,3159.326382555281,-10.59415063048829,-0.12128740531449,-0.25567136190675,6919.884394125051,10.597929328952075
2026-04-02T23:56:22.480,-2657.037670238197,5881.758397344601,3118.971605267182,-10.42070544197133,-0.73570656779037,-0.60413520838526,7168.1876998486505,10.46409792634948
2026-04-02T23:57:48.330,-3540.314327380687,5796.079910032786,3055.158933084826,-10.14894152446572,-1.24926430931336,-0.87634817293773,7447.305819324909,10.26302399401658
2026-04-02T23:59:14.179,-4398.538341195779,5669.167613238855,2969.556935818089,-9.84012341858653,-1.69637332204875,-1.11184726124164,7765.620990045224,10.046985402253966
2026-04-03T00:00:40.028,-5229.268569616916,5506.652175320341,2865.262232609249,-9.51090463591718,-2.07938194638361,-1.31224691349518,8116.538400990937,9.82360057384433
2026-04-03T00:02:05.877,-6031.337750566308,5313.826922957699,2745.162511358741,-9.17427424744449,-2.40351455110592,-1.48064406289473,8494.098471428606,9.598775807658312
2026-04-03T00:06:48.802,-8474.207137099364,4518.443958807225,2267.611223246161,-8.10988907632597,-3.13898451349512,-1.85611797204831,9867.653372060617,8.892058171898912
2026-04-03T00:10:48.802,-10324.258887214748,3719.690160257271,1799.556332031153,-7.32825227152928,-3.48554765332002,-2.02760489189435,11120.468490612295,8.364419011286596
2026-04-03T00:14:48.802,-12001.661546045476,2857.308553332485,1300.606433767691,-6.66960914386542,-3.6817751211987,-2.12033624638299,12405.469323259462,7.907906168685643
2026-04-03T00:18:48.802,-13534.280508857222,1959.655180144757,785.519991078988,-6.11849596506328,-3.78700780173133,-2.16608007267132,13697.95747452464,7.514607364732597
2026-04-03T00:22:48.802,-14945.577595920387,1043.957566802619,263.129371068287,-5.65544346940124,-3.83662247103803,-2.18356060701018,14984.30425955375,7.174374519451417
2026-04-03T00:26:48.802,-16254.53851261515,120.812410358502,-261.225436556092,-5.26307033419299,-3.85177030454671,-2.18385358668809,16257.086351043648,6.877881963929056
2026-04-03T00:30:48.802,-17476.371962959303,-803.176231707274,-784.284946097633,-4.92730749994445,-3.84531176715317,-2.17362125399232,17512.38909810894,6.617356809287422
2026-04-03T00:34:48.802,-18623.28720273986,-1723.854980225402,-1304.052698681703,-4.63714029484716,-3.82523060909293,-2.15695284109869,18748.308074850946,6.386540917081827
2026-04-03T00:38:48.802,-19705.158086511638,-2638.606478543004,-1819.314569417553,-4.38402079227655,-3.79658582929066,-2.13640759214201,19964.10290660512,6.180448176794768
2026-04-03T00:42:48.802,-20730.045489565982,-3545.795223188733,-2329.350005160439,-4.16130280396743,-3.76264260917698,-2.11361437342053,21159.709856489146,5.995105182582805
2026-04-03T00:46:48.802,-21704.596460427983,-4444.424144476098,-2833.754625779817,-3.96378377169896,-3.72554112908365,-2.0896236972,22335.455642658235,5.827329207207853
2026-04-03T00:50:48.802,-22634.346709619676,-5333.917110631085,-3332.328888548248,-3.7873548368743,-3.6867011472177,-2.06511916323734,23491.88665339179,5.674551891353321
2026-04-03T00:54:48.802,-23523.95017432,-6213.978400341639,-3825.006847198882,-3.62873937730696,-3.64707229689532,-2.04054734509428,24629.665786301703,5.53468330392722
2026-04-03T00:58:48.802,-24377.35429590928,-7084.500267981768,-4311.809784703239,-3.48529878965569,-3.60729226654095,-2.01619928103488,25749.50970668729,5.406008202941162
2026-04-03T01:02:48.802,-25197.93495374849,-7945.501184175519,-4792.815594619648,-3.3548879454427,-3.5677887506015,-1.99226260184627,26852.150683420197,5.2871069565605175
2026-04-03T01:06:48.802,-25988.601296887045,-8797.084015495182,-5268.138320076896,-3.23574698565171,-3.52884634775827,-1.96885546430415,27938.313583745574,5.176795045253512
2026-04-03T01:10:48.802,-26751.877959990976,-9639.407388593623,-5737.914354223889,-3.12641968365895,-3.49065117362408,-1.94604898809688,29008.70232061291,5.074076499065242
2026-04-03T01:14:48.802,-27489.970146235293,-10472.665907488696,-6202.29307425912,-3.02569131409779,-3.45332104512316,-1.92388229657253,30063.992237056384,4.9781077991504485
2026-04-03T01:18:48.802,-28204.81561464623,-11297.076397649895,-6661.430464616915,-2.93254093920639,-3.41692616669424,-1.90237272062605,31104.826230433384,4.888169673501877
2026-04-03T01:22:48.802,-28898.12656744895,-12112.868302890627,-7115.48477804969,-2.84610443336107,-3.38150346727035,-1.8815227917534,32131.813227051603,4.8036448828620175
2026-04-03T01:26:48.802,-29571.42367524961,-12920.276973608956,-7564.613598886232,-2.76564557033306,-3.34706663297753,-1.86132507451496,33145.52811702263,4.724000582060986
2026-04-03T01:30:48.802,-30226.063932982266,-13719.538987230007,-8008.971878723776,-2.69053324020511,-3.31361318964356,-1.84176552953666,34146.51258118526,4.648774220481979
2026-04-03T01:34:48.802,-30863.26363167207,-14510.888907339493,-8448.710650153125,-2.62022332922629,-3.28112953279784,-1.82282586316957,35135.27644019968,4.577562171446693
2026-04-03T01:38:48.802,-31484.11743270945,-15294.557067554862,-8883.976214999066,-2.5542442065437,-3.24959452066204,-1.80448517412279,36112.299287057314,4.510010505420998
2026-04-03T01:42:48.802,-32089.614308923345,-16070.768088685842,-9314.909665168303,-2.49218501184156,-3.21898204967925,-1.78672110741336,37078.03224991891,4.44580745029307
2026-04-03T01:46:48.802,-32680.650948513765,-16839.739922076555,-9741.64663634124,-2.43368613708786,-3.18926290414476,-1.76951066077078,38032.89978754067,4.384677190419945
2026-04-03T01:50:48.802,-33258.04309047057,-17601.68327086559,-10164.317223935392,-2.37843144000617,-3.16040608429278,-1.75283074447106,38977.301456158515,4.32637473541158
2026-04-03T01:54:48.802,-33822.5351626349,-18356.801282326633,-10583.04601116216,-2.32614183416579,-3.13237975740014,-1.73665856546435,39911.61361083862,4.2706816493654784
2026-04-03T01:58:48.802,-34374.80851843029,-19105.289433875965,-10997.952173364529,-2.27656998090436,-3.1051519350345,-1.72097188591543,40836.19102020332,4.217402476609825
2026-04-03T02:02:48.802,-34915.48850995079,-19847.33555640056,-11409.149633017358,-2.22949586890219,-3.07869095058018,-1.70574919184908,41751.36838386794,4.166361734670912
2026-04-03T02:06:48.802,-35445.15058946774,-20583.119953755147,-11816.747247052692,-2.18472311330207,-3.05296579069942,-1.69096979747037,42657.46174869581,4.117401371852665
2026-04-03T02:10:48.802,-35964.32559549081,-21312.815588307054,-12220.849013401297,-2.14207584155098,-3.02794631980578,-1.67661390357124,43554.76982430295,4.070378607479911
2026-04-03T02:14:48.802,-36473.50435104557,-22036.588310461786,-12621.55428741434,-2.10139606034782,-3.00360342616106,-1.66266262333571,44443.57520092942,4.025164088969465
2026-04-03T02:18:48.802,-36973.141679122295,-22754.597116012774,-13018.958001561155,-2.06254141920503,-2.9799091106431,-1.64909798519899,45324.14547438176,3.9816403125367086
2026-04-03T02:22:48.802,-37463.65992203337,-23466.994419515064,-13413.150883782833,-2.02538330263627,-2.95683653372769,-1.63590291977842,46196.73428360975,3.9397002643252117
2026-04-03T02:26:48.802,-37945.45203671856,-24173.92633510476,-13804.219671323894,-1.98980519595994,-2.93436003219922,-1.62306123598153,47061.58226685697,3.8992462466716917
2026-04-03T02:30:48.802,-38418.884326113905,-24875.53295857578,-14192.247317913725,-1.95570127997124,-2.91245511413997,-1.61055759000332,47918.91794238826,3.860188860545364
2026-04-03T02:34:48.802,-38884.29885697722,-25571.948646301254,-14577.313192931711,-1.92297521789973,-2.89109843855523,-1.59837744990614,48768.95851966299,3.8224461202797166
2026-04-03T02:38:48.802,-39342.015606595676,-26263.30228790752,-14959.493271742187,-1.89153910459831,-2.87026778436276,-1.58650705772838,49611.91064656678,3.7859426808124352
2026-04-03T02:42:48.802,-39792.33437424032,-26949.717570590812,-15338.86031678307,-1.861312553159,-2.849942012261,-1.57493339051846,50447.97109799107,3.750609160972058
2026-04-03T02:46:48.802,-40235.53648780628,-27631.313233695895,-15715.484049276223,-1.83222189839204,-2.83010102208225,-1.56364412128629,51277.32741069159,3.7163815490570262
2026-04-03T02:50:48.802,-40671.88633156936,-28308.203312715814,-16089.431311628097,-1.80419950004874,-2.81072570755569,-1.55262758056602,52100.15846898886,3.6832006791681677
2026-04-03T02:54:48.802,-41101.63271722962,-28980.497372269536,-16460.766220727994,-1.77718313147691,-2.7917979098937,-1.54187271906439,52916.63504550929,3.651011768577023
2026-04-03T02:58:48.802,-41525.010117262966,-29648.300727905123,-16829.550312444837,-1.75111544169913,-2.77330037122963,-1.53136907170757,53726.920300815706,3.6197640079157156
2026-04-03T03:02:48.802,-41942.23977695377,-30311.714656786386,-17195.842677683417,-1.7259434807971,-2.75521668864536,-1.52110672328119,54531.17024544366,3.5894101972200323
2026-04-03T03:06:48.802,-42353.53071924746,-30970.836597470763,-17559.700090396957,-1.70161828004957,-2.73753126930898,-1.51107627577185,55329.53416755069,3.5599064218942353
2026-04-03T03:10:48.802,-42759.080654669524,-31625.760339090466,-17921.177127970957,-1.67809447956861,-2.72022928707885,-1.50126881745643,56122.15502909907,3.531211763532057
2026-04-03T03:14:48.802,-43159.07680694991,-32276.576200318883,-18280.32628439871,-1.65532999725857,-2.70329664080745,-1.49167589374061,56909.169833228734,3.5032880412537803
2026-04-03T03:18:48.802,-43553.69666362093,-32923.371198548855,-18637.198076665234,-1.63328573382508,-2.68671991448685,-1.482289479717,57690.70996523613,3.476099579830309
2026-04-03T03:22:48.802,-43943.108659684935,-33566.22920973476,-18991.841144746555,-1.61192530931734,-2.6704863393093,-1.47310195439147,58466.90150935498,3.449613001379627
2026-04-03T03:26:48.802,-44327.4728014424,-34205.231119361706,-19344.30234561706,-1.59121482732406,-2.65458375766663,-1.46410607651253,59237.865543334796,3.423797037857872
2026-04-03T03:30:48.802,-44706.94123670651,-34840.454965006276,-19694.62684164089,-1.5711226634805,-2.6390005890755,-1.45529496192913,60003.71841263207,3.398622361937143
2026-04-03T03:34:48.802,-45081.65877688376,-35471.976070946715,-20042.858183704753,-1.55161927539895,-2.62372579798964,-1.44666206239813,60764.57198586441,3.3740614341780955
2026-04-03T03:38:48.802,-45451.76337575521,-36099.86717526893,-20389.03838943034,-1.53267703152138,-2.60874886344189,-1.43820114575989,61520.5338930293,3.3500883646745203
2026-04-03T03:42:48.802,-45817.38656923277,-36724.198549899374,-20733.208016784978,-1.51427005672231,-2.59405975044698,-1.42990627740116,62271.70774785464,3.326678787578698
2026-04-03T03:46:48.802,-46178.6538798786,-37345.038113978124,-21075.406233389822,-1.4963740927707,-2.57964888308762,-1.42177180292537,63018.193355526404,3.3038097471138075
2026-04-03T03:50:48.802,-46535.68518955122,-37962.45154096662,-21415.6708818061,-1.47896637200076,-2.56550711920291,-1.41379233195333,63760.08690692864,3.281459593851483
2026-04-03T03:54:48.802,-46888.59508317149,-38576.502359864506,-21754.03854106172,-1.46202550274814,-2.55162572659541,-1.40596272298028,64497.481160431715,3.2596078901793737
2026-04-03T03:58:48.802,-47237.49316627689,-39187.25205089007,-22090.54458466321,-1.44553136528623,-2.53799636067366,-1.39827806921865,65230.46561217417,3.238235324011652
2026-04-03T04:02:48.802,-47582.48435874805,-39794.76013595894,-22425.223235321584,-1.42946501715064,-2.52461104344803,-1.39073368536019,65959.1266557026,3.2173236299061934
2026-04-03T04:06:48.802,-47923.66916684059,-40399.08426427613,-22758.10761660504,-1.41380860687319,-2.51146214379999,-1.38332509519432,66683.54773175949,3.196855516848318
2026-04-03T04:10:48.802,-48261.14393543484,-41000.280293337804,-23089.229801716927,-1.39854529526193,-2.49854235894773,-1.37604802002396,67403.8094689426,3.1768146020451407
2026-04-03T04:14:48.802,-48595.00108222108,-41598.40236562097,-23418.620859583614,-1.38365918346374,-2.48584469703445,-1.36889836782349,68119.98981589834,3.1571853501477634
2026-04-03T04:19:39.017,-48994.00519761706,-42317.63793616956,-23814.660763786607,-1.36614089421375,-2.47077746200457,-1.3604174205748,68980.67188057174,3.133977946284288
2026-04-03T04:23:39.017,-49320.17965896947,-42909.15280078191,-24140.33278640624,-1.352036001715,-2.45854717677407,-1.35353563257035,69688.09929042631,3.115206939995295
2026-04-03T04:27:39.017,-49643.0090198406,-43497.75670827408,-24464.367101951822,-1.33826289996719,-2.44651849048307,-1.34676928114253,70391.67877594085,3.096802836851794
2026-04-03T04:31:39.017,-49962.57138437582,-44083.4973353967,-24786.791003081056,-1.32480898771133,-2.4346855518356,-1.34011495597067,71091.47828600273,3.0787531056344886
2026-04-03T04:35:39.017,-50278.94191152822,-44666.42098313004,-25107.63098096459,-1.31166231558807,-2.42304274533558,-1.33356938706859,71787.56366294458,3.0610458157276472
2026-04-03T04:39:39.017,-50592.19296636361,-45246.572631837065,-25426.912758086317,-1.29881154378836,-2.41158467941596,-1.32712943752787,72479.99873400392,3.043669600371355
2026-04-03T04:43:39.017,-50902.39426160297,-45823.99599365211,-25744.66131935576,-1.28624590299638,-2.40030617526523,-1.32079209670338,73168.84539773912,3.0266136226326417
2026-04-03T04:47:39.017,-51209.61299015628,-46398.73356226702,-26060.900941635053,-1.273955158328,-2.3892022563061,-1.31455447381113,73854.16370573525,3.0098675438606155
2026-04-03T04:51:39.017,-51513.91394933422,-46970.82666026624,-26375.65522177603,-1.26192957599859,-2.37826813828435,-1.30841379191023,74536.01193990855,2.9934214944139415
2026-04-03T04:55:39.017,-51815.359657363326,-47540.315484152474,-26688.94710325647,-1.25015989248041,-2.3674992199286,-1.30236738224296,75214.44668569387,2.977266046469401
2026-04-03T04:59:39.017,-52114.01046277597,-48107.239147195505,-27000.79890149848,-1.23863728593411,-2.35689107414426,-1.29641267890881,75889.52290137911,2.961392188738705
2026-04-03T05:03:39.017,-52409.92464719716,-48671.635720228245,-27311.232327946513,-1.22735334971968,-2.34643943970753,-1.29054721385023,76561.2939838307,2.945791302937073
2026-04-03T05:07:39.017,-52703.15852200568,-49233.54227050611,-27620.26851297723,-1.21630006781134,-2.33614021342763,-1.28476861212922,77229.81183083597,2.930455141861756
2026-04-03T05:11:39.017,-52993.766519307326,-49792.99489873855,-27927.92802770876,-1.20546979195738,-2.32598944274745,-1.2790745874757,77895.1269002724,2.9153758089516515
2026-04-03T05:15:39.017,-53281.80127762131,-50350.02877439458,-28234.230904772347,-1.19485522044133,-2.3159833187551,-1.27346293808968,78557.28826629832,2.900545739211121
2026-04-03T05:19:39.017,-53567.31372264839,-50904.678169377716,-28539.196658105317,-1.18444937831402,-2.30611816958034,-1.26793154268075,79216.34367274574,2.8859576813913668
2026-04-03T05:23:39.017,-53850.35314345924,-51456.976490159905,-28842.844301820485,-1.17424559897822,-2.29639045415206,-1.26247835672962,79872.33958388347,2.8716046813325726
2026-04-03T05:27:39.017,-54130.9672644146,-52006.95630845828,-29145.192368203487,-1.16423750701846,-2.28679675629424,-1.25710140895726,80525.32123270667,2.857480066378197
2026-04-03T05:31:39.017,-54409.202313104106,-52554.649390533436,-29446.25892488632,-1.15441900217803,-2.27733377913963,-1.25179879798854,81175.33266689848,2.843577430780752
2026-04-03T05:35:39.017,-54685.10308456833,-53100.086725183195,-29746.061591242258,-1.14478424439434,-2.26799833984142,-1.24656868919809,81822.4167925992,2.8298906220251694
2026-04-03T05:39:39.017,-54958.71300204803,-53643.298550501095,-30044.617554044464,-1.13532763981115,-2.25878736456507,-1.24140931172675,82466.61541610929,2.816413728002307
2026-04-03T05:43:39.017,-55230.074174486195,-54184.31437946479,-30341.94358242798,-1.12604382769375,-2.24969788374303,-1.2363189556582,83107.9692836443,2.803141064970659
2026-04-03T05:47:39.017,-55499.2274509911,-54723.1630244156,-30638.056042192296,-1.11692766817915,-2.24072702757669,-1.23129596934573,83746.51811925153,2.790067166249555
2026-04-03T05:51:39.017,-55766.2124724535,-55259.87262048662,-30932.970909479467,-1.10797423079946,-2.23187202177078,-1.22633875687991,84382.30066099133,2.777186771591822
2026-04-03T05:55:39.017,-56031.067720496416,-55794.470648033704,-31226.703783860496,-1.09917878372163,-2.22313018348632,-1.22144577568872,85015.35469547908,2.764494817188034
2026-04-03T05:59:39.017,-56293.83056392319,-56326.98395412,-31519.269900860832,-1.09053678365151,-2.21449891749939,-1.21661553426196,85645.71709087791,2.7519864262583975
2026-04-03T06:03:39.017,-56554.53730281743,-56857.43877310208,-31810.68414395392,-1.08204386635465,-2.20597571255358,-1.21184658999266,86273.42382842599,2.739656900191853
2026-04-03T06:07:39.017,-56813.22321043753,-57385.860746362836,-32100.961056049986,-1.07369583774979,-2.19755813789481,-1.20713754712839,86898.51003257756,2.7275017101948946
2026-04-03T06:11:39.017,-57069.92257303828,-57912.274941233474,-32390.1148505057,-1.06548866553499,-2.18924383997821,-1.20248705482602,87521.00999983119,2.7155164894160055
2026-04-03T06:15:39.017,-57324.66872774296,-58436.70586914485,-32678.159421678785,-1.05741847130919,-2.1810305393369,-1.197893805304,88140.9572263149,2.7036970255137263
2026-04-03T06:19:39.017,-57577.49409858057,-58959.17750304584,-32965.10835505029,-1.04948152315516,-2.17291602760378,-1.19335653208622,88758.38443419278,2.6920392536392024
2026-04-03T06:23:39.017,-57828.43023079522,-59479.71329412439,-33250.97493693586,-1.04167422865223,-2.16489816467742,-1.18887400833251,89373.32359695439,2.6805392498059954
2026-04-03T06:27:39.017,-58077.50782352716,-59998.336187864894,-33535.77216380622,-1.03399312829009,-2.15697487602418,-1.18444504525052,89985.80596364426,2.669193224622219
2026-04-03T06:31:39.017,-58324.756760958626,-60515.068639473604,-33819.512751235816,-1.02643488925653,-2.14914415010883,-1.18006849058456,90595.86208208514,2.657997517361631
2026-04-03T06:35:39.017,-58570.20614201106,-61029.932628702176,-34102.20914249756,-1.0189962995746,-2.14140403594665,-1.17574322717699,91203.52182114591,2.6469485903522747
2026-04-03T06:39:39.017,-58813.8843086749,-61542.94967409759,-34383.87351682062,-1.01167426256622,-2.13375264077038,-1.17146817159808,91808.81439210194,2.636043023662707
2026-04-03T06:43:39.017,-59055.81887304766,-62054.14084670526,-34664.51779732723,-1.00446579162106,-2.12618812780565,-1.16724227284065,92411.7683691323,2.6252775100672356
2026-04-03T06:47:39.017,-59296.03674315126,-62563.52678325074,-34944.15365866358,-0.99736800525116,-2.11870871414917,-1.16306451107579,93012.41170899702,2.6146488502730674
2026-04-03T06:51:39.017,-59534.564147594785,-63071.1276988239,-35222.79253433911,-0.99037812241295,-2.11131266874402,-1.15893389646645,93610.77176993321,2.6041539483932405
2026-04-03T06:55:39.017,-59771.426659145094,-63576.96339908837,-35500.445623787695,-0.98349345807995,-2.10399831044705,-1.15484946803565,94206.87532980855,2.5937898076506363
2026-04-03T06:59:39.017,-60006.649217263235,-64081.053292037686,-35777.12389916344,-0.97671141905044,-2.09676400618334,-1.1508102925865,94800.74860356718,2.583553526299109
2026-04-03T07:03:39.017,-60240.25614966151,-64583.4163993185,-36052.838111883226,-0.97002949997559,-2.08960816918325,-1.14681546367117,95392.4172600016,2.5734422937488977
2026-04-03T07:07:39.017,-60472.27119293236,-65084.071367140146,-36327.59879892744,-0.96344527959448,-2.08252925729777,-1.14286410060623,95981.90643788227,2.563453386884297
2026-04-03T07:11:39.017,-60702.71751229725,-65583.03647678893,-36601.416288909684,-0.95695641716352,-2.07552577138804,-1.138955347532,96569.24076147462,2.553584166562383
2026-04-03T07:15:39.017,-60931.61772052067,-66080.32965476434,-36874.300707925766,-0.95056064906845,-2.06859625378536,-1.13508837251349,97154.44435547214,2.543832074282338
2026-04-03T07:19:39.017,-61158.99389603198,-66575.96848255384,-37146.26198519173,-0.94425578560822,-2.06173928681791,-1.13126236668091,97737.54085937183,2.5341946290156003
2026-04-03T07:23:39.017,-61384.867600294834,-67069.9702060617,-37417.30985848015,-0.93803970794037,-2.05495349140104,-1.12747654340766,98318.55344131771,2.524669424187781
2026-04-03T07:27:39.017,-61609.259894462026,-67562.35174470679,-37687.45387936337,-0.93191036517857,-2.04823752568767,-1.12373013752381,98897.50481143592,2.515254124803632
2026-04-03T07:31:39.017,-61832.19135535107,-68053.12970020338,-37956.703418272176,-0.92586577163347,-2.04159008377607,-1.12002240456342,99474.41723468466,2.5059464647073457
2026-04-03T07:35:39.017,-62053.682090773946,-68542.32036503851,-38225.06766937764,-0.91990400418859,-2.03500989447196,-1.11635262004393,100049.31254323995,2.4967442439705207
2026-04-03T07:39:39.017,-62273.75175425254,-69029.93973065834,-38492.55565530371,-0.9140231998035,-2.02849572010242,-1.11272007877599,100622.21214843792,2.4876453264008735
2026-04-03T07:43:39.017,-62492.419559149326,-69516.00349537592,-38759.17623167767,-0.90822155313715,-2.02204635537888,-1.10912409420229,101193.13705229279,2.4786476371650568
2026-04-03T07:47:39.017,-62709.704292241426,-70000.5270720117,-39024.93809152527,-0.90249731428458,-2.01566062630714,-1.10556399776388,101762.10785860906,2.4697491605196316
2026-04-03T07:51:39.017,-62925.624326764446,-70483.52559527787,-39289.849769516906,-0.89684878662063,-2.00933738914171,-1.10203913829275,102329.14478370512,2.4609479376440992
2026-04-03T07:55:39.017,-63140.197634951044,-70965.01392891683,-39553.91964607108,-0.89127432474492,-2.00307552938282,-1.09854888142932,102894.26766676501,2.452242064570989
2026-04-03T07:59:39.017,-63353.44180008789,-71445.00667260385,-39817.1559513209,-0.88577233252225,-1.99687396081367,-1.0950926090636,103457.49597983387,2.4436296902074393
2026-04-03T08:03:39.017,-63565.37402811324,-71923.51816862336,-40079.56676894918,-0.88034126121365,-1.99073162457634,-1.0916697187991,104018.84883747216,2.4351090144440146
2026-04-03T08:07:39.017,-63776.01115877638,-72400.56250832781,-40341.160039897535,-0.87497960769276,-1.98464748828426,-1.08827962343807,104578.34500608277,2.4266782863457004
2026-04-03T08:11:39.017,-63985.369676378745,-72876.1535383879,-40601.943565954345,-0.86968591274332,-1.97862054516985,-1.08492175048741,105136.00291292454,2.4183358024213844
2026-04-03T08:15:39.017,-64193.46572011574,-73350.30486684211,-40861.92501322655,-0.86445875943331,-1.97264981326541,-1.08159554168408,105691.84065482495,2.41007990496745
2026-04-03T08:19:39.017,-64400.31509403717,-73823.02986895369,-41121.111915499816,-0.85929677156169,-1.96673433461595,-1.07830045253914,106245.87600660442,2.401908980481921
2026-04-03T08:23:39.017,-64605.93327664321,-74294.34169288218,-41379.51167749134,-0.85419861217403,-1.96087317452237,-1.0750359518996,106798.12642922369,2.393821458145564
2026-04-03T08:27:39.017,-64810.335430132036,-74764.25326517703,-41637.131577999644,-0.84916298214347,-1.95506542081374,-1.07180152152726,107348.60907766536,2.3858158083667202
2026-04-03T08:31:39.017,-65013.53640931435,-75232.77729609974,-41893.978772955204,-0.84418861881352,-1.94931018314719,-1.06859665569369,107897.34080856027,2.377890541386493
2026-04-03T08:35:39.017,-65215.55077020936,-75699.9262847813,-42150.06029837575,-0.83927429469974,-1.94360659233438,-1.06542086079078,108444.33818756878,2.3700442059416473
2026-04-03T08:39:39.017,-65416.39277833583,-76165.71252422096,-42405.383073229874,-0.83441881624711,-1.93795379969327,-1.06227365495597,108989.61749652647,2.362275387982173
2026-04-03T08:43:39.017,-65616.07641671141,-76630.1481061324,-42659.95390221243,-0.82962102264053,-1.93235097642402,-1.05915456771166,109533.19474036347,2.354582709440986
2026-04-03T08:47:39.017,-65814.61539357247,-77093.2449256429,-42913.77947843499,-0.82487978466557,-1.92679731300812,-1.05606313961807,110075.08565380624,2.3469648270532737
2026-04-03T08:51:39.017,-66012.02314982645,-77555.01468585091,-43166.86638603459,-0.82019400361714,-1.92129201862951,-1.05299892193907,110615.30570787,2.339420431223044
2026-04-03T08:55:39.017,-66208.31286624761,-78015.4689022474,-43419.221102703705,-0.81556261025364,-1.91583432061706,-1.04996147632025,111153.87011614995,2.331948244934815
2026-04-03T08:59:39.017,-66403.49747042722,-78474.61890700573,-43670.85000214445,-0.81098456379449,-1.91042346390713,-1.0469503744789,111690.79384091876,2.324547022708159
2026-04-03T09:03:39.017,-66597.58964348797,-78932.47585314486,-43921.75935644969,-0.80645885095874,-1.90505871052563,-1.04396519790518,112226.09159903765,2.31721554959319
2026-04-03T09:07:39.017,-66790.6018265725,-79389.05071857064,-44171.9553384138,-0.80198448504299,-1.89973933908864,-1.04100553757418,112759.77786768807,2.309952640205145
2026-04-03T09:11:39.017,-66982.5462271151,-79844.35430999922,-44421.444023775475,-0.79756050503664,-1.89446464432081,-1.03807099366831,113291.86688993045,2.3027571377962084
2026-04-03T09:15:39.017,-67173.43482490542,-80298.39726676713,-44670.23139339521,-0.79318597477273,-1.88923393659082,-1.03516117530957,113822.37268009679,2.2956279133629
2026-04-03T09:19:39.017,-67363.27937795235,-80751.19006453163,-44918.32333536963,-0.78885998211265,-1.88404654146316,-1.03227570030136,114351.30902902242,2.288563864787419
2026-04-03T09:23:39.017,-67552.09142815637,-81202.7430188656,-45165.72564708492,-0.78458163816323,-1.8789017992656,-1.02941419487935,114878.68950912378,2.281563916011451
2026-04-03T09:27:39.017,-67739.88230679753,-81653.06628875024,-45412.4440372116,-0.78035007652463,-1.87379906467167,-1.02657629347116,115404.52747932682,2.2746270162409936
2026-04-03T09:31:39.017,-67926.66313984654,-82102.16987996944,-45658.48412764256,-0.77616445256763,-1.86873770629753,-1.02376163846427,115928.83608985183,2.2677521391807374
2026-04-03T09:35:39.017,-68112.44485310586,-82550.06364840905,-45903.851455376374,-0.772023942739,-1.86371710631269,-1.02096987998206,116451.62828686008,2.260938282296843
2026-04-03T09:39:39.017,-68297.23817718723,-82996.75730326425,-46148.55147434786,-0.76792774389364,-1.85873666006399,-1.01820067566752,116972.91681696632,2.254184466106802
2026-04-03T09:43:39.017,-68481.05365233208,-83442.2604101583,-46392.58955720753,-0.76387507265232,-1.85379577571231,-1.0154536904743,117492.7142316228,2.247489733495187
2026-04-03T09:47:39.017,-68663.9016330807,-83886.58239417551,-46635.9709970518,-0.75986516478385,-1.8488938738815,-1.01272859646493,118011.03289137858,2.240853149054251
2026-04-03T09:51:39.017,-68845.792292796,-84329.73254281144,-46878.701009105585,-0.75589727461058,-1.84403038731904,-1.01002507261576,118527.88497001892,2.234273798448208
2026-04-03T09:55:39.017,-69026.73562804723,-84771.72000884297,-47120.78473235887,-0.75197067443623,-1.83920476056804,-1.00734280462849,119043.28245858855,2.2277507878003346
2026-04-03T09:59:39.017,-69206.74146285899,-85212.55381312096,-47362.227231158824,-0.74808465399505,-1.83441644965002,-1.00468148474797,119557.23716930297,2.221283243101803
2026-04-03T10:03:39.017,-69385.81945283056,-85652.24284728807,-47603.033496758864,-0.74423851992138,-1.82966492175813,-1.00204081158601,120069.76073935167,2.2148703096413795
2026-04-03T10:07:39.017,-69563.97908913015,-86090.79587642415,-47843.20844882618,-0.74043159523871,-1.82494965496036,-0.99942048995098,120580.86463459657,2.208511151455101
2026-04-03T10:11:39.017,-69741.22970236893,-86528.22154162153,-48082.75693690904,-0.7366632188675,-1.82027013791244,-0.99682023068304,121090.56015316964,2.2022049507952226
2026-04-03T10:15:39.017,-69917.580466359,-86964.52836249258,-48321.683741865156,-0.73293274515074,-1.81562586957997,-0.99423975049465,121598.85842897292,2.1959509076174464
2026-04-03T10:19:39.017,-70093.04040175959,-87399.72473961159,-48559.993577252426,-0.72923954339678,-1.81101635896941,-0.99167877181629,122105.77043508374,2.189748239085815
2026-04-03T10:23:39.017,-70267.61837961551,-87833.8189568932,-48797.69109068325,-0.72558299743845,-1.80644112486773,-0.98913702264711,122611.30698706917,2.183596179094556
2026-04-03T10:27:39.017,-70441.32312479176,-88266.81918390929,-49034.78086514354,-0.72196250520791,-1.80189969559029,-0.98661423641034,123115.47874621171,2.177493977806143
2026-04-03T10:31:39.017,-70614.1632193078,-88698.73347814631,-49271.26742027766,-0.7183774783266,-1.79739160873661,-0.98411015181332,123618.29622264979,2.1714409012049347
2026-04-03T10:35:39.017,-70786.14710557523,-89129.56978720501,-49507.1552136402,-0.71482734170956,-1.79291641095383,-0.9816245127119,124119.76977843557,2.1654362306657737
2026-04-03T10:39:39.017,-70957.28308954222,-89559.33595094415,-49742.44864191583,-0.71131153318363,-1.78847365770757,-0.97915706797917,124619.90963051267,2.159479262537037
2026-04-03T10:43:39.017,-71127.57934374777,-89988.03970357018,-49977.152042108035,-0.70782950311887,-1.78406291305984,-0.97670757137818,125118.7258536165,2.153569307737397
2026-04-03T10:47:39.017,-71297.0439102892,-90415.6886756744,-50211.26969269788,-0.70438071407277,-1.7796837494538,-0.9742757814387,125616.22838309954,2.1477056913659265
2026-04-03T10:51:39.017,-71465.68470370561,-90842.29039621932,-50444.80581477361,-0.70096464044662,-1.77533574750508,-0.97186146133773,126112.4270176842,2.1418877523248945
2026-04-03T10:55:39.017,-71633.50951378039,-91267.85229447557,-50677.764573131964,-0.6975807681536,-1.77101849579954,-0.9694643787837,126607.331422145,2.136114842954914
2026-04-03T10:59:39.017,-71800.52600826534,-91692.38170191113,-50910.15007735225,-0.69422859429822,-1.76673159069708,-0.96708430590415,127100.95112992304,2.130386328681826
2026-04-03T11:03:39.017,-71966.74173552921,-92115.88585403418,-51141.96638284373,-0.69090762686641,-1.76247463614135,-0.96472101913691,127593.29554567409,2.1247015876749176
2026-04-03T11:07:39.017,-72132.1641271331,-92538.37189219089,-51373.21749186741,-0.68761738442613,-1.75824724347521,-0.96237429912445,128084.3739477529,2.1190600105160975
2026-04-03T11:11:39.017,-72296.80050033523,-92959.84686531969,-51603.907354532756,-0.68435739583789,-1.75404903126164,-0.96004393061148,128574.19549063552,2.1134609998795475
2026-04-03T11:15:39.017,-72460.65806052733,-93380.31773166309,-51834.03986977027,-0.68112719997485,-1.74987962510997,-0.95772970234553,129062.76920728126,2.1079039702214724
2026-04-03T11:19:39.017,-72623.74390360511,-93799.79136043848,-52063.61888628053,-0.67792634545216,-1.74573865750724,-0.95543140698059,129550.10401143674,2.1023883474796494
2026-04-03T11:23:39.017,-72786.06501827463,-94218.27453346907,-52292.648203460456,-0.67475439036515,-1.74162576765446,-0.95314884098345,130036.20869988299,2.0969135687822535
2026-04-03T11:27:39.017,-72947.62828829707,-94635.77394677604,-52521.13157230742,-0.671610902036,-1.73754060130771,-0.95088180454288,130521.0919546281,2.0914790821657987
2026-04-03T11:31:39.017,-73108.44049467354,-95052.29621213314,-52749.072696301904,-0.6684954567687,-1.73348281062374,-0.94863010148144,131004.76234504631,2.086084346301717
2026-04-03T11:35:39.017,-73268.50831777217,-95467.84785858479,-52976.47523226926,-0.66540763961176,-1.72945205401013,-0.94639353916986,131487.22832996587,2.0807288302313696
2026-04-03T11:39:39.017,-73427.83833939898,-95882.43533392875,-53203.34279122125,-0.66234704412862,-1.72544799597965,-0.94417192844382,131968.4982597064,2.0754120131090676
2026-04-03T11:43:39.017,-73586.43704481475,-96296.06500616427,-53429.67893917791,-0.65931327217531,-1.72147030700886,-0.94196508352321,132448.58037806797,2.0701333839529714
2026-04-03T11:47:39.017,-73744.31082469919,-96708.74316490683,-53655.487197970266,-0.65630593368511,-1.71751866340064,-0.93977282193365,132927.48282427268,2.0648924414034115
2026-04-03T11:51:39.017,-73901.46597706438,-97120.4760227704,-53880.77104602454,-0.65332464646009,-1.71359274715066,-0.93759496443025,133405.21363486076,2.059688693488535
2026-04-03T11:55:39.017,-74057.90870911884,-97531.269716718,-54105.5339191283,-0.65036903596903,-1.70969224581755,-0.93543133492348,133881.78074554176,2.054521657396842
2026-04-03T11:59:39.017,-74213.64513908401,-97941.13030938164,-54329.779211179026,-0.64743873515171,-1.70581685239675,-0.93328176040721,134357.1919930028,2.04939085925657
2026-04-03T12:03:39.017,-74368.68129796433,-98350.06379035233,-54553.51027491573,-0.64453338422925,-1.70196626519781,-0.93114607088866,134831.45511667483,2.0442958339214954
2026-04-03T12:07:39.017,-74523.02313127267,-98758.07607744113,-54776.73042263393,-0.64165263052021,-1.69814018772509,-0.9290240993204,135304.57776045776,2.039236124763042
2026-04-03T12:11:39.017,-74676.67650071214,-99165.17301791187,-54999.44292688458,-0.63879612826242,-1.69433832856178,-0.92691568153412,135776.56747440645,2.0342112834684714
2026-04-03T12:15:39.017,-74829.64718581593,-99571.36038968651,-55221.65102115725,-0.63596353844016,-1.69056040125705,-0.92482065617633,136247.4317163777,2.029220869844913
2026-04-03T12:19:39.017,-74981.94088554621,-99976.6439025237,-55443.35790054822,-0.63315452861656,-1.68680612421629,-0.92273886464576,136717.1778536401,2.024264451629032
2026-04-03T12:23:39.017,-75133.56321985344,-100381.02919917145,-55664.56672241358,-0.63036877277111,-1.68307522059431,-0.92067015103245,137185.81316444738,2.019341604302168
2026-04-03T12:27:39.017,-75284.51973119736,-100784.5218564944,-55885.280607008084,-0.62760595114193,-1.67936741819145,-0.91861436205856,137653.34483957617,2.014451910910766
2026-04-03T12:31:39.017,-75434.8158860305,-101187.1273865766,-56105.50263810986,-0.62486575007287,-1.6756824493524,-0.9165713470207,138119.7799838298,2.009594961891856
2026-04-03T12:35:39.017,-75584.45707624573,-101588.8512378003,-56325.23586363153,-0.62214786186499,-1.67202005086782,-0.91454095773384,138585.12561750802,2.0047703549035076
2026-04-03T12:39:39.017,-75733.4486205886,-101989.69879590142,-56544.48329621806,-0.61945198463257,-1.66837996387849,-0.91252304847676,139049.38867784466,1.9999776946600532
2026-04-03T12:43:39.017,-75881.79576603565,-102389.67538500231,-56763.24791383162,-0.61677782216317,-1.66476193378202,-0.91051747593884,139512.5760204133,1.9952165927718297
2026-04-03T12:47:39.017,-76029.50368913957,-102788.78626862244,-56981.532660323945,-0.61412508378193,-1.66116571014203,-0.90852409916838,139974.69442050232,1.9904866675895003
2026-04-03T12:51:39.017,-76176.57749734243,-103187.03665066765,-57199.340445996364,-0.61149348421971,-1.65759104659967,-0.90654277952221,140435.75057445964,1.9857875440525865
2026-04-03T12:55:39.017,-76323.0222302575,-103584.43167639828,-57416.674148147955,-0.60888274348503,-1.65403770078746,-0.90457338061662,140895.75110100873,1.9811188535421858
2026-04-03T12:59:39.017,-76468.84286092098,-103980.97643337704,-57633.53661161205,-0.60629258673976,-1.65050543424537,-0.90261576827956,141354.70254253576,1.976480233737739
2026-04-03T13:03:39.017,-76614.04429701419,-104376.67595239694,-57849.93064928142,-0.60372274417829,-1.64699401233906,-0.90066981050415,141812.6113663492,1.9718713284777134
2026-04-03T13:07:39.017,-76758.63138205722,-104771.5352083898,-58065.85904262247,-0.60117295091017,-1.64350320418019,-0.89873537740331,142269.48396591275,1.9672917876240075
2026-04-03T13:11:39.017,-76902.60889657488,-105165.55912131604,-58281.324542178634,-0.59864294684601,-1.64003278254879,-0.89681234116555,142725.32666205158,1.962741266930014
2026-04-03T13:15:39.017,-77045.98155923549,-105558.75255703586,-58496.32986806336,-0.5961324765867,-1.63658252381763,-0.894900576012,143180.14570413335,1.958219427912328
2026-04-03T13:19:39.017,-77188.75402796362,-105951.12032816267,-58710.87771044287,-0.59364128931563,-1.6331522078784,-0.89299995815437,143633.94727122434,1.953725937725689
2026-04-03T13:23:39.017,-77330.93090102727,-106342.66719489894,-58924.97073000896,-0.59116913869393,-1.62974161806989,-0.89111036575412,144086.73747322097,1.949260469041433
2026-04-03T13:27:39.017,-77472.51671810022,-106733.3978658551,-59138.61155844215,-0.58871578275867,-1.62635054110788,-0.88923167888255,144538.5223519583,1.9448226999290517
2026-04-03T13:31:39.017,-77613.51596130032,-107123.31699885175,-59351.80279886537,-0.58628098382378,-1.62297876701675,-0.88736377948199,144989.3078822949,1.9404123137408584
2026-04-03T13:35:39.017,-77753.93305620433,-107512.42920170566,-59564.54702628843,-0.58386450838377,-1.61962608906287,-0.88550655132786,145439.09997317573,1.936028998999723
2026-04-03T13:39:39.017,-77893.77237283997,-107900.73903300008,-59776.846788043484,-0.58146612702002,-1.61629230368962,-0.88365987999171,145887.90446867287,1.9316724492897144
2026-04-03T13:43:39.017,-78033.03822665579,-108288.25100283955,-59988.70460421182,-0.57908561430964,-1.61297721045393,-0.88182365280526,146335.72714900516,1.927342363149559
2026-04-03T13:47:39.017,-78171.73487946941,-108674.9695735897,-60200.12296804201,-0.57672274873682,-1.60968061196446,-0.87999775882513,146782.57373153695,1.9230384439688362
2026-04-03T13:51:39.017,-78309.8665403949,-109060.89916060238,-60411.10434635976,-0.5743773126065,-1.60640231382124,-0.87818208879864,147228.4498717565,1.9187603998868752
2026-04-03T13:55:39.017,-78447.43736674954,-109446.04413292653,-60621.65117996968,-0.57204909196043,-1.60314212455682,-0.87637653513034,147673.36116423472,1.9145079436942452
2026-04-03T13:59:39.017,-78584.45146494085,-109830.40881400504,-60831.765884049055,-0.56973787649537,-1.59989985557877,-0.87458099184931,148117.31314356494,1.9102807927366452
2026-04-03T14:03:39.017,-78720.91289133424,-110213.997482358,-61041.45084853391,-0.5674434594836,-1.59667532111363,-0.87279535457738,148560.31128528315,1.90607866882138
2026-04-03T14:07:39.017,-78856.82565310174,-110596.81437225264,-61250.70843849752,-0.56516563769538,-1.59346833815213,-0.87101952049799,149002.3610067707,1.9019012981260317
2026-04-03T14:11:39.017,-78992.19370905242,-110978.86367436034,-61459.54099452152,-0.56290421132353,-1.59027872639582,-0.86925338832587,149443.4676681386,1.897748411109566
2026-04-03T14:15:39.017,-79127.02097044497,-111360.1495364009,-61667.9508330599,-0.56065898390998,-1.58710630820486,-0.86749685827741,149883.63657309458,1.8936197424255503
2026-04-03T14:19:39.017,-79261.31130178287,-111740.6760637745,-61875.94024679585,-0.55842976227422,-1.58395090854709,-0.86574983204174,150322.87296979316,1.8895150308375679
2026-04-03T14:23:39.017,-79395.06852159262,-112120.44732018153,-62083.51150499187,-0.55621635644359,-1.5808123549483,-0.86401221275251,150761.18205166887,1.8854340191367243
2026-04-03T14:27:39.017,-79528.29640318539,-112499.46732823065,-62290.66685383311,-0.55401857958539,-1.57769047744366,-0.86228390496028,151198.5689582536,1.8813764540611657
2026-04-03T14:31:39.017,-79660.99867540266,-112877.74007003533,-62497.408516764175,-0.55183624794072,-1.57458510853025,-0.86056481460567,151635.03877597774,1.8773420862175871
2026-04-03T14:35:39.017,-79793.1790233462,-113255.26948779916,-62703.73869481961,-0.54966918076,-1.57149608312076,-0.85885484899297,152070.59653895622,1.8733306700046306
2026-04-03T14:39:39.017,-79924.84108909265,-113632.05948439006,-62909.65956694804,-0.54751720024019,-1.5684232384982,-0.85715391676452,152505.24722975917,1.8693419635381845
2026-04-03T14:43:39.017,-80055.98847239341,-114008.1139239039,-63115.173290330305,-0.54538013146352,-1.56536641427167,-0.8554619278756,152938.99578016804,1.8653757285784411
2026-04-03T14:47:39.017,-80186.62473135983,-114383.43663221753,-63320.28200069161,-0.54325780233779,-1.56232545233312,-0.85377879356989,153371.84707191723,1.8614317304586891
2026-04-03T14:51:39.017,-80316.7533831344,-114758.03139753158,-63524.98781260785,-0.54115004353821,-1.55930019681517,-0.85210442635556,153803.80593742162,1.8575097380159202
2026-04-03T14:55:39.017,-80446.37790454805,-115131.90197090326,-63729.29281980627,-0.53905668845067,-1.5562904940498,-0.85043873998182,154234.87716049067,1.8536095235229664
2026-04-03T14:59:39.017,-80575.50173276404,-115505.05206676932,-63933.19909546057,-0.53697757311635,-1.553296192528,-0.84878164941607,154665.06547702863,1.8497308626222817
2026-04-03T15:03:39.017,-80704.12826590876,-115877.48536345949,-64136.708692480555,-0.53491253617784,-1.55031714286038,-0.84713307082153,155094.37557572208,1.8458735342613524
2026-04-03T15:07:39.017,-80832.2608636897,-116249.20550370052,-64339.82364379651,-0.53286141882646,-1.54735319773859,-0.8454929215354,155522.81209871435,1.8420373206295397
2026-04-03T15:11:39.017,-80959.902848001,-116620.21609511113,-64542.54596263839,-0.53082406475097,-1.54440421189765,-0.84386112004747,155950.37964226786,1.8382220070964534
2026-04-03T15:15:39.017,-81087.05750351673,-116990.52071068792,-64744.87764280991,-0.52880032008744,-1.54147004207907,-0.84223758597926,156377.0827574135,1.8344273821517165
2026-04-03T15:19:39.017,-81213.72807827243,-117360.12288928266,-64946.820658957724,-0.52679003337043,-1.53855054699486,-0.84062224006358,156802.92595058907,1.8306532373461974
2026-04-03T15:23:39.017,-81339.91778423495,-117729.02613607091,-65148.376966835705,-0.52479305548531,-1.53564558729228,-0.83901500412456,157227.91368426505,1.8268993672345488
2026-04-03T15:27:39.017,-81465.62979786107,-118097.23392301235,-65349.54850356452,-0.52280923962171,-1.53275502551933,-0.83741580105815,157652.05037755956,1.82316556931905
2026-04-03T15:31:39.017,-81590.86726064506,-118464.74968930287,-65550.33718788656,-0.52083844122812,-1.52987872609111,-0.83582455481296,158075.3404068421,1.8194516439947994
2026-04-03T15:35:39.017,-81715.63327965542,-118831.57684181878,-65750.74492041634,-0.51888051796759,-1.52701655525678,-0.83424119037165,158497.78810632616,1.815757394496111
2026-04-03T15:39:39.017,-81839.9309280612,-119197.718755553,-65950.77358388648,-0.51693532967442,-1.52416838106732,-0.83266563373258,158919.39776865125,1.8120826268441115
2026-04-03T15:43:39.017,-81963.76324564804,-119563.17877404374,-66150.42504338926,-0.51500273831196,-1.521334073344,-0.831097811892,159340.17364545466,1.8084271497956268
2026-04-03T15:47:39.017,-82087.13323932404,-119927.9602097957,-66349.70114661408,-0.51308260793135,-1.51851350364742,-0.82953765282651,159760.1199479328,1.8047907747930545
2026-04-03T15:51:39.017,-82210.04388361616,-120292.06634469375,-66548.60372408066,-0.51117480463122,-1.51570654524735,-0.82798508547595,160179.24084739265,1.8011733159155003
2026-04-03T15:55:39.017,-82332.49812115676,-120655.5004304097,-66747.13458936817,-0.50927919651841,-1.51291307309311,-0.82644003972669,160597.54047579342,1.7975745898309556
2026-04-03T15:59:39.017,-82454.49886316096,-121018.26568880178,-66945.29553934046,-0.50739565366951,-1.51013296378465,-0.82490244639517,161015.02292627873,1.7939944157495185
2026-04-03T16:03:39.017,-82576.04898989489,-121380.3653123075,-67143.08835436733,-0.50552404809336,-1.50736609554417,-0.82337223721193,161431.69225369944,1.790432615377678
2026-04-03T16:07:39.017,-82697.15135113499,-121741.80246432958,-67340.514798542,-0.50366425369442,-1.50461234818844,-0.82184934480585,161847.55247512713,1.7868890128736292
2026-04-03T16:11:39.017,-82817.80876661866,-122102.58027961536,-67537.57661989494,-0.50181614623689,-1.50187160310156,-0.82033370268881,162262.60757035896,1.7833634348034688
2026-04-03T16:15:39.017,-82938.02402648637,-122462.7018646298,-67734.27555060387,-0.4999796033098,-1.49914374320845,-0.81882524524062,162676.86148241354,1.7798557100984984
2026-04-03T16:19:39.017,-83057.79989171549,-122822.17029792212,-67930.61330720036,-0.49815450429276,-1.49642865294878,-0.81732390769432,163090.31811801833,1.7763656700133503
2026-04-03T16:23:39.017,-83177.13909454604,-123180.98863048629,-68126.59159077283,-0.49634073032259,-1.49372621825143,-0.8158296261217,163502.9813480886,1.7728931480850034
2026-04-03T16:27:39.017,-83296.04433889847,-123539.1598861154,-68322.21208716622,-0.49453816426064,-1.49103632650962,-0.81434233741923,163914.8550081982,1.769437980092832
2026-04-03T16:31:39.017,-83414.51830078369,-123896.68706175021,-68517.47646717813,-0.49274669066089,-1.48835886655636,-0.81286197929418,164325.94289904242,1.7660000040193216
2026-04-03T16:35:39.017,-83532.56362870555,-124253.57312782174,-68712.3863867519,-0.49096619573871,-1.48569372864055,-0.81138849025111,164736.2487868926,1.7625790600117706
2026-04-03T16:39:39.017,-83650.18294405592,-124609.82102858833,-68906.94348716625,-0.48919656734044,-1.48304080440351,-0.80992180957854,165145.7764040436,1.7591749903447516
2026-04-03T16:43:39.017,-83767.37884150248,-124965.433682467,-69101.14939522198,-0.48743769491346,-1.48039998685598,-0.80846187733603,165554.5294492532,1.7557876393833713
2026-04-03T16:47:39.017,-83884.15388936951,-125320.41398235945,-69295.00572342538,-0.48568946947713,-1.4777711703556,-0.80700863434137,165962.51158817444,1.7524168535473112
2026-04-03T16:51:39.017,-84000.51063001172,-125674.76479597259,-69488.51407016879,-0.4839517835942,-1.47515425058486,-0.80556202215814,166369.7264537806,1.7490624812756401
2026-04-03T16:55:39.017,-84116.45158018128,-126028.48896613398,-69681.67601990806,-0.48222453134298,-1.47254912452947,-0.80412198308349,166776.17764678312,1.745724372992366
2026-04-03T16:59:39.017,-84231.97923138831,-126381.58931110201,-69874.49314333717,-0.48050760829001,-1.4699556904572,-0.80268846013614,167181.86873604255,1.7424023810727007
2026-04-03T17:03:39.017,-84347.09605025477,-126734.0686248711,-70066.96699756001,-0.47880091146344,-1.46737384789704,-0.80126139704465,167586.80325897265,1.7390963598099822
2026-04-03T17:07:39.017,-84461.80447886219,-127085.92967747191,-70259.09912625939,-0.47710433932688,-1.46480349761895,-0.79984073823592,167990.98472193806,1.7358061653834016
2026-04-03T17:11:39.017,-84576.10693509306,-127437.17521526683,-70450.89105986319,-0.47541779175391,-1.46224454161384,-0.79842642882392,168394.4166006451,1.73253165582628
2026-04-03T17:15:39.017,-84690.0058129662,-127787.80796124063,-70642.34431570803,-0.47374117000306,-1.45969688307405,-0.79701841459863,168797.10234052662,1.7292726909950549
2026-04-03T17:19:39.017,-84803.50348296626,-128137.83061528647,-70833.46039820014,-0.47207437669341,-1.45716042637415,-0.79561664201518,169199.04535711987,1.7260291325388681
2026-04-03T17:23:39.017,-84916.60229236729,-128487.24585448741,-71024.24079897374,-0.47041731578063,-1.4546350770522,-0.79422105818331,169600.24903643914,1.722800843869868
2026-04-03T17:27:39.017,-85029.30456555077,-128836.05633339341,-71214.68699704688,-0.4687698925336,-1.45212074179128,-0.79283161085687,170000.71673534164,1.7195876901339808
2026-04-03T17:31:39.017,-85141.61260431803,-129184.26468429396,-71404.80045897483,-0.46713201351151,-1.44961732840142,-0.79144824842366,170400.45178188788,1.7163895381823635
2026-04-03T17:35:39.017,-85253.52868819713,-129531.87351748641,-71594.58263900099,-0.46550358654138,-1.44712474580193,-0.79007091989542,170799.45747569602,1.713206256543439
2026-04-03T17:39:39.017,-85365.05507474461,-129878.88542154014,-71784.03497920548,-0.46388452069619,-1.44464290400397,-0.78869957489799,171197.73708829077,1.710037715395432
2026-04-03T17:43:39.017,-85476.19399984187,-130225.3029635565,-71973.15890965133,-0.46227472627331,-1.44217171409356,-0.78733416366173,171595.29386344663,1.7068837865395339
2026-04-03T17:47:39.017,-85586.94767798649,-130571.1286894248,-72161.95584852848,-0.46067411477352,-1.43971108821482,-0.78597463701202,171992.13101752565,1.7037443433735133
2026-04-03T17:51:39.017,-85697.3183025786,-130916.36512407428,-72350.4272022954,-0.4590825988804,-1.43726093955361,-0.78462094636006,172388.25173980984,1.7006192608659543
2026-04-03T17:55:39.017,-85807.30804620228,-131261.01477172217,-72538.57436581864,-0.45750009244013,-1.43482118232143,-0.78327304369374,172783.65919282852,1.6975084155309066
2026-04-03T17:59:39.017,-85916.91906090222,-131605.08011611796,-72726.3987225102,-0.45592651044176,-1.43239173173966,-0.78193088156877,173178.35651268024,1.6944116854031241
2026-04-03T18:03:39.017,-86026.15347845573,-131948.56362078388,-72913.90164446268,-0.45436176899787,-1.42997250402407,-0.78059441309991,173572.34680934993,1.6913289500137267
2026-04-03T18:07:39.017,-86135.01341064004,-132291.46772925183,-73101.08449258243,-0.4528057853256,-1.42756341636964,-0.77926359195243,173965.63316702092,1.6882600903663791
2026-04-03T18:11:39.017,-86243.50094949515,-132633.79486529643,-73287.94861672072,-0.45125847772811,-1.42516438693564,-0.77793837233366,174358.21864438223,1.685204988913893
2026-04-03T18:15:39.017,-86351.61816758239,-132975.5474331648,-73474.49535580278,-0.44971976557641,-1.42277533483103,-0.77661870898476,174750.10627493102,1.682163529535344
2026-04-03T18:19:39.017,-86459.36711823843,-133316.72781780275,-73660.72603795497,-0.4481895692915,-1.42039618010012,-0.77530455717262,175141.2990672705,1.6791355975135973
2026-04-03T18:23:39.017,-86566.74983582523,-133657.33838507757,-73846.64198063,-0.446667810327,-1.41802684370843,-0.7739958726819,175531.80000540309,1.6761210795132389
2026-04-03T18:27:39.017,-86673.76833597587,-133997.3814819974,-74032.24449073023,-0.44515441115196,-1.41566724752895,-0.77269261180723,175921.61204901917,1.67311986355901
2026-04-03T18:31:39.017,-86780.42461583613,-134336.85943692745,-74217.53486472918,-0.44364929523419,-1.41331731432849,-0.77139473134556,176310.73813378162,1.6701318390145665
2026-04-03T18:35:39.017,-86886.72065430229,-134675.77455980287,-74402.51438879117,-0.44215238702381,-1.41097696775442,-0.77010218858865,176699.18117160554,1.66715689656173
2026-04-03T18:39:39.017,-86992.65841225492,-135014.12914233858,-74587.18433888916,-0.44066361193713,-1.40864613232157,-0.76881494131567,177086.94405093443,1.6641949281800532
2026-04-03T18:43:39.017,-87098.23983278887,-135351.92545823584,-74771.54598092088,-0.43918289634093,-1.4063247333994,-0.76753294778598,177474.0296370114,1.6612458271268395
2026-04-03T18:47:39.017,-87203.4668414395,-135689.16576338586,-74955.60057082324,-0.437710167537,-1.4040126971994,-0.76625616673201,177860.44077214706,1.6583094879175106
2026-04-03T18:51:39.017,-87308.34134640532,-136025.85229607043,-75139.34935468496,-0.43624535374695,-1.40170995076269,-0.7649845573523,178246.1802759829,1.655385806306324
2026-04-03T18:55:39.017,-87412.8652387669,-136361.98727715955,-75322.7935688577,-0.4347883840974,-1.39941642194793,-0.76371807930461,178631.2509457508,1.6524746792675213
2026-04-03T18:59:39.017,-87517.04039270234,-136697.57291030622,-75505.93444006538,-0.43333918860539,-1.39713203941933,-0.76245669269922,179015.65555652897,1.6495760049767416
2026-04-03T19:03:39.017,-87620.86866569925,-137032.61138213828,-75688.77318551204,-0.43189769816413,-1.39485673263494,-0.7612003580923,179399.39686149376,1.6466896827928266
2026-04-03T19:07:39.017,-87724.35189876334,-137367.10486244768,-75871.31101298805,-0.43046384452899,-1.39259043183518,-0.75994903647945,179782.47759216782,1.643815613240006
2026-04-03T19:11:39.017,-87827.49191662372,-137701.05550437683,-76053.54912097484,-0.42903756030376,-1.39033306803151,-0.7587026892893,180164.90045866484,1.6409536979903272
2026-04-03T19:15:39.017,-87930.29052793485,-138034.46544460222,-76235.48869874804,-0.42761877892724,-1.38808457299533,-0.75746127837724,180546.66814993028,1.6381038398464653
2026-04-03T19:19:39.017,-88032.74952547537,-138367.33680351565,-76417.13092647915,-0.42620743465997,-1.38584487924705,-0.75622476601932,180927.78333397908,1.635265942724815
2026-04-03T19:23:39.017,-88134.8706863438,-138699.6716854026,-76598.47697533581,-0.42480346257133,-1.38361392004545,-0.75499311490617,181308.24865812936,1.6324399116389705
2026-04-03T19:27:39.017,-88236.65577215105,-139031.47217861822,-76779.52800758056,-0.42340679852684,-1.38139162937707,-0.75376628813706,181688.0667492332,1.629625652683372
2026-04-03T19:31:39.017,-88338.10652921008,-139362.7403557607,-76960.28517666823,-0.42201737917568,-1.37917794194593,-0.7525442492141,182067.24021390377,1.626823073017387
2026-04-03T19:35:39.017,-88439.22468872248,-139693.4782738423,-77140.74962734191,-0.42063514193852,-1.37697279316334,-0.75132696203651,182445.7716387394,1.6240320808496058
2026-04-03T19:39:39.017,-88540.0119669621,-140023.68797445786,-77320.9224957276,-0.41926002499545,-1.37477611913793,-0.75011439089498,182823.6635905441,1.6212525854224196
2026-04-03T19:43:39.017,-88640.47006545607,-140353.37148395096,-77500.80490942749,-0.4178919672743,-1.37258785666585,-0.74890650046612,183200.9186165454,1.6184844969969119
2026-04-03T19:47:39.017,-88740.60067116271,-140682.53081357785,-77680.39798761193,-0.41653090843907,-1.37040794322108,-0.7477032558071,183577.53924460863,1.6157277268379862
2026-04-03T19:51:39.017,-88840.40545664691,-141011.1679596689,-77859.70284111009,-0.4151767888786,-1.36823631694605,-0.74650462235024,183953.5279834484,1.612982187199819
2026-04-03T19:55:39.017,-88939.88608025275,-141339.28490378792,-78038.72057249943,-0.41382954969545,-1.36607291664224,-0.74531056589778,184328.88732283693,1.6102477913114628
2026-04-03T19:59:39.017,-89039.04418627349,-141666.88361288927,-78217.45227619378,-0.41248913269503,-1.36391768176107,-0.74412105261676,184703.61973380958,1.60752445336283
2026-04-03T20:03:39.017,-89137.88140511895,-141993.96603947275,-78395.89903853038,-0.41115548037489,-1.3617705523949,-0.74293604903391,185077.7276688674,1.6048120884908408
2026-04-03T20:07:39.017,-89236.39935348039,-142320.53412173633,-78574.0619378555,-0.40982853591418,-1.3596314692682,-0.74175552203068,185451.21356217677,1.6021106127658513
2026-04-03T20:11:39.017,-89334.59963449278,-142646.58978372684,-78751.94204460905,-0.40850824316339,-1.35750037372883,-0.74057943883836,185824.07982976647,1.5994199431783052
2026-04-03T20:15:39.017,-89432.4838378948,-142972.13493548855,-78929.54042140798,-0.40719454663421,-1.35537720773952,-0.73940776703325,186196.32886972162,1.5967399976256356
2026-04-03T20:19:39.017,-89530.05354018626,-143297.17147320975,-79106.85812312842,-0.40588739148958,-1.35326191386948,-0.73824047453195,186567.96306237538,1.594070694899402
2026-04-03T20:23:39.017,-89627.31030478324,-143621.70127936726,-79283.8961969869,-0.40458672353396,-1.35115443528608,-0.73707752958666,186938.9847704975,1.5914119546725682
2026-04-03T20:27:39.017,-89724.25568217093,-143945.72622286907,-79460.65568262029,-0.40329248920375,-1.34905471574682,-0.73591890078067,187309.39633948077,1.588763697487175
2026-04-03T20:31:39.017,-89820.89121005415,-144269.24815919492,-79637.13761216469,-0.4020046355579,-1.34696269959127,-0.73476455702381,187679.20009752442,1.586125844742036
2026-04-03T20:35:39.017,-89917.21841350565,-144592.26893053518,-79813.34301033335,-0.40072311026866,-1.34487833173325,-0.73361446754807,188048.39835581536,1.5834983186807736
2026-04-03T20:39:39.017,-90013.23880511217,-144914.79036592762,-79989.27289449339,-0.3994478616125,-1.3428015576531,-0.73246860190322,188416.99340870674,1.5808810423799915
2026-04-03T20:43:39.017,-90108.95388511848,-145236.81428139255,-80164.9282747416,-0.39817883846127,-1.3407323233901,-0.73132692995254,188784.9875338942,1.5782739397377088
2026-04-03T20:47:39.017,-90204.36514156911,-145558.34248006603,-80340.31015397914,-0.39691599027339,-1.33867057553497,-0.73018942186864,189152.38299258956,1.5756769354619278
2026-04-03T20:51:39.017,-90299.47405044817,-145879.37675233133,-80515.4195279853,-0.39565926708532,-1.33661626122256,-0.72905604812928,189519.18202969237,1.5730899550594526
2026-04-03T20:55:39.017,-90394.28207581704,-146199.9188759486,-80690.25738549027,-0.39440861950309,-1.3345693281246,-0.72792677951335,189885.3868739588,1.5705129248248666
2026-04-03T20:59:39.017,-90488.79066995005,-146519.970616183,-80864.82470824689,-0.39316399869404,-1.33252972444261,-0.72680158709684,190250.9997381687,1.5679457718297118
2026-04-03T21:03:39.017,-90583.00127346822,-146839.5337259309,-81039.12247110148,-0.39192535637865,-1.33049739890088,-0.72568044224889,190616.02281929008,1.5653884239118045
2026-04-03T21:07:39.017,-90676.91531547111,-147158.6099458445,-81213.15164206376,-0.39069264482259,-1.32847230073962,-0.72456331662798,190980.45829864155,1.5628408096648323
2026-04-03T21:11:39.017,-90770.53421366664,-147477.20100445495,-81386.91318237584,-0.38946581682887,-1.32645437970819,-0.72345018217805,191344.3083420524,1.560302858428027
2026-04-03T21:15:39.017,-90863.85937449917,-147795.30861829364,-81560.40804658021,-0.38824482573006,-1.32444358605841,-0.72234101112478,191707.57510002074,1.5577745002760173
2026-04-03T21:19:39.017,-90956.89219327566,-148112.93449201205,-81733.63718258703,-0.38702962538079,-1.32243987053807,-0.72123577597193,192070.2607078696,1.55525566600896
2026-04-03T21:23:39.017,-91049.6340542901,-148430.08031849997,-81906.6015317403,-0.38582017015025,-1.32044318438442,-0.72013444949768,192432.36728590066,1.5527462871426747
2026-04-03T21:27:39.017,-91142.08633094607,-148746.74777900227,-82079.30202888341,-0.3846164149149,-1.31845347931786,-0.71903700475107,192793.8969395463,1.5502462958990584
2026-04-03T21:31:39.017,-91234.25038587768,-149062.93854323405,-82251.73960242364,-0.38341831505126,-1.31647070753569,-0.71794341504848,193154.85175951937,1.5477556251966076
2026-04-03T21:35:39.017,-91326.12757106868,-149378.65426949438,-82423.91517439594,-0.38222582642887,-1.31449482170599,-0.71685365397019,193515.23382196104,1.545274208641142
2026-04-03T21:39:39.017,-91417.71922797,-149693.89660477854,-82595.82966052585,-0.3810389054033,-1.31252577496155,-0.71576769535699,193875.0451885871,1.5428019805166244
2026-04-03T21:43:39.017,-91509.02668761552,-150008.66718488885,-82767.48397029165,-0.37985750880936,-1.31056352089391,-0.7146855133068,194234.28790683165,1.5403388757761387
2026-04-03T21:47:39.017,-91600.05127073635,-150322.96763454413,-82938.87900698563,-0.37868159395437,-1.30860801354754,-0.71360708217139,194592.96400998966,1.5378848300330639
2026-04-03T21:51:39.017,-91690.79428787337,-150636.79956748753,-83110.01566777464,-0.3775111186116,-1.30665920741406,-0.71253237655315,194951.0755173571,1.5354397795523604
2026-04-03T21:55:39.017,-91781.25703948831,-150950.16458659337,-83280.89484375986,-0.37634604101372,-1.30471705742655,-0.71146137130188,195308.62443436962,1.533003661241958
2026-04-03T21:59:39.017,-91871.44081607323,-151263.06428397232,-83451.51742003579,-0.37518631984649,-1.30278151895399,-0.71039404151166,195665.61275273925,1.5305764126443633
2026-04-03T22:03:39.017,-91961.3468982585,-151575.5002410753,-83621.88427574853,-0.37403191424247,-1.30085254779575,-0.70933036251776,196022.04245058956,1.5281579719283465
2026-04-03T22:07:39.017,-92050.97655691936,-151887.47402879625,-83791.99628415327,-0.37288278377485,-1.29893010017618,-0.7082703098936,196377.91549258874,1.5257482778807776
2026-04-03T22:11:39.017,-92140.33105328082,-152198.98720757337,-83961.8543126711,-0.37173888845141,-1.29701413273927,-0.70721385944772,196733.2338300814,1.5233472698985708
2026-04-03T22:15:39.017,-92229.41163902136,-152510.04132748928,-84131.4592229451,-0.37060018870856,-1.29510460254344,-0.70616098722089,197087.99940121826,1.5209548879808383
2026-04-03T22:19:39.017,-92318.219556375,-152820.63792836983,-84300.81187089566,-0.36946664540546,-1.29320146705633,-0.70511166948314,197442.2141310847,1.518571072721033
2026-04-03T22:23:39.017,-92406.75603823215,-153130.7785398817,-84469.91310677526,-0.3683382198183,-1.29130468414972,-0.70406588273095,197795.87993182722,1.5161957652993343
2026-04-03T22:27:39.017,-92495.02230823899,-153440.46468162877,-84638.76377522238,-0.36721487363463,-1.28941421209455,-0.70302360368441,198148.99870277842,1.5138289074751217
2026-04-03T22:31:39.017,-92583.01958089546,-153749.6978632474,-84807.36471531492,-0.36609656894775,-1.28753000955598,-0.70198480928445,198501.57233058073,1.5114704415795441
2026-04-03T22:35:39.017,-92670.74906165208,-154058.4795845003,-84975.7167606228,-0.36498326825128,-1.28565203558851,-0.70094947669012,198853.60268930806,1.5091203105082172
2026-04-03T22:39:39.017,-92758.21194700534,-154366.81133536965,-85143.82073926002,-0.36387493443375,-1.28378024963119,-0.69991758327588,199205.09164058638,1.5067784577140182
2026-04-03T22:43:39.017,-92845.40942459182,-154674.6945961486,-85311.67747393604,-0.36277153077331,-1.28191461150297,-0.69888910662897,199556.04103371265,1.504444827200074
2026-04-03T22:47:39.017,-92932.34267328109,-154982.13083753193,-85479.28778200655,-0.3616730209325,-1.28005508139799,-0.6978640245468,199906.45270577213,1.5021193635127377
2026-04-03T22:49:50.084,-92979.70687567453,-155149.83741511678,-85570.71812222688,-0.36107516412953,-1.27904213327774,-0.69730563962166,200097.59054165828,1.5008528268617851
2026-04-03T22:53:51.319,-93066.64254784618,-155458.13216532656,-85738.79208043117,-0.35982950478564,-1.27705644519314,-0.69621099421779,200448.9243644678,1.498352490301712
2026-04-03T22:57:51.319,-93152.87119085576,-155764.40429727512,-85905.76066989852,-0.35874331777543,-1.27521231902504,-0.69519447260403,200797.9252219978,1.496047653445885
2026-04-03T23:01:51.319,-93238.83972177339,-156070.2345559534,-86072.48569262975,-0.35766189821494,-1.27337416155373,-0.69418126785497,201146.39479821856,1.4937507895857705
2026-04-03T23:05:51.319,-93324.54928062223,-156375.6243692641,-86238.96794211573,-0.35658521145772,-1.27154193463381,-0.69317135869789,201494.33487577195,1.4914618456674371
2026-04-03T23:09:51.319,-93410.00099915324,-156680.5751559972,-86405.20820676547,-0.3555132232142,-1.26971560047042,-0.69216472405639,201841.74722571738,1.4891807691432788
2026-04-03T23:13:51.319,-93495.19600093023,-156985.08832591362,-86571.20726995294,-0.354445899547,-1.26789512161507,-0.69116134304803,202188.63360763981,1.486907507965755
2026-04-03T23:17:51.319,-93580.13540141382,-157289.1652798277,-86736.9659100634,-0.35338320686636,-1.26608046096153,-0.690161194982,202534.9957697568,1.4846420105812361
2026-04-03T23:21:51.319,-93664.82030804436,-157592.80740968895,-86902.48490053907,-0.35232511192556,-1.26427158174167,-0.68916425935681,202880.83544902405,1.48238422592382
2026-04-03T23:25:51.319,-93749.25182032373,-157896.01609866277,-87067.7650099243,-0.35127158181649,-1.26246844752153,-0.68817051585807,203226.1543712399,1.480134103409432
2026-04-03T23:29:51.319,-93833.43102989602,-158198.79272121008,-87232.80700191022,-0.35022258396525,-1.2606710221973,-0.68717994435623,203570.95425114842,1.4778915929298446
2026-04-03T23:33:51.319,-93917.35902062728,-158501.13864316608,-87397.61163537881,-0.34917808612782,-1.25887926999144,-0.6861925249044,203915.236792541,1.4756566448468775
2026-04-03T23:37:51.319,-94001.03686868415,-158803.05522181818,-87562.17966444654,-0.34813805638581,-1.25709315544882,-0.6852082377362,204259.0036883573,1.4734292099866588
2026-04-03T23:41:51.319,-94084.46564261151,-159104.54380598283,-87726.51183850736,-0.34710246314227,-1.25531264343293,-0.68422706326361,204602.25662078467,1.4712092396339638
2026-04-03T23:45:51.319,-94167.64640340912,-159405.60573608158,-87890.60890227531,-0.34607127511757,-1.25353769912216,-0.68324898207488,204944.99726135618,1.4689966855266692
2026-04-03T23:49:51.319,-94250.58020460732,-159706.2423442162,-88054.47159582654,-0.34504446134536,-1.2517682880061,-0.68227397493247,205287.2272710479,1.4667914998502634
2026-04-03T23:53:51.319,-94333.2680923417,-160006.45495424303,-88218.10065464092,-0.34402199116853,-1.25000437588192,-0.68130202277099,205628.9483003747,1.4645936352324322
2026-04-03T23:57:51.319,-94415.7111054269,-160306.24488184619,-88381.49680964304,-0.34300383423533,-1.24824592885079,-0.68033310669523,205970.1619894853,1.4624030447377674
2026-04-04T00:01:51.319,-94497.91027542934,-160605.61343461022,-88544.66078724289,-0.34198996049547,-1.24649291331435,-0.67936720797813,206310.86996825557,1.460219681862489
2026-04-04T00:05:51.319,-94579.8666267392,-160904.56191209177,-88707.59330937594,-0.34098034019632,-1.24474529597125,-0.67840430805887,206651.07385638138,1.4580435005293177
2026-04-04T00:09:51.319,-94661.58117664135,-161203.09160589048,-88870.29509354282,-0.33997494387914,-1.2430030438137,-0.67744438854094,206990.77526347004,1.455874455082359
2026-04-04T00:13:51.319,-94743.05493538549,-161501.20379971902,-89032.76685284854,-0.3389737423754,-1.24126612412411,-0.6764874311902,207329.97578913072,1.4537125002820848
2026-04-04T00:17:51.319,-94824.2889062553,-161798.89976947228,-89195.00929604119,-0.33797670680316,-1.23953450447176,-0.67553341793309,207668.6770230638,1.451557591300436
2026-04-04T00:21:51.319,-94905.28408563686,-162096.18078329592,-89357.0231275503,-0.33698380856343,-1.2378081527095,-0.6745823308547,208006.88054514915,1.449409683715884
2026-04-04T00:25:51.319,-94986.04146308606,-162393.04810165396,-89518.80904752469,-0.33599501933672,-1.23608703697053,-0.67363415219702,208344.58792553356,1.447268733508696
2026-04-04T00:29:51.319,-95066.56202139532,-162689.50297739572,-89680.36775186988,-0.3350103110795,-1.23437112566523,-0.67268886435712,208681.80072471697,1.4451346970561958
2026-04-04T00:33:51.319,-95146.84673665938,-162985.54665582196,-89841.69993228515,-0.33402965602081,-1.23266038747795,-0.67174644988538,209018.52049363765,1.4430075311280541
2026-04-04T00:37:51.319,-95226.89657834034,-163281.18037475029,-90002.80627630008,-0.33305302665889,-1.23095479136399,-0.67080689148377,209354.7487737569,1.440887192881778
2026-04-04T00:41:51.319,-95306.71250933182,-163576.4053645797,-90163.68746731072,-0.33208039575783,-1.22925430654646,-0.66987017200412,209690.48709714183,1.4387736398580997
2026-04-04T00:45:51.319,-95386.29548602241,-163871.22284835464,-90324.34418461542,-0.33111173634437,-1.22755890251332,-0.6689362744464,210025.73698654826,1.4366668299765675
2026-04-04T00:49:51.319,-95465.64645835833,-164165.63404182813,-90484.77710345008,-0.33014702170459,-1.22586854901439,-0.66800518195711,210360.499955502,1.4345667215311417
2026-04-04T00:53:51.319,-95544.76636990522,-164459.6401535243,-90644.98689502322,-0.32918622538082,-1.22418321605842,-0.66707687782758,210694.7775083792,1.432473273185856
2026-04-04T00:57:51.319,-95623.65615790937,-164753.2423848001,-90804.97422655049,-0.32822932116846,-1.22250287391017,-0.66615134549239,211028.57114048628,1.4303864439705287
2026-04-04T01:01:51.319,-95702.31675335797,-165046.44192990655,-90964.73976128885,-0.32727628311293,-1.22082749308759,-0.66522856852772,211361.88233813844,1.4283061932765622
2026-04-04T01:05:51.319,-95780.74908103886,-165339.239976049,-91124.28415857037,-0.32632708550663,-1.21915704435901,-0.66430853064981,211694.7125787376,1.426232480852809
2026-04-04T01:09:51.319,-95858.95405959936,-165631.637703447,-91283.60807383571,-0.32538170288595,-1.21749149874032,-0.6633912157134,212027.06333084923,1.424165266801439
2026-04-04T01:13:51.319,-95936.93260160452,-165923.63628539335,-91442.7121586671,-0.32444011002832,-1.21583082749228,-0.66247660771017,212358.9360542785,1.4221045115739297
2026-04-04T01:17:51.319,-96014.68561359461,-166215.23688831253,-91601.59706082106,-0.32350228194935,-1.2141750021178,-0.66156469076724,212690.33220014558,1.4200501759670854
2026-04-04T01:21:51.319,-96092.21399614195,-166506.44067181853,-91760.26342426073,-0.32256819389991,-1.21252399435927,-0.66065544914569,213021.25321095987,1.4180022211191006
2026-04-04T01:25:51.319,-96169.51864390698,-166797.24878877198,-91918.71188918783,-0.32163782136336,-1.21087777619595,-0.65974886723905,213351.70052069376,1.4159606085056982
2026-04-04T01:29:51.319,-96246.60044569382,-167087.66238533668,-92076.94309207429,-0.32071114005276,-1.20923631984135,-0.65884492957188,213681.67555485514,1.4139252999363046
2026-04-04T01:33:51.319,-96323.460284505,-167377.68260103554,-92234.95766569348,-0.31978812590815,-1.20759959774071,-0.65794362079833,214011.17973055958,1.4118962575503158
2026-04-04T01:37:51.319,-96400.09903759557,-167667.3105688059,-92392.75623915122,-0.31886875509383,-1.20596758256845,-0.65704492570069,214340.21445660136,1.4098734438133464
2026-04-04T01:41:51.319,-96476.51757652675,-167956.54741505417,-92550.33943791628,-0.31795300399573,-1.20434024722568,-0.65614882918804,214668.7811335238,1.4078568215135927
2026-04-04T01:45:51.319,-96552.71676721865,-168245.39425971004,-92707.7078838507,-0.31704084921878,-1.20271756483778,-0.65525531629486,214996.88115368885,1.4058463537582482
2026-04-04T01:49:51.319,-96628.6974700026,-168533.8522162799,-92864.86219523972,-0.31613226758433,-1.20109950875191,-0.65436437217966,215324.51590134605,1.403842003969881
2026-04-04T01:53:51.319,-96704.46053967279,-168821.92239189986,-93021.80298682135,-0.31522723612762,-1.19948605253471,-0.65347598212362,215651.68675270036,1.4018437358829938
2026-04-04T01:57:51.319,-96780.00682553725,-169109.60588738817,-93178.53086981567,-0.31432573209525,-1.19787716996984,-0.65259013152933,215978.3950759797,1.3998515135405027
2026-04-04T02:01:51.319,-96855.33717146835,-169396.9037972969,-93335.04645195385,-0.31342773294277,-1.19627283505574,-0.65170680591942,216304.6422315015,1.3978653012903763
2026-04-04T02:05:51.319,-96930.45241595258,-169683.8172099633,-93491.35033750674,-0.31253321633214,-1.19467302200328,-0.65082599093531,216630.42957173838,1.395885063782219
2026-04-04T02:09:51.319,-97005.35339213986,-169970.34720756052,-93647.44312731326,-0.31164216012946,-1.19307770523351,-0.64994767233592,216955.7584413836,1.393910765963982
2026-04-04T02:13:51.319,-97080.04092789225,-170256.49486614775,-93803.32541880847,-0.31075454240249,-1.19148685937543,-0.64907183599643,217280.63017741527,1.3919423730786713
2026-04-04T02:17:51.319,-97154.51584583196,-170542.2612557199,-93958.99780605125,-0.3098703414184,-1.18990045926377,-0.64819846790702,217605.04610916032,1.3899798506611147
2026-04-04T02:21:51.319,-97228.77896338912,-170827.6474402566,-94114.46087975186,-0.3089895356414,-1.18831847993682,-0.64732755417167,217929.00755835723,1.3880231645347707
2026-04-04T02:25:51.319,-97302.83109284862,-171112.654477771,-94269.715227299,-0.30811210373056,-1.18674089663428,-0.64645908100696,218252.51583921895,1.3860722808086055
2026-04-04T02:29:51.319,-97376.6730413967,-171397.28342035762,-94424.76143278679,-0.30723802453748,-1.18516768479511,-0.64559303474086,218575.5722584941,1.3841271658739336
2026-04-04T02:33:51.319,-97450.30561116688,-171681.5353142401,-94579.60007704126,-0.30636727710416,-1.1835988200555,-0.64472940181155,218898.1781155283,1.382187786401424
2026-04-04T02:37:51.319,-97523.7295992854,-171965.41119981822,-94734.23173764677,-0.30549984066081,-1.18203427824672,-0.6438681687663,219220.3347023247,1.3802541093380207
2026-04-04T02:41:51.319,-97596.94579791608,-172248.91211171445,-94888.65698897194,-0.30463569462366,-1.18047403539315,-0.64300932226028,219542.0433036034,1.3783261019039914
2026-04-04T02:45:51.319,-97669.95499430479,-172532.0390788201,-95042.87640219551,-0.30377481859293,-1.17891806771023,-0.64215284905546,219863.305196861,1.3764037315899846
2026-04-04T02:49:51.319,-97742.7579708233,-172814.79312434088,-95196.89054533179,-0.30291719235067,-1.17736635160247,-0.64129873601948,220184.1216524288,1.3744869661541017
2026-04-04T02:53:51.319,-97815.35550501267,-173097.17526584212,-95350.69998325586,-0.30206279585876,-1.17581886366149,-0.64044697012456,220504.49393353084,1.3725757736190514
2026-04-04T02:57:51.319,-97887.74836962624,-173379.18651529338,-95504.30527772864,-0.30121160925685,-1.1742755806641,-0.63959753844641,220824.42329634135,1.3706701222693292
2026-04-04T03:01:51.319,-97959.93733267194,-173660.82787911268,-95657.70698742146,-0.30036361286038,-1.17273647957037,-0.63875042816316,221143.91099004104,1.3687699806484162
2026-04-04T03:05:51.319,-98031.92315745434,-173942.10035821027,-95810.90566794063,-0.29951878715862,-1.17120153752174,-0.6379056265543,221462.95825687362,1.366875317556028
2026-04-04T03:09:51.319,-98103.70660261609,-174223.0049480319,-95963.90187185159,-0.29867711281268,-1.16967073183915,-0.63706312099962,221781.56633220104,1.3649861020453753
2026-04-04T03:13:51.319,-98175.28842217893,-174503.54263860176,-96116.69614870285,-0.29783857065366,-1.16814404002121,-0.63622289897821,222099.7364445586,1.3631023034205199
2026-04-04T03:17:51.319,-98246.66936558428,-174783.71441456478,-96269.28904504972,-0.2970031416807,-1.16662143974241,-0.6353849480674,222417.4698157092,1.3612238912337207
2026-04-04T03:21:51.319,-98317.85017773334,-175063.52125522867,-96421.68110447777,-0.29617080705914,-1.16510290885124,-0.63454925594181,222734.7676606971,1.3593508352827786
2026-04-04T03:25:51.319,-98388.83159902673,-175342.96413460557,-96573.87286762602,-0.2953415481187,-1.16358842536851,-0.63371581037228,223051.63118790142,1.357483105608506
2026-04-04T03:29:51.319,-98459.61436540376,-175622.04402145307,-96725.86487220999,-0.29451534635163,-1.16207796748555,-0.63288459922498,223368.06159908863,1.3556206724921729
2026-04-04T03:33:51.319,-98530.1992083812,-175900.76187931496,-96877.65765304439,-0.29369218341094,-1.16057151356249,-0.63205561046036,223684.0600894646,1.3537635064529672
2026-04-04T03:37:51.319,-98600.58685509165,-176179.11866656158,-97029.25174206564,-0.29287204110863,-1.15906904212656,-0.63122883213224,223999.62784772657,1.3519115782455404
2026-04-04T03:41:51.319,-98670.77802832153,-176457.11533642965,-97180.64766835423,-0.29205490141395,-1.15757053187039,-0.63040425238685,224314.76605611393,1.3500648588575412
2026-04-04T03:45:51.319,-98740.77344654853,-176734.75283706182,-97331.84595815671,-0.29124074645167,-1.15607596165036,-0.6295818594619,224629.475890459,1.3482233195072078
2026-04-04T03:49:51.319,-98810.5738239788,-177012.03211154576,-97482.8471349076,-0.2904295585004,-1.15458531048495,-0.62876164168568,224943.75852023688,1.346386931640989
2026-04-04T03:53:51.319,-98880.17987058366,-177288.95409795287,-97633.65171925093,-0.28962131999091,-1.15309855755312,-0.62794358747611,225257.61510861517,1.3445556669311727
2026-04-04T03:57:51.319,-98949.59229213589,-177565.51972937657,-97784.26022906177,-0.28881601350449,-1.1516156821927,-0.62712768533985,225571.04681250296,1.3427294972735577
2026-04-04T04:01:51.319,-99018.81179024567,-177841.7299339703,-97934.67317946727,-0.28801362177128,-1.15013666389881,-0.62631392387146,225884.05478259944,1.3409083947851768
2026-04-04T04:05:51.319,-99087.83906239616,-178117.58563498498,-98084.89108286779,-0.28721412766874,-1.14866148232228,-0.62550229175246,226196.6401634418,1.339092331801998
2026-04-04T04:09:51.319,-99156.67480197859,-178393.08775080636,-98234.91444895758,-0.28641751421997,-1.14719011726816,-0.62469277775051,226508.80409345296,1.3372812808767383
2026-04-04T04:13:51.319,-99225.31969832705,-178668.2371949917,-98384.7437847454,-0.28562376459222,-1.1457225486941,-0.62388537071854,226820.54770498862,1.3354752147765778
2026-04-04T04:17:51.319,-99293.77443675294,-178943.03487630625,-98534.37959457484,-0.28483286209532,-1.14425875670894,-0.62308005959387,227131.87212438392,1.3336741064810405
2026-04-04T04:21:51.319,-99362.03969857897,-179217.4816987594,-98683.8223801445,-0.28404479018015,-1.14279872157114,-0.62227683339746,227442.7784719995,1.3318779291798057
2026-04-04T04:25:51.319,-99430.11616117282,-179491.57856164034,-98833.07264052796,-0.28325953243712,-1.14134242368738,-0.621475681233,227753.26786226733,1.330086656270598
2026-04-04T04:29:51.319,-99498.00449798048,-179765.32635955355,-98982.13087219353,-0.28247707259474,-1.13988984361103,-0.62067659228615,228063.3414037359,1.328300261357055
2026-04-04T04:33:51.319,-99565.7053785592,-180038.72598245376,-99130.99756902385,-0.28169739451811,-1.13844096204078,-0.61987955582371,228373.0001991149,1.326518718246685
2026-04-04T04:37:51.319,-99633.2194686101,-180311.77831568065,-99279.67322233523,-0.28092048220746,-1.1369957598192,-0.61908456119283,228682.24534531982,1.3247420009488
2026-04-04T04:41:51.319,-99700.54743001043,-180584.4842399933,-99428.15832089687,-0.28014631979679,-1.13555421793131,-0.61829159782023,228991.07793351574,1.3229700836724796
2026-04-04T04:45:51.319,-99767.6899208455,-180856.8446316041,-99576.45335094984,-0.27937489155238,-1.13411631750325,-0.61750065521143,229299.4990491607,1.321202940824604
2026-04-04T04:49:51.319,-99834.6475954403,-181128.86036221252,-99724.55879622595,-0.27860618187147,-1.13268203980086,-0.61671172294998,229607.50977204897,1.3194405470078476
2026-04-04T04:53:51.319,-99901.42110439068,-181400.53229903852,-99872.47513796629,-0.27784017528083,-1.13125136622834,-0.61592479069669,229915.11117635353,1.3176828770187197
2026-04-04T04:57:51.319,-99968.01109459437,-181671.86130485547,-100020.2028549398,-0.27707685643546,-1.12982427832696,-0.6151398481889,230222.30433066838,1.3159299058456935
2026-04-04T05:01:51.319,-100034.41820928153,-181942.84823802297,-100167.74242346144,-0.2763162101172,-1.12840075777367,-0.61435688523972,230529.09029805026,1.3141816086672253
2026-04-04T05:05:51.319,-100100.64308804505,-182213.49395251923,-100315.0943174104,-0.27555822123345,-1.12698078637983,-0.61357589173733,230835.4701360601,1.3124379608499226
2026-04-04T05:09:51.319,-100166.68636687055,-182483.79929797325,-100462.25900824791,-0.27480287481583,-1.12556434608995,-0.61279685764423,231141.44489680402,1.3106989379466911
2026-04-04T05:13:51.319,-100232.54867816599,-182753.7651196965,-100609.23696503507,-0.27405015601895,-1.12415141898036,-0.61201977299656,231447.01562697388,1.3089645156948788
2026-04-04T05:17:51.319,-100298.23065079108,-183023.39225871448,-100756.02865445042,-0.27330005011906,-1.12274198725798,-0.61124462790336,231752.18336788757,1.307234670014453
2026-04-04T05:21:51.319,-100363.73291008631,-183292.68155179787,-100902.63454080734,-0.27255254251288,-1.12133603325908,-0.61047141254587,232056.94915552874,1.3055093770062296
2026-04-04T05:25:51.319,-100429.05607790171,-183561.63383149353,-101049.05508607133,-0.27180761871629,-1.11993353944806,-0.6097001171769,232361.3140205863,1.3037886129501228
2026-04-04T05:29:51.319,-100494.20077262529,-183830.24992615494,-101195.29074987704,-0.27106526436316,-1.1185344884162,-0.60893073212008,232665.27898849337,1.3020723543033454
2026-04-04T05:33:51.319,-100559.16760921125,-184098.53065997266,-101341.34198954525,-0.2703254652041,-1.11713886288048,-0.60816324776924,232968.84507946615,1.3003605776987146
2026-04-04T05:37:51.319,-100623.95719920778,-184366.47685300425,-101487.20926009963,-0.26958820710532,-1.11574664568241,-0.60739765458772,233272.013308542,1.2986532599429585
2026-04-04T05:41:51.319,-100688.57015078477,-184634.08932120408,-101632.89301428328,-0.26885347604739,-1.11435781978683,-0.6066339431077,233574.7846856176,1.2969503780149871
2026-04-04T05:45:51.319,-100753.00706876101,-184901.36887645276,-101778.39370257528,-0.26812125812413,-1.11297236828076,-0.6058721039296,233877.16021548636,1.2952519090642678
2026-04-04T05:49:51.319,-100817.2685546313,-185168.31632658633,-101923.7117732069,-0.26739153954144,-1.11159027437227,-0.60511212772138,234179.14089787574,1.293557830409161
2026-04-04T05:53:51.319,-100881.3552065932,-185434.93247542516,-102068.84767217776,-0.26666430661616,-1.11021152138931,-0.60435400521797,234480.72772748413,1.29186811953529
2026-04-04T05:57:51.319,-100945.2676195735,-185701.21812280265,-102213.80184327182,-0.26593954577496,-1.10883609277863,-0.60359772722057,234781.9216940173,1.290182754093934
2026-04-04T06:01:51.319,-101009.00638525446,-185967.17406459354,-102358.57472807329,-0.26521724355325,-1.10746397210466,-0.60284328459611,235082.72378222473,1.28850171190047
2026-04-04T06:05:51.319,-101072.57209209977,-186232.801092742,-102503.16676598218,-0.26449738659406,-1.1060951430484,-0.60209066827656,235383.13497193521,1.2868249709327462
2026-04-04T06:09:51.319,-101135.96532538028,-186498.0999952896,-102647.57839422997,-0.26377996164697,-1.10472958940637,-0.6013398692584,235683.15623809258,1.2851525093295946
2026-04-04T06:13:51.319,-101199.1866671994,-186763.07155640278,-102791.81004789498,-0.26306495556706,-1.10336729508951,-0.60059087860195,235982.78855079075,1.2834843053892413
2026-04-04T06:17:51.319,-101262.23669651833,-187027.71655640024,-102935.86215991757,-0.26235235531384,-1.10200824412213,-0.59984368743084,236282.03287530862,1.2818203375678225
2026-04-04T06:21:51.319,-101325.11598918095,-187292.03577178,-103079.73516111534,-0.26164214795023,-1.1006524206409,-0.59909828693138,236580.89017214466,1.2801605844778994
2026-04-04T06:25:51.319,-101387.82511793857,-187556.02997524632,-103223.42948019807,-0.26093432064151,-1.09929980889375,-0.59835466835203,236879.36139705084,1.2785050248869378
2026-04-04T06:29:51.319,-101450.36465247434,-187819.6999357361,-103366.94554378255,-0.26022886065433,-1.09795039323893,-0.59761282300277,237177.44750106675,1.276853637715894
2026-04-04T06:33:51.319,-101512.73515942747,-188083.04641844548,-103510.28377640732,-0.25952575535568,-1.09660415814392,-0.59687274225459,237475.14943055314,1.2752064020377196
2026-04-04T06:37:51.319,-101574.93720241719,-188346.07018485572,-103653.4446005472,-0.25882499221194,-1.0952610881845,-0.59613441753888,237772.46812722515,1.273563297075974
2026-04-04T06:41:51.319,-101636.9713420665,-188608.77199275923,-103796.42843662773,-0.25812655878788,-1.0939211680437,-0.59539784034694,238069.40452818517,1.2719243022033841
2026-04-04T06:45:51.319,-101698.83813602566,-188871.15259628504,-103939.23570303952,-0.25743044274568,-1.09258438251089,-0.59466300222937,238365.9595659555,1.2702893969404716
2026-04-04T06:49:51.319,-101760.53813899543,-189133.21274592436,-104081.86681615237,-0.25673663184402,-1.09125071648076,-0.59392989479557,238662.13416851094,1.2686585609541523
2026-04-04T06:53:51.319,-101822.07190275012,-189394.95318855566,-104224.32219032935,-0.2560451139371,-1.0899201549524,-0.59319850971321,238957.9292593104,1.2670317740563966
2026-04-04T06:57:51.319,-101883.43997616046,-189656.3746674696,-104366.6022379407,-0.2553558769737,-1.08859268302833,-0.59246883870767,239253.345757329,1.2654090162028404
2026-04-04T07:01:51.319,-101944.64290521613,-189917.47792239374,-104508.70736937762,-0.25466890899633,-1.0872682859136,-0.59174087356155,239548.38457708945,1.2637902674915111
2026-04-04T07:05:51.319,-102005.68123304815,-190178.26368951713,-104650.63799306598,-0.25398419814023,-1.08594694891483,-0.59101460611412,239843.04662869318,1.2621755081614412
2026-04-04T07:09:51.319,-102066.55549995106,-190438.73270151447,-104792.39451547978,-0.25330173263254,-1.08462865743932,-0.59029002826087,240137.33281785116,1.2605647185914286
2026-04-04T07:13:51.319,-102127.26624340485,-190698.88568757017,-104933.97734115468,-0.25262150079139,-1.08331339699415,-0.58956713195293,240431.24404591476,1.2589578792987088
2026-04-04T07:17:51.319,-102187.81399809668,-190958.7233734023,-105075.38687270119,-0.25194349102502,-1.08200115318528,-0.58884590919662,240724.78120990578,1.2573549709376999
2026-04-04T07:21:51.319,-102248.19929594241,-191218.24648128607,-105216.62351081792,-0.25126769183092,-1.08069191171667,-0.58812635205295,241017.94520254678,1.2557559742987408
2026-04-04T07:25:51.319,-102308.42266610794,-191477.45573007734,-105357.68765430468,-0.25059409179497,-1.07938565838938,-0.58740845263712,241310.73691229065,1.2541608703068188
2026-04-04T07:29:51.319,-102368.4846350303,-191736.3518352358,-105498.57970007534,-0.24992267959061,-1.07808237910078,-0.58669220311805,241603.15722335028,1.2525696400204103
2026-04-04T07:33:51.319,-102428.38572643854,-191994.93550884796,-105639.30004317072,-0.24925344397798,-1.07678205984361,-0.58597759571787,241895.20701572782,1.2509822646301694
2026-04-04T07:37:51.319,-102488.12646137452,-192253.20745964997,-105779.8490767713,-0.24858637380312,-1.07548468670518,-0.58526462271152,242186.88716524356,1.2493987254578025
2026-04-04T07:41:51.319,-102547.70735821332,-192511.16839305017,-105920.2271922098,-0.24792145799713,-1.07419024586654,-0.5845532764262,242478.19854356477,1.2478190039548387
2026-04-04T07:45:51.319,-102607.12893268366,-192768.81901115156,-106060.43477898373,-0.24725868557539,-1.07289872360163,-0.58384354924095,242769.14201823415,1.2462430817014576
2026-04-04T07:49:51.319,-102666.39169788794,-193026.1600127739,-106200.47222476776,-0.24659804563676,-1.0716101062765,-0.58313543358622,243059.718452698,1.2446709404053706
2026-04-04T07:53:51.319,-102725.49616432225,-193283.1920934758,-106340.33991542594,-0.24593952736274,-1.07032438034844,-0.58242892194334,243349.9287063343,1.2431025619005702
2026-04-04T07:57:51.319,-102784.44283989609,-193539.9159455765,-106480.03823502392,-0.2452831200168,-1.06904153236525,-0.58172400684416,243639.77363448037,1.2415379281463141
2026-04-04T08:01:51.319,-102843.23222995191,-193796.33225817748,-106619.56756584105,-0.24462881294348,-1.06776154896439,-0.58102068087054,243929.25408846044,1.2399770212258916
2026-04-04T08:05:51.319,-102901.86483728456,-194052.4417171839,-106758.92828838222,-0.24397659556776,-1.06648441687225,-0.58031893665396,244218.37091561267,1.2384198233456052
2026-04-04T08:09:51.319,-102960.3411621604,-194308.2450053258,-106898.12078138982,-0.2433264573942,-1.06521012290332,-0.57961876687505,244507.12495931642,1.236866316833582
2026-04-04T08:13:51.319,-103018.66170233641,-194563.74280217924,-107037.14542185547,-0.24267838800626,-1.06393865395948,-0.5789201642632,244795.51705901892,1.235316484138764
2026-04-04T08:17:51.319,-103076.82695307897,-194818.9357841872,-107176.00258503162,-0.24203237706556,-1.0626699970292,-0.5782231215961,245083.5480502617,1.2337703078297773
2026-04-04T08:21:51.319,-103134.83740718257,-195073.82462468007,-107314.6926444431,-0.24138841431112,-1.06140413918682,-0.57752763169936,245371.21876470704,1.232227770593904
2026-04-04T08:25:51.319,-103192.69355498826,-195328.40999389644,-107453.21597189865,-0.24074648955871,-1.06014106759178,-0.57683368744604,245658.53003016382,1.2306888552359923
2026-04-04T08:29:51.319,-103250.39588440204,-195582.69255900322,-107591.57293750216,-0.24010659270006,-1.05888076948792,-0.5761412817563,245945.48267061374,1.229153544677456
2026-04-04T08:33:51.319,-103307.94488091295,-195836.67298411592,-107729.76390966399,-0.23946871370222,-1.05762323220272,-0.57545040759697,246232.0775062365,1.2276218219552155
2026-04-04T08:37:51.319,-103365.34102761111,-196090.35193031863,-107867.78925511207,-0.23883284260683,-1.05636844314661,-0.57476105798113,246518.31535343544,1.226093670220689
2026-04-04T08:41:51.319,-103422.5848052055,-196343.73005568382,-108005.64933890301,-0.23819896952948,-1.05511638981223,-0.57407322596773,246804.1970248627,1.2245690727387721
2026-04-04T08:45:51.319,-103479.67669204163,-196596.80801529196,-108143.34452443302,-0.23756708465899,-1.05386705977376,-0.57338690466123,247089.72332944415,1.2230480128868808
2026-04-04T08:49:51.319,-103536.61716411907,-196849.58646125108,-108280.8751734488,-0.23693717825675,-1.0526204406862,-0.57270208721113,247374.89507240406,1.2215304741539057
2026-04-04T08:53:51.319,-103593.4066951088,-197102.066042716,-108418.2416460583,-0.23630924065608,-1.05137652028471,-0.57201876681167,247659.71305528982,1.220016440139305
2026-04-04T08:57:51.319,-103650.0457563703,-197354.24740590758,-108555.44430074142,-0.23568326226155,-1.05013528638388,-0.57133693670141,247944.17807599597,1.2185058945520744
2026-04-04T09:01:51.319,-103706.53481696866,-197606.1311941316,-108692.4834943606,-0.23505923354837,-1.0488967268771,-0.57065659016284,248228.29092878863,1.2169988212098317
2026-04-04T09:05:51.319,-103762.87434369145,-197857.71804779762,-108829.3595821713,-0.23443714506169,-1.04766082973588,-0.56997772052205,248512.05240432912,1.2154952040378688
2026-04-04T09:09:51.319,-103819.06480106538,-198109.00860443775,-108966.07291783243,-0.23381698741605,-1.0464275830092,-0.56930032114831,248795.4632896978,1.2139950270682176
2026-04-04T09:13:51.319,-103875.10665137292,-198360.00349872504,-109102.62385341669,-0.23319875129466,-1.0451969748228,-0.56862438545374,249078.52436841768,1.2124982744386752
2026-04-04T09:17:51.319,-103931.0003546687,-198610.70336249188,-109239.01273942081,-0.23258242744889,-1.04396899337864,-0.56794990689296,249361.23642047742,1.2110049303920074
2026-04-04T09:21:51.319,-103986.74636879576,-198861.10882474817,-109375.23992477564,-0.23196800669755,-1.04274362695415,-0.56727687896269,249643.60022235464,1.2095149792749076
2026-04-04T09:25:51.319,-104042.34514940175,-199111.22051169944,-109511.30575685631,-0.23135547992637,-1.04152086390168,-0.56660529520142,249925.61654703887,1.2080284055372006
2026-04-04T09:29:51.319,-104097.79714995481,-199361.03904676466,-109647.21058149214,-0.23074483808736,-1.04030069264782,-0.56593514918909,250207.28616405407,1.206545193730916
2026-04-04T09:33:51.319,-104153.1028217595,-199610.5650505941,-109782.95474297657,-0.23013607219824,-1.0390831016928,-0.56526643454667,250488.60983948133,1.2050653285094
2026-04-04T09:37:51.319,-104208.26261397242,-199859.79914108678,-109918.53858407697,-0.22952917334184,-1.0378680796099,-0.5645991449359,250769.58833598107,1.2035887946265036
2026-04-04T09:41:51.319,-104263.27697361782,-200108.74193340808,-110053.9624460444,-0.22892413266553,-1.03665561504478,-0.56393327405889,251050.22241281526,1.2021155769356437
2026-04-04T09:45:51.319,-104318.14634560302,-200357.3940400069,-110189.22666862322,-0.22832094138066,-1.03544569671494,-0.56326881565782,251330.51282586934,1.2006456603890265
2026-04-04T09:49:51.319,-104372.87117273366,-200605.75607063298,-110324.33159006068,-0.22771959076197,-1.03423831340912,-0.56260576351457,251610.46032767402,1.19917903003678
2026-04-04T09:53:51.319,-104427.4518957289,-200853.82863235378,-110459.27754711644,-0.22712007214705,-1.03303345398666,-0.56194411145045,251890.06566742688,1.1977156710261103
2026-04-04T09:57:51.319,-104481.88895323637,-201101.61232957142,-110594.06487507194,-0.2265223769358,-1.03183110737698,-0.56128385332581,252169.32959101364,1.1962555686005054
2026-04-04T10:01:51.319,-104536.18278184714,-201349.10776403948,-110728.6939077398,-0.22592649658986,-1.03063126257894,-0.56062498303977,252448.25284102972,1.1947987080988876
2026-04-04T10:05:51.319,-104590.33381611039,-201596.31553487948,-110863.16497747302,-0.22533242263207,-1.02943390866034,-0.55996749452987,252726.8361568009,1.1933450749548526
2026-04-04T10:09:51.319,-104644.34248854809,-201843.23623859748,-110997.47841517418,-0.22474014664594,-1.0282390347573,-0.55931138177176,253005.08027440452,1.1918946546958327
2026-04-04T10:13:51.319,-104698.2092296695,-202089.87046910034,-111131.63455030457,-0.22414966027516,-1.02704663007371,-0.5586566387789,253282.98592669002,1.1904474329423254
2026-04-04T10:17:51.319,-104751.9344679855,-202336.21881771192,-111265.63371089323,-0.22356095522301,-1.02585668388069,-0.55800325960223,253560.5538432995,1.1890033954071049
2026-04-04T10:21:51.319,-104805.51863002287,-202582.28187318917,-111399.47622354589,-0.22297402325189,-1.02466918551605,-0.5573512383299,253837.78475068818,1.1875625278944821
2026-04-04T10:25:51.319,-104858.96214033841,-202828.06022173804,-111533.16241345384,-0.2223888561828,-1.02348412438372,-0.55670056908691,254114.67937214448,1.186124816299488
2026-04-04T10:29:51.319,-104912.26542153294,-203073.5544470293,-111666.6926044028,-0.22180544589482,-1.02230148995321,-0.55605124603487,254391.2384278101,1.1846902466071392
2026-04-04T10:33:51.319,-104965.42889426519,-203318.7651302143,-111800.06711878159,-0.22122378432464,-1.02112127175913,-0.55540326337166,254667.46263470006,1.1832588048917225
2026-04-04T10:37:51.319,-105018.45297726554,-203563.69284994036,-111933.2862775909,-0.22064386346603,-1.01994345940058,-0.55475661533116,254943.35270672213,1.1818304773159827
2026-04-04T10:41:51.319,-105071.33808734968,-203808.3381823663,-112066.35040045183,-0.22006567536937,-1.01876804254072,-0.55411129618295,255218.9093546965,1.1804052501304694
2026-04-04T10:45:51.319,-105124.08463943216,-204052.70170117775,-112199.2598056144,-0.21948921214118,-1.01759501090618,-0.55346730023203,255494.13328637526,1.1789831096727539
2026-04-04T10:49:51.319,-105176.69304653975,-204296.7839776023,-112332.0148099661,-0.2189144659436,-1.01642435428658,-0.55282462181851,255769.02520646158,1.1775640423667162
2026-04-04T10:53:51.319,-105229.16371982478,-204540.5855804245,-112464.61572904019,-0.21834142899397,-1.01525606253403,-0.55218325531736,256043.5858166287,1.176148034721866
2026-04-04T10:57:51.319,-105281.4970685783,-204784.10707600095,-112597.0628770241,-0.2177700935643,-1.01409012556262,-0.55154319513811,256317.81581553904,1.1747350733326087
2026-04-04T11:01:51.319,-105333.6935002432,-205027.34902827494,-112729.35656676766,-0.21720045198087,-1.01292653334791,-0.55090443572458,256591.71589886275,1.1733251448775512
2026-04-04T11:05:51.319,-105385.75342042709,-205270.31199879124,-112861.4971097913,-0.21663249662374,-1.01176527592646,-0.5502669715546,256865.28675929643,1.171918236118822
2026-04-04T11:09:51.319,-105437.67723291523,-205512.9965467107,-112993.48481629419,-0.21606621992627,-1.01060634339534,-0.54963079713976,257138.52908658175,1.1705143339013901
2026-04-04T11:13:51.319,-105489.46533968323,-205755.40322882464,-113125.31999516231,-0.21550161437473,-1.00944972591164,-0.54899590702511,257411.44356752347,1.1691134251523772
2026-04-04T11:17:51.319,-105541.11814090972,-205997.53259956924,-113257.00295397644,-0.21493867250782,-1.00829541369199,-0.5483622957889,257684.0308860079,1.1677154968803822
2026-04-04T11:21:51.319,-105592.63603498887,-206239.3852110398,-113388.53399902007,-0.21437738691623,-1.00714339701212,-0.54772995804236,257956.2917230208,1.166320536174867
2026-04-04T11:25:51.319,-105644.01941854278,-206480.96161300482,-113519.91343528737,-0.21381775024222,-1.00599366620634,-0.54709888842936,258228.2267566653,1.1649285302054195
2026-04-04T11:29:51.319,-105695.26868643388,-206722.26235292002,-113651.14156649087,-0.21325975517918,-1.0048462116671,-0.54646908162622,258499.83666217953,1.1635394662211551
2026-04-04T11:33:51.319,-105746.38423177706,-206963.28797594222,-113782.21869506933,-0.21270339447121,-1.00370102384457,-0.54584053234144,258771.12211195438,1.1621533315501014
2026-04-04T11:37:51.319,-105797.36644595188,-207204.0390249432,-113913.14512219538,-0.2121486609127,-1.00255809324612,-0.54521323531541,259042.08377555094,1.160770113598487
2026-04-04T11:41:51.319,-105848.21571861452,-207444.51604052327,-114043.92114778311,-0.21159554734791,-1.00141741043591,-0.54458718532021,259312.72231971775,1.1593897998501685
2026-04-04T11:45:51.319,-105898.93243770974,-207684.71956102498,-114174.54707049574,-0.21104404667055,-1.00027896603444,-0.54396237715933,259583.03840840806,1.1580123778659877
2026-04-04T11:49:51.319,-105949.51698948267,-207924.65012254647,-114305.02318775303,-0.2104941518234,-0.9991427507181,-0.54333880566743,259853.03270279683,1.1566378352831508
2026-04-04T11:53:51.319,-105999.96975849057,-208164.30825895487,-114435.34979573879,-0.20994585579789,-0.99800875521873,-0.54271646571008,260122.7058612977,1.1552661598146063
2026-04-04T11:57:51.319,-106050.29112761443,-208403.69450189962,-114565.52718940825,-0.20939915163367,-0.99687697032321,-0.54209535218358,260392.05853957974,1.1538973392484804
2026-04-04T12:01:51.319,-106100.4814780705,-208642.8093808255,-114695.55566249543,-0.20885403241829,-0.99574738687302,-0.54147546001463,260661.09139058413,1.1525313614474373
2026-04-04T12:05:51.319,-106150.54118942178,-208881.65342298578,-114825.43550752036,-0.20831049128674,-0.99461999576379,-0.54085678416018,260929.80506454068,1.1511682143480928
2026-04-04T12:09:51.319,-106200.47063958929,-209120.2271534552,-114955.16701579635,-0.20776852142108,-0.99349478794492,-0.54023931960713,261198.2002089842,1.1498078859604322
2026-04-04T12:13:51.319,-106250.27020486335,-209358.53109514265,-115084.75047743715,-0.20722811605009,-0.99237175441913,-0.53962306137214,261466.27746877083,1.148450364367225
2026-04-04T12:17:51.319,-106299.94025991479,-209596.56576880414,-115214.18618136404,-0.20668926844886,-0.99125088624208,-0.53900800450138,261734.0374860941,1.147095637723461
2026-04-04T12:21:51.319,-106349.48117780594,-209834.33169305528,-115343.47441531291,-0.20615197193841,-0.99013217452194,-0.53839414407031,262001.480900501,1.1457436942557626
2026-04-04T12:25:51.319,-106398.8933300017,-210071.82938438392,-115472.61546584126,-0.20561621988536,-0.98901561041898,-0.53778147518344,262268.60834890784,1.1443945222618157
2026-04-04T12:29:51.319,-106448.17708638034,-210309.0593571626,-115601.6096183351,-0.20508200570152,-0.98790118514519,-0.53716999297413,262535.42046561616,1.1430481101098309
2026-04-04T12:33:51.319,-106497.33281524439,-210546.02212366086,-115730.45715701593,-0.20454932284354,-0.98678888996386,-0.53655969260435,262801.9178823281,1.1417044462379624
2026-04-04T12:37:51.319,-106546.36088333129,-210782.71819405764,-115859.1583649475,-0.20401816481256,-0.98567871618922,-0.53595056926448,263068.1012281622,1.1403635191537977
2026-04-04T12:41:51.319,-106595.26165582408,-211019.14807645328,-115987.71352404267,-0.20348852515385,-0.984570655186,-0.53534261817306,263333.9711296685,1.1390253174337543
2026-04-04T12:45:51.319,-106644.03549636193,-211255.31227688168,-116116.1229150701,-0.20296039745647,-0.98346469836909,-0.53473583457662,263599.52821084444,1.1376898297226041
2026-04-04T12:49:51.319,-106692.68276705057,-211491.21129932237,-116244.38681766092,-0.20243377535288,-0.98236083720315,-0.53413021374942,263864.7730931492,1.1363570447329023
2026-04-04T12:53:51.319,-106741.20382847275,-211726.84564571225,-116372.50551031543,-0.20190865251865,-0.98125906320221,-0.53352575099327,264129.70639551926,1.1350269512444664
2026-04-04T12:57:51.319,-106789.59903969843,-211962.21581595755,-116500.47927040963,-0.20138502267209,-0.98015936792931,-0.53292244163733,264394.3287343835,1.1336995381038648
2026-04-04T13:01:51.319,-106837.86875829511,-212197.32230794537,-116628.30837420179,-0.20086287957391,-0.97906174299612,-0.53232028103785,264658.6407236776,1.1323747942238644
2026-04-04T13:05:51.319,-106886.01334033789,-212432.16561755553,-116755.99309683891,-0.20034221702689,-0.97796618006259,-0.53171926457804,264922.6429748588,1.1310527085829711
2026-04-04T13:09:51.319,-106934.03314041956,-212666.74623867188,-116883.53371236315,-0.19982302887556,-0.97687267083656,-0.53111938766779,265186.336096921,1.129733270224864
2026-04-04T13:13:51.319,-106981.92851166058,-212901.06466319397,-117010.93049371825,-0.19930530900587,-0.97578120707343,-0.53052064574352,265449.7206964086,1.1284164682579418
2026-04-04T13:17:51.319,-107029.69980571896,-213135.12138104823,-117138.18371275585,-0.19878905134486,-0.97469178057575,-0.52992303426799,265712.79737743124,1.1271022918547848
2026-04-04T13:21:51.319,-107077.34737280013,-213368.9168801994,-117265.29364024181,-0.19827424986032,-0.97360438319294,-0.52932654873004,265975.56674167817,1.1257907302516899
2026-04-04T13:25:51.319,-107124.87156166659,-213602.4516466616,-117392.26054586239,-0.19776089856051,-0.97251900682087,-0.52873118464446,266238.02938843204,1.1244817727481604
2026-04-04T13:29:51.319,-107172.2727196477,-213835.7261645095,-117519.08469823051,-0.19724899149384,-0.97143564340154,-0.52813693755176,266500.1859145834,1.1231754087064285
2026-04-04T13:33:51.319,-107219.55119264923,-214068.74091588944,-117645.76636489188,-0.19673852274854,-0.97035428492275,-0.52754380301798,266762.03691464436,1.1218716275509835
2026-04-04T13:37:51.319,-107266.70732516283,-214301.4963810302,-117772.3058123311,-0.19622948645234,-0.96927492341773,-0.52695177663453,267023.58298076235,1.1205704187680858
2026-04-04T13:41:51.319,-107313.74146027555,-214533.993038254,-117898.70330597775,-0.19572187677222,-0.96819755096482,-0.52636085401795,267284.82470273436,1.119271771905296
2026-04-04T13:45:51.319,-107360.65393967915,-214766.23136398723,-118024.95911021232,-0.19521568791405,-0.96712215968712,-0.52577103080976,267545.7626680201,1.1179756765710032
2026-04-04T13:49:51.319,-107407.44510367949,-214998.21183277114,-118151.07348837233,-0.19471091412234,-0.96604874175218,-0.52518230267628,267806.3974617556,1.116682122433993
2026-04-04T13:53:51.319,-107454.1152912057,-215229.9349172725,-118277.04670275812,-0.19420754967991,-0.96497728937165,-0.52459466530842,268066.72966676694,1.1153910992229519
2026-04-04T13:57:51.319,-107500.66483981935,-215461.4010882942,-118402.87901463879,-0.19370558890759,-0.96390779480094,-0.52400811442151,268326.7598635834,1.1141025967260079
2026-04-04T14:01:51.319,-107547.09408572354,-215692.61081478556,-118528.57068425803,-0.19320502616399,-0.96284025033895,-0.52342264575513,268586.4886304506,1.1128166047903403
2026-04-04T14:05:51.319,-107593.40336377194,-215923.56456385285,-118654.12197083991,-0.19270585584514,-0.96177464832769,-0.52283825507291,268845.91654334386,1.1115331133216613
2026-04-04T14:09:51.319,-107639.59300747774,-216154.2628007696,-118779.53313259469,-0.19220807238425,-0.96071098115201,-0.52225493816237,269105.04417598114,1.1102521122838307
2026-04-04T14:13:51.319,-107685.66334902254,-216384.70598898674,-118904.80442672443,-0.19171167025143,-0.95964924123924,-0.52167269083475,269363.87209983607,1.1089735916983825
2026-04-04T14:17:51.319,-107731.61471926513,-216614.8945901429,-119029.93610942873,-0.19121664395338,-0.95858942105892,-0.52109150892481,269622.4008841505,1.1076975416441097
2026-04-04T14:21:51.319,-107777.4474477503,-216844.8290640744,-119154.92843591035,-0.19072298803316,-0.95753151312246,-0.52051138829069,269880.63109594793,1.1064239522566321
2026-04-04T14:25:51.319,-107823.1618627175,-217074.50986882532,-119279.78166038077,-0.19023069706988,-0.95647550998285,-0.51993232481371,270138.5633000454,1.1051528137279636
2026-04-04T14:29:51.319,-107868.7582911095,-217303.93746065735,-119404.49603606579,-0.18973976567843,-0.95542140423436,-0.51935431439823,270396.1980590665,1.1038841163061082
2026-04-04T14:33:51.319,-107914.23705858084,-217533.1122940598,-119529.07181521096,-0.18925018850926,-0.95436918851222,-0.51877735297146,270653.535933454,1.1026178502946242
2026-04-04T14:37:51.319,-107959.59848950648,-217762.0348217593,-119653.50924908712,-0.18876196024806,-0.95331885549234,-0.51820143648328,270910.57748148177,1.1013540060522093
2026-04-04T14:41:51.319,-108004.8429069901,-217990.7054947295,-119777.80858799577,-0.18827507561552,-0.952270397891,-0.51762656090614,271167.32325926743,1.1000925739923122
2026-04-04T14:45:51.319,-108049.97063287256,-218219.12476220087,-119901.97008127447,-0.18778952936709,-0.95122380846457,-0.51705272223483,271423.7738207846,1.09883354458271
2026-04-04T14:49:51.319,-108094.98198774013,-218447.29307167008,-120025.99397730225,-0.18730531629268,-0.95017908000922,-0.51647991648634,271679.92971787474,1.097576908345108
2026-04-04T14:53:51.319,-108139.87729093281,-218675.21086890972,-120149.8805235048,-0.18682243121646,-0.94913620536062,-0.5159081396997,271935.79150025954,1.0963226558547403
2026-04-04T14:57:51.319,-108184.65686055245,-218902.8785979776,-120273.62996635986,-0.18634086899655,-0.94809517739366,-0.51533738793584,272191.3597155524,1.0950707777399777
2026-04-04T15:01:51.319,-108229.32101347092,-219130.2967012262,-120397.24255140238,-0.18586062452484,-0.94705598902217,-0.51476765727741,272446.634909271,1.0938212646819394
2026-04-04T15:05:51.319,-108273.87006533817,-219357.465619312,-120520.71852322973,-0.18538169272666,-0.94601863319865,-0.51419894382863,272701.61762484827,1.0925741074141022
2026-04-04T15:09:51.319,-108318.3043305902,-219584.38579120458,-120644.05812550688,-0.18490406856061,-0.94498310291396,-0.51363124371512,272956.3084036447,1.091329296721894
2026-04-04T15:13:51.319,-108362.62412245707,-219811.05765419602,-120767.26160097151,-0.18442774701829,-0.94394939119709,-0.51306455308379,273210.7077849598,1.0900868234423662
2026-04-04T15:17:51.319,-108406.82975297073,-220037.48164390985,-120890.32919143907,-0.18395272312406,-0.94291749111484,-0.51249886810266,273464.81630604336,1.088846678463763
2026-04-04T15:21:51.319,-108450.92153297292,-220263.65819431015,-121013.26113780787,-0.18347899193478,-0.94188739577158,-0.51193418496068,273718.63450210734,1.0876088527251548
2026-04-04T15:25:51.319,-108494.89977212287,-220489.58773771056,-121136.05768006406,-0.18300654853962,-0.94085909830899,-0.51137049986764,273972.16290633683,1.086373337216111
2026-04-04T15:29:51.319,-108538.76477890508,-220715.27070478312,-121258.71905728662,-0.18253538805982,-0.93983259190576,-0.51080780905399,274225.40204990155,1.0851401229762843
2026-04-04T15:33:51.319,-108582.51686063697,-220940.7075245672,-121381.24550765235,-0.18206550564841,-0.93880786977735,-0.5102461087707,274478.3524619671,1.083909201095063
2026-04-04T15:37:51.319,-108626.15632347648,-221165.8986244783,-121503.63726844065,-0.18159689649006,-0.93778492517573,-0.5096853952891,274731.01466970594,1.0826805627112168
2026-04-04T15:41:51.319,-108669.68347242964,-221390.84443031665,-121625.89457603852,-0.18112955580078,-0.9367637513891,-0.50912566490076,274983.3891983084,1.0814541990125186
2026-04-04T15:45:51.319,-108713.09861135807,-221615.54536627608,-121748.01766594536,-0.18066347882776,-0.93574434174168,-0.50856691391734,275235.47657099395,1.0802301012354383
2026-04-04T15:49:51.319,-108756.40204298643,-221840.00185495248,-121870.00677277772,-0.18019866084909,-0.93472668959339,-0.50800913867042,275487.27730902185,1.0790082606647111
2026-04-04T15:53:51.319,-108799.5940689098,-222064.21431735237,-121991.86213027415,-0.17973509717361,-0.93371078833965,-0.50745233551142,275738.7919317019,1.077788668633073
2026-04-04T15:57:51.319,-108842.67498960107,-222288.18317290142,-122113.58397129987,-0.17927278314061,-0.93269663141112,-0.50689650081141,275990.0209564052,1.0765713165208717
2026-04-04T16:01:51.319,-108885.64510441819,-222511.90883945287,-122235.17252785154,-0.1788117141197,-0.93168421227342,-0.50634163096097,276240.96489857533,1.0753561957557056
2026-04-04T16:05:51.319,-108928.5047116114,-222735.39173329587,-122356.62803106185,-0.17835188551055,-0.93067352442693,-0.5057877223701,276491.624271738,1.0741432978121426
2026-04-04T16:09:51.319,-108971.25410833048,-222958.6322691638,-122477.95071120423,-0.17789329274265,-0.92966456140652,-0.50523477146805,276741.9995875124,1.0729326142113362
2026-04-04T16:13:51.319,-109013.89359063184,-223181.63086024253,-122599.14079769743,-0.1774359312752,-0.92865731678131,-0.50468277470316,276992.0913556212,1.0717241365207002
2026-04-04T16:17:51.319,-109056.42345348562,-223404.3879181786,-122720.19851911007,-0.1769797965968,-0.92765178415444,-0.50413172854282,277241.90008390107,1.0705178563536117
2026-04-04T16:21:51.319,-109098.84399078277,-223626.9038530874,-122841.1241031652,-0.1765248842253,-0.92664795716282,-0.50358162947321,277491.4262783129,1.0693137653690223
2026-04-04T16:25:51.319,-109141.155495342,-223849.17907356113,-122961.91777674483,-0.1760711897076,-0.92564582947691,-0.50303247399929,277740.67044295225,1.0681118552712037
2026-04-04T16:29:51.319,-109183.3582589167,-224071.21398667697,-123082.57976589435,-0.17561870861942,-0.92464539480047,-0.50248425864458,277989.6330800591,1.0669121178093643
2026-04-04T16:33:51.319,-109225.45257220195,-224293.00899800495,-123203.11029582706,-0.17516743656512,-0.92364664687034,-0.5019369799511,278238.31469002826,1.0657145447773757
2026-04-04T16:37:51.319,-109267.43872484122,-224514.5645116159,-123323.50959092854,-0.17471736917752,-0.92264957945621,-0.50139063447918,278486.71577141935,1.064519128013428
2026-04-04T16:41:51.319,-109309.3170054333,-224735.8809300893,-123443.77787476103,-0.17426850211767,-0.92165418636038,-0.50084521880738,278734.8368209667,1.0633258593997246
2026-04-04T16:45:51.319,-109351.08770153899,-224956.95865452106,-123563.91537006779,-0.17382083107468,-0.92066046141757,-0.50030072953235,278982.67833358905,1.062134730862195
2026-04-04T16:49:51.319,-109392.75109968778,-225177.79808453127,-123683.92229877743,-0.17337435176553,-0.91966839849465,-0.4997571632687,279230.2408023998,1.0609457343701467
2026-04-04T16:53:51.319,-109434.30748538465,-225398.3996182719,-123803.79888200822,-0.17292905993488,-0.91867799149043,-0.49921451664889,279477.5247187163,1.0597588619359768
2026-04-04T16:57:51.319,-109475.75714311651,-225618.76365243454,-123923.54534007236,-0.17248495135485,-0.91768923433547,-0.49867278632309,279724.53057206963,1.0585741056148785
2026-04-04T17:01:51.319,-109517.10035635892,-225838.89058225777,-124043.1618924802,-0.1720420218249,-0.91670212099183,-0.49813196895907,279971.25885021454,1.0573914575045322
2026-04-04T17:05:51.319,-109558.33740758253,-226058.78080153491,-124162.64875794444,-0.1716002671716,-0.91571664545288,-0.49759206124209,280217.7100391386,1.0562109097448256
2026-04-04T17:09:51.319,-109599.46857825962,-226278.4347026214,-124282.00615438433,-0.17115968324846,-0.91473280174304,-0.49705305987476,280463.884623072,1.0550324545175123
2026-04-04T17:13:51.319,-109640.49414887054,-226497.85267644224,-124401.23429892983,-0.17072026593573,-0.91375058391763,-0.49651496157693,280709.7830844965,1.0538560840459748
2026-04-04T17:17:51.319,-109681.41439891007,-226717.0351124994,-124520.33340792573,-0.17028201114027,-0.91276998606261,-0.49597776308558,280955.4059041554,1.0526817905949015
2026-04-04T17:21:51.319,-109722.22960689383,-226935.98239887916,-124639.3036969357,-0.16984491479533,-0.9117910022944,-0.4954414611547,281200.75356106233,1.0515095664700174
2026-04-04T17:25:51.319,-109762.94005036456,-227154.6949222593,-124758.14538074644,-0.1694089728604,-0.91081362675964,-0.49490605255516,281445.8265325107,1.0503394040177656
2026-04-04T17:29:51.319,-109803.5460058984,-227373.1730679165,-124876.85867337165,-0.16897418132102,-0.90983785363502,-0.49437153407464,281690.62529408286,1.0491712956250767
2026-04-04T17:33:51.319,-109844.04774911114,-227591.41721973338,-124995.44378805609,-0.16854053618861,-0.90886367712707,-0.49383790251745,281935.1503196592,1.0480052337190484
2026-04-04T17:37:51.319,-109884.44555466439,-227809.42776020567,-125113.90093727953,-0.16810803350032,-0.90789109147193,-0.49330515470448,282179.4020814272,1.0468412107666798
2026-04-04T17:41:51.319,-109924.73969627176,-228027.2050704493,-125232.23033276072,-0.16767666931886,-0.90692009093517,-0.49277328747305,282423.3810498902,1.045679219274592
2026-04-04T17:45:51.319,-109964.93044670497,-228244.7495302075,-125350.43218546137,-0.1672464397323,-0.90595066981161,-0.49224229767683,282667.0876938767,1.0445192517887831
2026-04-04T17:49:51.319,-110005.01807779986,-228462.06151785774,-125468.50670558997,-0.16681734085393,-0.90498282242509,-0.49171218218569,282910.5224805489,1.0433613008943123
2026-04-04T17:53:51.319,-110045.00286046251,-228679.14141041864,-125586.45410260574,-0.16638936882212,-0.90401654312827,-0.49118293788563,283153.6858754117,1.0422053592150489
2026-04-04T17:57:51.319,-110084.8850646752,-228895.98958355692,-125704.27458522248,-0.16596251980011,-0.90305182630247,-0.49065456167866,283396.5783423215,1.0410514194134248
2026-04-04T18:01:51.319,-110124.66495950232,-229112.60641159423,-125821.96836141234,-0.16553678997588,-0.90208866635746,-0.49012705048267,283639.2003434944,1.0398994741901455
2026-04-04T18:05:51.319,-110164.34281309637,-229328.99226751394,-125939.5356384097,-0.16511217556199,-0.90112705773128,-0.48960040123138,283881.55233951565,1.038749516283967
2026-04-04T18:09:51.319,-110203.91889270379,-229545.14752296795,-126056.97662271488,-0.16468867279543,-0.90016699489001,-0.48907461087416,284123.63478934736,1.0376015384713646
2026-04-04T18:13:51.319,-110243.3934646708,-229761.07254828338,-126174.29152009796,-0.16426627793743,-0.89920847232763,-0.488549676376,284365.44815033773,1.0364555335663472
2026-04-04T18:17:51.319,-110282.7667944492,-229976.76771246918,-126291.48053560247,-0.16384498727335,-0.89825148456582,-0.48802559471735,284606.99287822907,1.0353114944201707
2026-04-04T18:21:51.319,-110322.0391466022,-230192.23338322286,-126408.54387354908,-0.16342479711251,-0.89729602615376,-0.48750236289406,284848.2694271663,1.0341694139210877
2026-04-04T18:25:51.319,-110361.21078481006,-230407.46992693702,-126525.48173753929,-0.16300570378801,-0.89634209166797,-0.48697997791724,285089.27824970556,1.0330292849940952
2026-04-04T18:29:51.319,-110400.28197187584,-230622.47770870582,-126642.29433045913,-0.16258770365664,-0.8953896757121,-0.48645843681319,285330.01979682205,1.0318911006006841
2026-04-04T18:33:51.319,-110439.25296973105,-230837.2570923316,-126758.98185448271,-0.16217079309869,-0.89443877291678,-0.48593773662328,285570.4945179185,1.0307548537386033
2026-04-04T18:37:51.319,-110478.1240394413,-231051.80844033122,-126875.5445110759,-0.1617549685178,-0.89348937793943,-0.48541787440386,285810.70286083355,1.0296205374416079
2026-04-04T18:41:51.319,-110516.89544121185,-231266.13211394259,-126991.98250099987,-0.16134022634086,-0.89254148546406,-0.48489884722618,286050.64527184964,1.0284881447792138
2026-04-04T18:45:51.319,-110555.56743439316,-231480.22847313088,-127108.29602431465,-0.1609265630178,-0.89159509020112,-0.48438065217625,286290.32219570107,1.0273576688564476
2026-04-04T18:49:51.319,-110594.14027748647,-231694.09787659498,-127224.48528038271,-0.16051397502152,-0.89065018688734,-0.48386328635478,286529.7340755822,1.0262291028136508
2026-04-04T18:53:51.319,-110632.61422814922,-231907.7406817737,-127340.55046787241,-0.16010245884768,-0.8897067702855,-0.48334674687706,286768.88135315524,1.0251024398261694
2026-04-04T18:57:51.319,-110670.98954320056,-232121.15724485202,-127456.49178476154,-0.1596920110146,-0.88876483518433,-0.48283103087289,287007.7644685584,1.0239776731042012
2026-04-04T19:01:51.319,-110709.26647862671,-232334.34792076732,-127572.30942834077,-0.15928262806315,-0.88782437639828,-0.48231613548645,287246.38386041357,1.0228547958924974
2026-04-04T19:05:51.319,-110747.44528958641,-232547.31306321552,-127688.0035952171,-0.15887430655652,-0.88688538876737,-0.48180205787626,287484.73996583413,1.0217338014701594
2026-04-04T19:09:51.319,-110785.52623041622,-232760.05302465722,-127803.57448131726,-0.1584670430802,-0.88594786715705,-0.48128879521504,287722.833220433,1.02061468315043
2026-04-04T19:13:51.319,-110823.50955463588,-232972.56815632372,-127919.02228189114,-0.15806083424175,-0.88501180645799,-0.48077634468961,287960.6640583299,1.0194974342804084
2026-04-04T19:17:51.319,-110861.39551495359,-233184.85880822313,-128034.34719151517,-0.15765567667073,-0.88407720158595,-0.48026470350086,288198.2329121596,1.0183820482408943
2026-04-04T19:21:51.319,-110899.18436327127,-233396.92532914632,-128149.54940409564,-0.15725156701853,-0.88314404748159,-0.47975386886361,288435.54021307896,1.0172685184461132
2026-04-04T19:25:51.319,-110936.87635068978,-233608.76806667287,-128264.62911287208,-0.15684850195827,-0.88221233911032,-0.47924383800651,288672.58639077493,1.0161568383435038
2026-04-04T19:29:51.319,-110974.47172751412,-233820.38736717706,-128379.58651042053,-0.15644647818465,-0.88128207146214,-0.478734608172,288909.37187347194,1.0150470014135202
2026-04-04T19:33:51.319,-111011.97074325859,-234031.78357583363,-128494.4217886569,-0.15604549241382,-0.88035323955149,-0.47822617661619,289145.8970879393,1.0139390011694067
2026-04-04T19:37:51.319,-111049.37364665192,-234242.9570366238,-128609.13513884014,-0.15564554138327,-0.87942583841705,-0.47771854060875,289382.16245949874,1.012832831156937
2026-04-04T19:41:51.319,-111086.68068564242,-234453.90809234086,-128723.72675157558,-0.15524662185171,-0.87849986312163,-0.47721169743288,289618.1684120318,1.0117284849542694
2026-04-04T19:45:51.319,-111123.892107403,-234664.63708459615,-128838.19681681813,-0.15484873059892,-0.87757530875201,-0.47670564438518,289853.91536798695,1.0106259561717046
2026-04-04T19:49:51.319,-111161.0081583362,-234875.14435382467,-128952.54552387548,-0.15445186442564,-0.87665217041873,-0.47620037877558,290089.40374838724,1.0095252384514377
2026-04-04T19:53:51.319,-111198.02908407933,-235085.43023929073,-129066.77306141128,-0.15405602015345,-0.87573044325602,-0.47569589792725,290324.6339728374,1.0084263254674175
2026-04-04T19:57:51.319,-111234.95512950928,-235295.49507909376,-129180.87961744833,-0.15366119462467,-0.87481012242158,-0.47519219917652,290559.6064595309,1.0073292109250866
2026-04-04T20:01:51.319,-111271.78653874762,-235505.33921017378,-129294.86537937172,-0.15326738470219,-0.87389120309646,-0.4746892798728,290794.32162525714,1.0062338885611957
2026-04-04T20:05:51.319,-111308.52355516546,-235714.9629683171,-129408.73053393199,-0.15287458726942,-0.87297368048488,-0.47418713737847,291028.7798854088,1.0051403521435704
2026-04-04T20:09:51.319,-111345.16642138836,-235924.36668816174,-129522.47526724814,-0.15248279923009,-0.87205754981415,-0.47368576906885,291262.9816539887,1.0040485954709815
2026-04-04T20:13:51.319,-111381.71537930124,-236133.5507032031,-129636.09976481083,-0.15209201750822,-0.87114280633443,-0.47318517233207,291496.92734361684,1.0029586123728524
2026-04-04T20:17:51.319,-111418.17067005318,-236342.51534579933,-129749.60421148539,-0.15170223904795,-0.87022944531865,-0.47268534456901,291730.6173655374,1.0018703967091205
2026-04-04T20:21:51.319,-111454.53253406227,-236551.26094717675,-129862.9887915149,-0.15131346081345,-0.86931746206233,-0.47218628319321,291964.0521296257,1.0007839423700062
2026-04-04T20:25:51.319,-111490.80121102037,-236759.78783743537,-129976.25368852317,-0.15092567978881,-0.86840685188348,-0.4716879856308,292197.232044395,0.9996992432758627
2026-04-04T20:29:51.319,-111526.97693989794,-236968.0963455542,-130089.39908551781,-0.15053889297789,-0.86749761012239,-0.47119044932042,292430.15751700354,0.9986162933769137
2026-04-04T20:33:51.319,-111563.0599589487,-237176.1867993965,-130202.4251648932,-0.15015309740427,-0.86658973214152,-0.47069367171315,292662.8289532612,0.9975350866531033
2026-04-04T20:37:51.319,-111599.05050571437,-237384.05952571525,-130315.33210843342,-0.1497682901111,-0.8656832133254,-0.47019765027239,292895.2467576362,0.9964556171139132
2026-04-04T20:41:51.319,-111634.94881702942,-237591.7148501583,-130428.12009731529,-0.14938446816102,-0.86477804908042,-0.46970238247385,293127.4113332621,0.9953778787981471
2026-04-04T20:45:51.319,-111670.75512902562,-237799.15309727372,-130540.78931211124,-0.14900162863601,-0.86387423483473,-0.46920786580541,293359.3230819441,0.9943018657737405
2026-04-04T20:49:51.319,-111706.46967713676,-238006.37459051484,-130653.33993279227,-0.14861976863735,-0.86297176603808,-0.46871409776709,293590.982404166,0.9932275721375838
2026-04-04T20:53:51.319,-111742.09269610324,-238213.37965224555,-130765.77213873078,-0.14823888528544,-0.86207063816172,-0.46822107587093,293822.38969909673,0.9921549920153384
2026-04-04T20:57:51.319,-111777.62441997662,-238420.16860374543,-130878.08610870357,-0.14785897571976,-0.86117084669824,-0.46772879764097,294053.54536459676,0.9910841195612649
2026-04-04T21:01:51.319,-111813.06508212425,-238626.7417652148,-130990.28202089459,-0.14748003709874,-0.86027238716141,-0.46723726061313,294284.44979722484,0.9900149489579935
2026-04-04T21:05:51.319,-111848.41491523372,-238833.0994557798,-131102.36005289783,-0.14710206659965,-0.8593752550861,-0.46674646233515,294515.1033922443,0.9889474744163943
2026-04-04T21:09:51.319,-111883.67415131746,-239039.24199349748,-131214.32038172017,-0.14672506141854,-0.85847944602811,-0.46625640036653,294745.5065436295,0.9878816901753766
2026-04-04T21:13:51.319,-111918.84302171718,-239245.16969536076,-131326.16318378417,-0.14634901877007,-0.85758495556404,-0.46576707227844,294975.6596440724,0.9868175905016937
2026-04-04T21:17:51.319,-111953.92175710833,-239450.88287730346,-131437.88863493086,-0.14597393588749,-0.85669177929118,-0.46527847565366,295205.56308498885,0.9857551696898
2026-04-04T21:21:51.319,-111988.91058750454,-239656.3818542052,-131549.49691042252,-0.1455998100225,-0.85579991282735,-0.46479060808649,295435.2172565247,0.9846944220616349
2026-04-04T21:25:51.319,-112023.80974226208,-239861.6669398963,-131660.98818494543,-0.14522663844515,-0.85490935181079,-0.4643034671827,295664.62254756247,0.9836353419664728
2026-04-04T21:29:51.319,-112058.61945008422,-240066.73844716276,-131772.36263261264,-0.14485441844376,-0.85402009190006,-0.46381705055946,295893.7793457274,0.9825779237807776
2026-04-04T21:33:51.319,-112093.33993902562,-240271.596687751,-131883.62042696666,-0.14448314732483,-0.85313212877383,-0.46333135584526,296122.6880373935,0.9815221619079533
2026-04-04T21:37:51.319,-112127.97143649665,-240476.24197237278,-131994.76174098224,-0.14411282241293,-0.85224545813085,-0.46284638067982,296351.34900769,0.9804680507782453
2026-04-04T21:41:51.319,-112162.51416926774,-240680.67461070992,-132105.78674706892,-0.14374344105063,-0.85136007568977,-0.46236212271407,296579.7626405073,0.9794155848485502
2026-04-04T21:45:51.319,-112196.9683634737,-240884.89491141905,-132216.69561707388,-0.14337500059839,-0.85047597718901,-0.46187857961005,296807.92931850336,0.9783647586022235
2026-04-04T21:49:51.319,-112231.33424461797,-241088.90318213645,-132327.4885222845,-0.14300749843445,-0.84959315838667,-0.46139574904083,297035.8494231093,0.9773155665489347
2026-04-04T21:53:51.319,-112265.61203757692,-241292.69972948267,-132438.16563343097,-0.14264093195482,-0.84871161506038,-0.46091362869049,297263.5233345358,0.9762680032245106
2026-04-04T21:57:51.319,-112299.80196660406,-241496.28485906724,-132548.727120689,-0.14227529857309,-0.84783134300721,-0.46043221625399,297490.9514317791,0.9752220631907547
2026-04-04T22:01:51.319,-112333.90425533427,-241699.65887549325,-132659.1731536824,-0.1419105957204,-0.84695233804351,-0.45995150943717,297718.13409262645,0.9741777410352886
2026-04-04T22:05:51.319,-112367.91912678802,-241902.82208236208,-132769.5039014857,-0.14154682084537,-0.8460745960048,-0.45947150595663,297945.0716936629,0.9731350313713767
2026-04-04T22:09:51.319,-112401.8468033755,-242105.77478227788,-132879.71953262665,-0.14118397141396,-0.84519811274569,-0.45899220353969,298171.7646102764,0.9720939288378023
2026-04-04T22:13:51.319,-112435.68750690084,-242308.51727685222,-132989.82021508887,-0.14082204490944,-0.84432288413971,-0.45851359992432,298398.21321666404,0.9710544280986694
2026-04-04T22:17:51.319,-112469.44145856617,-242511.04986670855,-133099.8061163143,-0.14046103883224,-0.84344890607922,-0.45803569285909,298624.41788583784,0.970016523843265
2026-04-04T22:21:51.319,-112503.10887897585,-242713.37285148673,-133209.67740320595,-0.14010095069995,-0.8425761744753,-0.45755848010308,298850.3789896304,0.9689802107859075
2026-04-04T22:25:51.319,-112536.68998814047,-242915.48652984752,-133319.43424213008,-0.13974177804718,-0.84170468525759,-0.45708195942584,299076.0968987007,0.9679454836657544
2026-04-04T22:29:51.319,-112570.18500548095,-243117.39119947705,-133429.076798919,-0.13938351842548,-0.84083443437425,-0.4566061286073,299301.5719825401,0.9669123372467006
2026-04-04T22:33:51.319,-112603.59414983261,-243319.08715709118,-133538.60523887345,-0.1390261694033,-0.83996541779179,-0.45613098543775,299526.80460947735,0.9658807663172015
2026-04-04T22:37:51.319,-112636.91763944925,-243520.57469843992,-133648.01972676505,-0.13866972856586,-0.83909763149495,-0.45565652771772,299751.79514668515,0.9648507656900799
2026-04-04T22:41:51.319,-112670.15569200712,-243721.85411831178,-133757.32042683876,-0.13831419351513,-0.83823107148664,-0.455182753258,299976.54396018496,0.9638223302024677
2026-04-04T22:45:51.319,-112703.3085246089,-243922.9257105382,-133866.50750281537,-0.13795956186968,-0.83736573378778,-0.45470965987948,300201.0514148531,0.9627954547155557
2026-04-04T22:49:51.319,-112736.37635378775,-244123.78976799772,-133975.58111789386,-0.13760583126467,-0.83650161443721,-0.45423724541316,300425.3178744258,0.9617701341145061
2026-04-04T22:53:51.319,-112769.35939551126,-244324.4465826204,-134084.54143475392,-0.13725299935174,-0.83563870949159,-0.45376550770009,300649.34370150545,0.9607463633083079
2026-04-04T22:57:51.319,-112802.25786518535,-244524.896445392,-134193.38861555821,-0.13690106379894,-0.83477701502527,-0.45329444459126,300873.1292575654,0.9597241372295897
2026-04-04T23:01:51.319,-112835.07197765827,-244725.13964635818,-134302.1228219549,-0.13655002229066,-0.83391652713018,-0.45282405394758,301096.6749029559,0.9587034508344908
2026-04-04T23:05:51.319,-112867.80194722445,-244925.17647462888,-134410.7442150799,-0.13619987252756,-0.83305724191575,-0.45235433363983,301319.980996909,0.9576842991025459
2026-04-04T23:09:51.319,-112900.44798762842,-245125.0072183823,-134519.25295555932,-0.13585061222648,-0.83219915550879,-0.45188528154855,301543.0478975447,0.9566666770365031
2026-04-04T23:13:51.319,-112933.01031206871,-245324.63216486917,-134627.64920351174,-0.13550223912038,-0.83134226405335,-0.45141689556406,301765.8759618754,0.9556505796621901
2026-04-04T23:17:51.319,-112965.48913320169,-245524.05160041686,-134735.9331185506,-0.13515475095829,-0.83048656371067,-0.45094917358631,301988.4655458122,0.9546360020283804
2026-04-04T23:21:51.319,-112997.88466314538,-245723.2658104335,-134844.10485978646,-0.13480814550521,-0.82963205065906,-0.45048211352491,302210.8170041694,0.9536229392066766
2026-04-04T23:25:51.319,-113030.19711348334,-245922.27507941207,-134952.16458582936,-0.13446242054204,-0.82877872109377,-0.45001571329902,302432.93069067015,0.9526113862913226
2026-04-04T23:29:51.319,-113062.42669526846,-246121.07969093436,-135060.1124547911,-0.13411757386553,-0.8279265712269,-0.4495499708373,302654.80695795175,0.9516013383990821
2026-04-04T23:33:51.319,-113094.57361902669,-246319.67992767514,-135167.9486242874,-0.13377360328822,-0.82707559728731,-0.44908488407788,302876.44615757064,0.9505927906691264
2026-04-04T23:37:51.319,-113126.63809476094,-246518.07607140607,-135275.67325144043,-0.13343050663834,-0.82622579552052,-0.44862045096829,303097.8486400078,0.949585738262887
2026-04-04T23:41:51.319,-113158.62033195475,-246716.26840299973,-135383.2864928807,-0.13308828175976,-0.82537716218857,-0.44815666946537,303319.01475467364,0.9485801763638724
2026-04-04T23:45:51.319,-113190.52053957604,-246914.2572024336,-135490.7885047496,-0.13274692651195,-0.82452969356999,-0.44769353753529,303539.9448499134,0.9475761001776336
2026-04-04T23:49:51.319,-113222.33892608089,-247112.04274879393,-135598.17944270145,-0.13240643876986,-0.82368338595962,-0.44723105315343,303760.63927301235,0.9465735049315225
2026-04-04T23:53:51.319,-113254.07569941723,-247309.6253202797,-135705.45946190582,-0.13206681642393,-0.82283823566858,-0.44676921430434,303981.0983702004,0.9455723858746358
2026-04-04T23:57:51.319,-113285.7310670285,-247507.00519420652,-135812.62871704964,-0.13172805737995,-0.82199423902413,-0.44630801898173,304201.32248665724,0.9445727382776565
2026-04-05T00:01:51.319,-113317.3052358574,-247704.18264701043,-135919.68736233938,-0.13139015955906,-0.82115139236959,-0.44584746518835,304421.31196651794,0.9435745574327175
2026-04-05T00:05:51.319,-113348.79841234956,-247901.1579542518,-136026.6355515033,-0.13105312089765,-0.82030969206423,-0.445387550936,304641.0671528772,0.9425778386532827
2026-04-05T00:09:51.319,-113380.21080245712,-248097.93139061917,-136133.47343779358,-0.13071693934732,-0.81946913448319,-0.44492827424541,304860.5883877948,0.9415825772740054
2026-04-05T00:13:51.319,-113411.54261164246,-248294.50322993292,-136240.2011739884,-0.13038161287481,-0.81862971601738,-0.44446963314627,305079.8760123001,0.9405887686506325
2026-04-05T00:17:51.319,-113442.79404488177,-248490.8737451492,-136346.81891239417,-0.13004713946195,-0.81779143307337,-0.4440116256771,305298.93036639737,0.9395964081598297
2026-04-05T00:21:51.319,-113473.96530666867,-248687.0432083636,-136453.32680484757,-0.12971351710558,-0.81695428207332,-0.44355424988527,305517.7517890705,0.9386054911991074
2026-04-05T00:25:51.319,-113505.05660101787,-248883.0118908149,-136559.72500271775,-0.12938074381753,-0.81611825945488,-0.44309750382687,305736.3406182878,0.9376160131866581
2026-04-05T00:29:51.319,-113536.06813146867,-249078.7800628887,-136666.01365690833,-0.12904881762454,-0.81528336167106,-0.44264138556673,305954.69719100674,0.9366279695612291
2026-04-05T00:33:51.319,-113567.00010108855,-249274.3479941212,-136772.1929178595,-0.12871773656818,-0.81444958519022,-0.44218589317834,306172.82184317906,0.9356413557820557
2026-04-05T00:37:51.319,-113597.85271247679,-249469.71595320286,-136878.2629355502,-0.12838749870486,-0.81361692649589,-0.4417310247438,306390.7149097552,0.9346561673286687
2026-04-05T00:41:51.319,-113628.62616776796,-249664.884207982,-136984.22385950008,-0.1280581021057,-0.81278538208671,-0.44127677835378,306608.3767246894,0.9336723997007966
2026-04-05T00:45:51.319,-113659.32066863548,-249859.85302546836,-137090.0758387715,-0.12772954485654,-0.81195494847639,-0.44082315210745,306825.8076209439,0.9326900484182857
2026-04-05T00:49:51.319,-113689.93641629511,-250054.6226718368,-137195.81902197172,-0.12740182505785,-0.81112562219354,-0.44037014411246,307043.0079304942,0.9317091090209204
2026-04-05T00:53:51.319,-113720.47361150847,-250249.19341243088,-137301.45355725483,-0.12707494082468,-0.81029739978162,-0.43991775248486,307259.9779843334,0.9307295770683238
2026-04-05T00:57:51.319,-113750.93245458654,-250443.56551176627,-137406.97959232377,-0.12674889028663,-0.80947027779887,-0.43946597534909,307476.71811247687,0.9297514481398773
2026-04-05T01:01:51.319,-113781.31314539316,-250637.73923353446,-137512.39727443233,-0.12642367158777,-0.80864425281818,-0.43901481083791,307693.22864396696,0.9287747178345516
2026-04-05T01:05:51.319,-113811.61588334845,-250831.71484060612,-137617.70675038718,-0.12609928288662,-0.80781932142703,-0.43856425709233,307909.50990687765,0.9277993817708083
2026-04-05T01:09:51.319,-113841.84086743234,-251025.4925950347,-137722.9081665498,-0.12577572235608,-0.8069954802274,-0.43811431226162,308125.56222831877,0.9268254355865068
2026-04-05T01:13:51.319,-113871.98829618796,-251219.07275805986,-137828.00166883852,-0.12545298818337,-0.80617272583568,-0.43766497450322,308341.385934441,0.9258528749387622
2026-04-05T01:17:51.319,-113902.05836772508,-251412.45559011088,-137932.98740273036,-0.12513107857002,-0.80535105488258,-0.43721624198269,308556.9813504402,0.9248816955038341
2026-04-05T01:21:51.319,-113932.05127972356,-251605.64135081015,-138037.8655132631,-0.1248099917318,-0.80453046401306,-0.4367681128737,308772.34880056174,0.9239118929770386
2026-04-05T01:25:51.319,-113961.96722943672,-251798.63029897652,-138142.63614503716,-0.12448972589866,-0.80371094988621,-0.43632058535794,308987.4886081053,0.9229434630725832
2026-04-05T01:29:51.319,-113991.80641369481,-251991.42269262875,-138247.2994422175,-0.12417027931471,-0.80289250917522,-0.43587365762513,309202.40109542897,0.9219764015235331
2026-04-05T01:33:51.319,-114021.56902890833,-252184.01878898882,-138351.85554853565,-0.12385165023815,-0.80207513856725,-0.4354273278729,309417.08658395393,0.9210107040816193
2026-04-05T01:37:51.319,-114051.25527107145,-252376.4188444853,-138456.3046072914,-0.12353383694127,-0.80125883476337,-0.43498159430684,309631.5453941689,0.9200463665172023
2026-04-05T01:41:51.319,-114080.86533576537,-252568.62311475672,-138560.64676135487,-0.12321683771034,-0.80044359447847,-0.43453645514036,309845.77784563403,0.9190833846190997
2026-04-05T01:45:51.319,-114110.39941816167,-252760.63185465476,-138664.8821531684,-0.12290065084561,-0.79962941444118,-0.4340919085947,310059.7842569861,0.9181217541945123
2026-04-05T01:49:51.319,-114139.85771302566,-252952.44531824766,-138769.0109247483,-0.12258527466128,-0.79881629139379,-0.43364795289889,310273.5649459421,0.9171614710689213
2026-04-05T01:53:51.319,-114169.24041471972,-253144.0637588234,-138873.03321768678,-0.12227070748541,-0.79800422209216,-0.43320458628969,310487.12022930366,0.9162025310859591
2026-04-05T01:57:51.319,-114198.54771720665,-253335.48742889307,-138976.94917315381,-0.12195694765993,-0.79719320330565,-0.43276180701153,310700.4504229618,0.9152449301073102
2026-04-05T02:01:51.319,-114227.77981405293,-253526.71658019393,-139080.75893189895,-0.12164399354055,-0.79638323181705,-0.4323196133165,310913.55584190076,0.9142886640126249
2026-04-05T02:05:51.319,-114256.93689843212,-253717.75146369275,-139184.46263425314,-0.12133184349676,-0.79557430442248,-0.4318780034643,311126.4368002023,0.9133337286993978
2026-04-05T02:09:51.319,-114286.01916312805,-253908.59232958895,-139288.06042013058,-0.12102049591178,-0.79476641793131,-0.43143697572217,311339.0936110501,0.9123801200828475
2026-04-05T02:13:51.319,-114315.0268005382,-254099.2394273178,-139391.55242903053,-0.12070994918253,-0.79395956916609,-0.4309965283649,311551.5265867338,0.9114278340958478
2026-04-05T02:17:51.319,-114343.96000267692,-254289.69300555356,-139494.9388000391,-0.12040020171954,-0.7931537549625,-0.43055665967473,311763.73603865335,0.9104768666888141
2026-04-05T02:21:51.319,-114372.81896117877,-254479.9533122126,-139598.21967183094,-0.12009125194699,-0.79234897216921,-0.43011736794135,311975.7222773228,0.9095272138295774
2026-04-05T02:25:51.319,-114401.60386730169,-254670.02059445652,-139701.39518267123,-0.11978309830263,-0.79154521764786,-0.42967865146184,312187.48561237496,0.908578871503317
2026-04-05T02:29:51.319,-114430.31491193034,-254859.89509869527,-139804.46547041726,-0.11947573923774,-0.79074248827296,-0.42924050854063,312399.026352565,0.907631835712441
2026-04-05T02:33:51.319,-114458.9522855793,-255049.57707059023,-139907.4306725203,-0.11916917321711,-0.78994078093181,-0.42880293748948,312610.34480577504,0.9066861024764934
2026-04-05T02:37:51.319,-114487.51617839633,-255239.06675505723,-140010.29092602732,-0.11886339871902,-0.78914009252443,-0.42836593662741,312821.4412790177,0.9057416678320485
2026-04-05T02:41:51.319,-114516.00678016554,-255428.36439626964,-140113.04636758266,-0.11855841423515,-0.78834041996349,-0.42792950428066,313032.3160784407,0.9047985278326091
2026-04-05T02:45:51.319,-114544.4242803107,-255617.4702376614,-140215.6971334299,-0.11825421827062,-0.78754176017424,-0.4274936387827,313242.9695093304,0.9038566785485458
2026-04-05T02:49:51.319,-114572.76886789843,-255806.38452192998,-140318.2433594135,-0.1179508093439,-0.78674411009441,-0.42705833847413,313453.4018761161,0.9029161160669416
2026-04-05T02:53:51.319,-114601.04073164132,-255995.10749103944,-140420.68518098045,-0.11764818598681,-0.78594746667416,-0.42662360170265,313663.61348237406,0.9019768364915245
2026-04-05T02:57:51.319,-114629.24005990125,-256183.6393862233,-140523.0227331821,-0.11734634674449,-0.785151826876,-0.42618942682307,313873.6046308313,0.9010388359425887
2026-04-05T03:01:51.319,-114657.3670406925,-256371.98044798765,-140625.2561506758,-0.11704529017533,-0.78435718767472,-0.42575581219721,314083.3756233695,0.9001021105568685
2026-04-05T03:05:51.319,-114685.42186168495,-256560.13091611388,-140727.38556772654,-0.11674501485099,-0.78356354605732,-0.42532275619391,314292.9267610293,0.8991666564874745
2026-04-05T03:09:51.319,-114713.40471020731,-256748.09102966177,-140829.41111820872,-0.11644551935634,-0.78277089902291,-0.42489025718894,314502.2583440137,0.8982324699037472
2026-04-05T03:13:51.319,-114741.31577325019,-256935.86102697236,-140931.3329356077,-0.11614680228944,-0.7819792435827,-0.42445831356503,314711.3706716926,0.8972995469912504
2026-04-05T03:17:51.319,-114769.15523746933,-257123.4411456708,-141033.15115302155,-0.11584886226153,-0.78118857675984,-0.42402692371176,314920.2640426059,0.8963678839515694
2026-04-05T03:21:51.319,-114796.92328918875,-257310.83162266924,-141134.8659031627,-0.11555169789696,-0.78039889558946,-0.42359608602558,315128.938754468,0.8954374770023364
2026-04-05T03:25:51.319,-114824.6201144039,-257498.03269416967,-141236.47731835945,-0.11525530783321,-0.77961019711848,-0.42316579890975,315337.3951041714,0.8945083223770308
2026-04-05T03:29:51.319,-114852.24589878476,-257685.04459566675,-141337.98553055778,-0.11495969072082,-0.77882247840565,-0.42273606077428,315545.6333877904,0.8935804163249671
2026-04-05T03:33:51.319,-114879.80082767905,-257871.86756195064,-141439.39067132285,-0.11466484522341,-0.7780357365214,-0.42230687003594,315753.6539005852,0.892653755111162
2026-04-05T03:37:51.319,-114907.28508611528,-258058.50182710984,-141540.69287184064,-0.11437077001761,-0.7772499685478,-0.42187822511818,315961.4569370051,0.8917283350162442
2026-04-05T03:41:51.319,-114934.69885880596,-258244.9476245339,-141641.8922629196,-0.11407746379308,-0.77646517157852,-0.42145012445115,316169.04279069323,0.8908041523364223
2026-04-05T03:45:51.319,-114962.04233015064,-258431.20518691625,-141742.9889749922,-0.11378492525246,-0.77568134271871,-0.42102256647159,316376.41175448924,0.889881203383313
2026-04-05T03:49:51.319,-114989.31568423906,-258617.27474625694,-141843.98313811643,-0.11349315311134,-0.77489847908497,-0.42059554962283,316583.56412043376,0.8889594844839016
2026-04-05T03:53:51.319,-115016.51910485428,-258803.15653386535,-141944.8748819776,-0.11320214609826,-0.77411657780526,-0.4201690723548,316790.5001797718,0.8880389919804603
2026-04-05T03:57:51.319,-115043.65277547574,-258988.8507803629,-142045.66433588968,-0.11291190295466,-0.77333563601884,-0.4197431331239,316997.22022295644,0.8871197222304182
2026-04-05T04:01:51.319,-115070.7168792824,-259174.35771568585,-142146.35162879704,-0.11262242243492,-0.77255565087622,-0.41931773039305,317203.7245396527,0.8862016716063381
2026-04-05T04:05:51.319,-115097.71159915577,-259359.6775690879,-142246.93688927588,-0.11233370330625,-0.77177661953908,-0.4188928626316,317410.01341874094,0.8852848364957818
2026-04-05T04:09:51.319,-115124.63711768306,-259544.81056914284,-142347.42024553582,-0.11204574434874,-0.77099853918018,-0.41846852831534,317616.0871483207,0.8843692133012327
2026-04-05T04:13:51.319,-115151.49361716026,-259729.7569437473,-142447.80182542143,-0.11175854435532,-0.77022140698334,-0.41804472592642,317821.9460157141,0.8834547984400285
2026-04-05T04:17:51.319,-115178.28127959518,-259914.51692012337,-142548.08175641377,-0.11147210213174,-0.76944522014335,-0.41762145395335,318027.5903074698,0.8825415883442703
2026-04-05T04:21:51.319,-115205.00028671054,-260099.0907248211,-142648.2601656319,-0.11118641649653,-0.7686699758659,-0.41719871089095,318233.0203093662,0.8816295794607243
2026-04-05T04:25:51.319,-115231.65081994706,-260283.47858372127,-142748.33717983434,-0.11090148628104,-0.76789567136754,-0.41677649524032,318438.2363064153,0.8807187682507699
2026-04-05T04:29:51.319,-115258.2330604665,-260467.68072203797,-142848.31292542073,-0.11061731032936,-0.76712230387557,-0.41635480550881,318643.238582866,0.8798091511902699
2026-04-05T04:33:51.319,-115284.74718915476,-260651.69736432107,-142948.18752843316,-0.11033388749836,-0.76634987062803,-0.41593364020998,318848.0274222079,0.8789007247695407
2026-04-05T04:37:51.319,-115311.1933866249,-260835.52873445884,-143047.9611145577,-0.11005121665762,-0.76557836887361,-0.41551299786358,319052.6031071747,0.8779934854932462
2026-04-05T04:41:51.319,-115337.5718332202,-261019.17505568056,-143147.63380912592,-0.10976929668945,-0.76480779587159,-0.4150928769955,319256.96591974754,0.8770874298803155
2026-04-05T04:45:51.319,-115363.88270901721,-261202.63655055896,-143247.20573711634,-0.1094881264889,-0.76403814889175,-0.41467327613774,319461.1161411589,0.8761825544638445
2026-04-05T04:49:51.319,-115390.12619382885,-261385.9134410128,-143346.67702315588,-0.10920770496367,-0.76326942521438,-0.41425419382839,319665.0540518956,0.8752788557910738
2026-04-05T04:53:51.319,-115416.3024672074,-261569.0059483093,-143446.04779152136,-0.10892803103417,-0.76250162213013,-0.4138356286116,319868.7799317026,0.8743763304232444
2026-04-05T04:57:51.319,-115442.41170844753,-261751.91429306674,-143545.31816614085,-0.10864910363348,-0.76173473694002,-0.41341757903752,320072.2940595863,0.8734749749355641
2026-04-05T05:01:51.319,-115468.4540965894,-261934.6386952569,-143644.48827059523,-0.10837092170734,-0.76096876695532,-0.41300004366229,320275.5967138179,0.872574785917088
2026-04-05T05:05:51.319,-115494.42981042164,-262117.17937420742,-143743.5582281196,-0.10809348421412,-0.76020370949755,-0.41258302104802,320478.688171937,0.8716757599706983
2026-04-05T05:09:51.319,-115520.33902848445,-262299.5365486044,-143842.5281616046,-0.10781679012487,-0.75943956189836,-0.41216650976273,320681.5687107549,0.8707778937129685
2026-04-05T05:13:51.319,-115546.18192907255,-262481.7104364946,-143941.39819359794,-0.10754083842324,-0.75867632149952,-0.41175050838033,320884.23860635795,0.8698811837741272
2026-04-05T05:17:51.319,-115571.95869023829,-262663.70125528827,-144040.16844630576,-0.10726562810549,-0.75791398565281,-0.4113350154806,321086.6981341108,0.8689856267979457
2026-04-05T05:21:51.319,-115597.66948979459,-262845.509221761,-144138.83904159407,-0.10699115818054,-0.75715255172,-0.41092002964916,321288.9475686601,0.8680912194417054
2026-04-05T05:25:51.319,-115623.31450531805,-263027.13455205667,-144237.41010099012,-0.10671742766986,-0.75639201707279,-0.41050554947741,321490.98718393745,0.8671979583760941
2026-04-05T05:29:51.319,-115648.89391415195,-263208.5774616893,-144335.88174568376,-0.10644443560756,-0.75563237909271,-0.41009157356252,321692.8172531629,0.8663058402851181
2026-04-05T05:33:51.319,-115674.40789340925,-263389.83816554584,-144434.2540965289,-0.10617218104033,-0.75487363517111,-0.40967810050741,321894.4380488484,0.8654148618660684
2026-04-05T05:37:51.319,-115699.85661997563,-263570.9168778882,-144532.52727404478,-0.10590066302745,-0.75411578270906,-0.40926512892071,322095.84984280076,0.8645250198294072
2026-04-05T05:41:51.319,-115725.2402705125,-263751.8138123558,-144630.70139841744,-0.10562988064077,-0.75335881911734,-0.40885265741673,322297.05290612514,0.8636363108987362
2026-04-05T05:45:51.319,-115750.55902146002,-263932.5291819678,-144728.776589501,-0.10535983296473,-0.75260274181633,-0.40844068461541,322498.0475092283,0.8627487318106694
2026-04-05T05:49:51.319,-115775.81304904015,-264113.0631991253,-144826.75296681907,-0.10509051909634,-0.75184754823598,-0.40802920914234,322698.83392182173,0.8618622793148079
2026-04-05T05:53:51.319,-115801.00252925961,-264293.4160756138,-144924.63064956607,-0.1048219381452,-0.75109323581575,-0.40761822962867,322899.41241292504,0.8609769501736392
2026-04-05T05:57:51.319,-115826.12763791296,-264473.5880226055,-145022.4097566085,-0.10455408923344,-0.75033980200455,-0.40720774471114,323099.7832508692,0.8600927411624832
2026-04-05T06:01:51.319,-115851.18855058556,-264653.57925066137,-145120.09040648647,-0.10428697149581,-0.74958724426069,-0.406797753032,323299.9467032994,0.859209649069415
2026-04-05T06:05:51.319,-115876.18544265663,-264833.3899697334,-145217.67271741477,-0.10402058407958,-0.74883556005181,-0.40638825323901,323499.90303717874,0.858327670695183
2026-04-05T06:09:51.319,-115901.11848930223,-265013.0203891672,-145315.15680728434,-0.10375492614461,-0.74808474685482,-0.40597924398542,323699.65251879103,0.8574468028531489
2026-04-05T06:13:51.319,-115925.9878654983,-265192.4707177036,-145412.5427936636,-0.10348999686334,-0.74733480215588,-0.40557072392991,323899.1954137441,0.856567042369232
2026-04-05T06:17:51.319,-115950.79374602369,-265371.74116348143,-145509.83079379966,-0.10322579542074,-0.74658572345029,-0.40516269173657,324098.53198697296,0.855688386081791
2026-04-05T06:21:51.319,-115975.53630546312,-265550.8319340395,-145607.02092461966,-0.10296232101439,-0.74583750824248,-0.40475514607491,324297.6625027429,0.8548108308416216
2026-04-05T06:25:51.319,-116000.21571821027,-265729.7432363187,-145704.11330273212,-0.10269957285442,-0.74509015404594,-0.40434808561978,324496.5872246526,0.8539343735118431
2026-04-05T06:29:51.319,-116024.83215847073,-265908.47527666425,-145801.10804442808,-0.10243755016355,-0.74434365838315,-0.40394150905136,324695.3064156374,0.8530590109678293
2026-04-05T06:33:51.319,-116049.38580026508,-266087.0282608278,-145898.00526568253,-0.10217625217706,-0.74359801878554,-0.40353541505516,324893.8203379721,0.8521847400971638
2026-04-05T06:37:51.319,-116073.87681743187,-266265.4023939697,-145994.80508215557,-0.10191567814284,-0.74285323279343,-0.40312980232194,325092.12925327424,0.8513115577995468
2026-04-05T06:41:51.319,-116098.30538363064,-266443.597880661,-146091.50760919377,-0.10165582732134,-0.74210929795599,-0.40272466954774,325290.23342250724,0.8504394609867624
2026-04-05T06:45:51.319,-116122.67167234495,-266621.61492488557,-146188.1129618313,-0.10139669898564,-0.74136621183115,-0.4023200154338,325488.1331059833,0.8495684465825618
2026-04-05T06:49:51.319,-116146.97585688543,-266799.45373004227,-146284.6212547913,-0.10113829242139,-0.74062397198559,-0.40191583868658,325685.8285633666,0.8486985115226512
2026-04-05T06:53:51.319,-116171.21811039276,-266977.114498947,-146381.0326024871,-0.10088060692686,-0.73988257599465,-0.40151213801769,325883.3200536761,0.8478296527545774
2026-04-05T06:57:51.319,-116195.39860584073,-267154.59743383474,-146477.34711902338,-0.10062364181295,-0.73914202144232,-0.40110891214391,326080.60783528874,0.8469618672377233
2026-04-05T07:01:51.319,-116219.51751603927,-267331.9027363618,-146573.56491819752,-0.10036739640316,-0.73840230592111,-0.40070615978711,326277.69216594263,0.8460951519431456
2026-04-05T07:05:51.319,-116243.57501363744,-267509.03060760745,-146669.6861135007,-0.10011187003366,-0.73766342703209,-0.40030387967427,326474.57330273953,0.84522950385362
2026-04-05T07:09:51.319,-116267.57127112652,-267685.9812480765,-146765.71081811923,-0.09985706205322,-0.73692538238477,-0.39990207053743,326671.25150214834,0.8443649199634977
2026-04-05T07:13:51.319,-116291.506460843,-267862.7548577009,-146861.6391449357,-0.0996029718233,-0.73618816959708,-0.39950073111366,326867.72702000785,0.8435013972786772
2026-04-05T07:17:51.319,-116315.38075497164,-268039.35163584194,-146957.4712065302,-0.09934959871802,-0.73545178629529,-0.39909986014506,327064.0001115297,0.8426389328165244
2026-04-05T07:21:51.319,-116339.19432554852,-268215.7717812923,-147053.20711518152,-0.09909694212418,-0.73471623011399,-0.3986994563787,327260.07103130146,0.8417775236058204
2026-04-05T07:25:51.319,-116362.94734446408,-268392.01549227774,-147148.84698286833,-0.09884500144125,-0.73398149869602,-0.39829951856664,327455.9400332893,0.8409171666867038
2026-04-05T07:29:51.319,-116386.63998346613,-268568.0829664595,-147244.3909212704,-0.09859377608143,-0.73324758969242,-0.39790004546583,327651.6073708413,0.8400578591105783
2026-04-05T07:33:51.319,-116410.27241416297,-268743.974400936,-147339.83904176977,-0.09834326546964,-0.73251450076238,-0.39750103583818,327847.07329668995,0.8391995979400949
2026-04-05T07:37:51.319,-116433.84480802638,-268919.6899922447,-147435.19145545192,-0.09809346904352,-0.73178222957317,-0.39710248845046,328042.3380629554,0.8383423802490361
2026-04-05T07:41:51.319,-116457.3573363947,-269095.2299363644,-147530.44827310691,-0.09784438625347,-0.73105077380014,-0.39670440207429,328237.4019211483,0.8374862031223093
2026-04-05T07:45:51.319,-116480.81017047595,-269270.59442871675,-147625.60960523062,-0.09759601656266,-0.73032013112659,-0.39630677548615,328432.2651221723,0.8366310636558317
2026-04-05T07:49:51.319,-116504.20348135076,-269445.78366416844,-147720.6755620258,-0.09734835944702,-0.72959029924381,-0.39590960746733,328626.92791632755,0.8357769589565351
2026-04-05T07:53:51.319,-116527.5374399756,-269620.797837033,-147815.64625340336,-0.09710141439533,-0.72886127585095,-0.39551289680388,328821.390553313,0.8349238861422309
2026-04-05T07:57:51.319,-116550.81221718572,-269795.63714107266,-147910.52178898337,-0.09685518090913,-0.72813305865501,-0.39511664228664,329015.6532822297,0.8340718423415989
2026-04-05T08:01:51.319,-116574.02798369834,-269970.3017695003,-148005.3022780963,-0.09660965850286,-0.72740564537079,-0.39472084271118,329209.7163515831,0.8332208246941256
2026-04-05T08:05:51.319,-116597.18491011564,-270144.7919149813,-148099.9878297841,-0.09636484670378,-0.72667903372083,-0.39432549687777,329403.5800092866,0.8323708303500205
2026-04-05T08:09:51.319,-116620.28316692791,-270319.10776963545,-148194.5785528014,-0.09612074505204,-0.72595322143535,-0.39393060359139,329597.24450266367,0.8315218564701703
2026-04-05T08:13:51.319,-116643.32292451661,-270493.24952503847,-148289.0745556165,-0.0958773531007,-0.72522820625221,-0.39353616166166,329790.7100784511,0.8306739002260674
2026-04-05T08:17:51.319,-116666.30435315752,-270667.2173722243,-148383.47594641265,-0.09563467041575,-0.72450398591688,-0.39314216990287,329983.9769828016,0.8298269587997927
2026-04-05T08:21:51.319,-116689.22762302376,-270841.01150168665,-148477.78283308906,-0.09539269657611,-0.72378055818236,-0.3927486271339,330177.0454612867,0.828981029383902
2026-04-05T08:25:51.319,-116712.09290418899,-271014.63210338075,-148571.995323262,-0.09515143117369,-0.72305792080913,-0.39235553217824,330369.9157588993,0.8281361091813915
2026-04-05T08:29:51.319,-116734.90036663046,-271188.07936672535,-148666.11352426594,-0.09491087381339,-0.72233607156514,-0.39196288386395,330562.58812005696,0.8272921954056648
2026-04-05T08:33:51.319,-116757.65018023219,-271361.35348060436,-148760.13754315462,-0.09467102411313,-0.72161500822571,-0.39157068102363,330755.0627886038,0.8264492852804276
2026-04-05T08:37:51.319,-116780.34251478802,-271534.45463336864,-148854.06748670217,-0.0944318817039,-0.72089472857351,-0.39117892249441,330947.3400078143,0.8256073760396656
2026-04-05T08:41:51.319,-116802.97754000482,-271707.3830128378,-148947.90346140414,-0.09419344622974,-0.72017523039851,-0.39078760711792,331139.420020395,0.8247664649275767
2026-04-05T08:45:51.319,-116825.55542550563,-271880.13880630187,-149041.64557347866,-0.0939557173478,-0.71945651149792,-0.39039673374026,331331.3030684881,0.823926549198507
2026-04-05T08:49:51.319,-116848.07634083273,-272052.7222005231,-149135.2939288674,-0.09371869472839,-0.71873856967615,-0.39000630121199,331522.9893936735,0.8230876261169091
2026-04-05T08:53:51.319,-116870.5404554509,-272225.1333817376,-149228.84863323675,-0.09348237805494,-0.71802140274476,-0.38961630838811,331714.479236972,0.8222496929572783
2026-04-05T08:57:51.319,-116892.94793875048,-272397.37253565725,-149322.30979197877,-0.09324676702411,-0.71730500852241,-0.38922675412801,331905.77283884765,0.8214127470040927
2026-04-05T09:01:51.319,-116915.29896005064,-272569.43984747113,-149415.67751021238,-0.09301186134577,-0.71658938483482,-0.38883763729548,332096.87043921085,0.8205767855517738
2026-04-05T09:05:51.319,-116937.59368860247,-272741.3355018474,-149508.95189278424,-0.09277766074304,-0.7158745295147,-0.38844895675867,332287.77227742044,0.8197418059046048
2026-04-05T09:09:51.319,-116959.83229359223,-272913.0596829348,-149602.13304426998,-0.09254416495234,-0.71516044040171,-0.38806071139009,332478.47859228693,0.8189078053766959
2026-04-05T09:13:51.319,-116982.01494414451,-273084.61257436447,-149695.22106897508,-0.09231137372342,-0.71444711534245,-0.38767290006653,332668.98962207476,0.8180747812919347
2026-04-05T09:17:51.319,-117004.14180932543,-273255.9943592517,-149788.216070936,-0.09207928681938,-0.71373455219034,-0.38728552166911,332859.30560450547,0.8172427309839014
2026-04-05T09:21:51.319,-117026.21305814588,-273427.2052201972,-149881.11815392118,-0.0918479040167,-0.71302274880564,-0.38689857508322,333049.4267767595,0.8164116517958558
2026-04-05T09:25:51.319,-117048.22885956471,-273598.24533928913,-149973.92742143205,-0.09161722510531,-0.71231170305536,-0.3865120591985,333239.35337547975,0.8155815410806507
2026-04-05T09:29:51.319,-117070.18938249197,-273769.1148981044,-150066.64397670407,-0.09138724988859,-0.71160141281323,-0.38612597290881,333429.08563677355,0.8147523962006861
2026-04-05T09:33:51.319,-117092.09479579213,-273939.8140777105,-150159.26792270772,-0.09115797818345,-0.71089187595966,-0.38574031511224,333618.6237962157,0.8139242145278817
2026-04-05T09:37:51.319,-117113.94526828735,-274110.34305866703,-150251.79936214956,-0.09092940982032,-0.71018309038166,-0.38535508471106,333807.9680888507,0.8130969934435774
2026-04-05T09:41:51.319,-117135.74096876073,-274280.7020210272,-150344.23839747315,-0.09070154464323,-0.70947505397284,-0.3849702806117,333997.11874919577,0.8122707303385265
2026-04-05T09:45:51.319,-117157.48206595956,-274450.8911443395,-150436.58513086016,-0.09047438250981,-0.7087677646333,-0.38458590172475,334186.076011243,0.8114454226127937
2026-04-05T09:49:51.319,-117179.1687285986,-274620.91060764925,-150528.8396642312,-0.09024792329139,-0.70806122026966,-0.3842019469649,334374.8401084622,0.8106210676757596
2026-04-05T09:53:51.319,-117200.80112536339,-274790.7605895001,-150621.00209924698,-0.09002216687299,-0.70735541879495,-0.38381841525097,334563.4112738037,0.809797662946031
2026-04-05T09:57:51.319,-117222.3794249135,-274960.4412679355,-150713.07253730917,-0.08979711315337,-0.70665035812858,-0.38343530550586,334751.78973970015,0.8089752058513918
2026-04-05T10:01:51.319,-117243.90379588587,-275129.95282050053,-150805.05107956144,-0.08957276204511,-0.70594603619633,-0.3830526166565,334939.97573807,0.8081536938287738
2026-04-05T10:05:51.319,-117265.37440689813,-275299.295424243,-150896.9378268904,-0.08934911347461,-0.70524245093023,-0.38267034763389,335127.96950031945,0.8073331243241657
2026-04-05T10:09:51.319,-117286.79142655189,-275468.4692557154,-150988.73287992663,-0.08912616738219,-0.70453960026857,-0.38228849737304,335315.77125734533,0.8065134947925988
2026-04-05T10:13:51.319,-117308.15502343612,-275637.47449097584,-151080.43633904553,-0.08890392372207,-0.70383748215586,-0.38190706481296,335503.38123953727,0.8056948026981001
2026-04-05T10:17:51.319,-117329.46536613048,-275806.31130559015,-151172.04830436833,-0.08868238246246,-0.70313609454273,-0.38152604889663,335690.79967678053,0.8048770455135956
2026-04-05T10:21:51.319,-117350.72262320868,-275974.97987463285,-151263.56887576313,-0.08846154358563,-0.70243543538593,-0.38114544857099,335878.0267984585,0.8040602207209075
2026-04-05T10:25:51.319,-117371.92696324187,-276143.4803726889,-151354.9981528457,-0.08824140708789,-0.70173550264826,-0.38076526278692,336065.06283345516,0.8032443258106771
2026-04-05T10:29:51.319,-117393.078554802,-276311.81297385506,-151446.33623498055,-0.08802197297973,-0.70103629429854,-0.38038549049922,336251.9080101574,0.8024293582823385
2026-04-05T10:33:51.319,-117414.17756646525,-276479.97785174125,-151537.58322128173,-0.08780324128577,-0.70033780831154,-0.38000613066657,336438.56255645794,0.8016153156440293
2026-04-05T10:37:51.319,-117435.2241668154,-276647.97517947207,-151628.73921061392,-0.08758521204493,-0.69964004266796,-0.37962718225154,336625.0266997573,0.8008021954125901
2026-04-05T10:41:51.319,-117456.2185244473,-276815.80512968823,-151719.8043015932,-0.08736788531036,-0.69894299535437,-0.37924864422055,336811.3006669669,0.7999899951134817
2026-04-05T10:45:51.319,-117477.16080797024,-276983.46787454793,-151810.77859258812,-0.08715126114961,-0.69824666436316,-0.37887051554384,336997.3846845109,0.7991787122807401
2026-04-05T10:49:51.319,-117498.05118601152,-277150.9635857282,-151901.66218172052,-0.08693533964461,-0.69755104769249,-0.3784927951955,337183.27897832915,0.798368344456941
2026-04-05T10:53:51.319,-117518.88982721978,-277318.29243442626,-151992.45516686645,-0.08672012089175,-0.69685614334626,-0.37811548215337,337368.98377387936,0.7975588891931294
2026-04-05T10:57:51.319,-117539.67690026856,-277485.4545913611,-152083.15764565716,-0.08650560500193,-0.69616194933406,-0.37773857539911,337554.4992961398,0.7967503440488101
2026-04-05T11:01:51.319,-117560.41257385975,-277652.45022677456,-152173.7697154799,-0.08629179210066,-0.69546846367112,-0.37736207391811,337739.8257696115,0.795942706591868
2026-04-05T11:05:51.319,-117581.09701672713,-277819.27951043285,-152264.29147347884,-0.08607868232805,-0.69477568437824,-0.37698597669949,337924.9634183209,0.7951359743985009
2026-04-05T11:09:51.319,-117601.73039763985,-277985.9426116278,-152354.72301655606,-0.08586627583893,-0.69408360948178,-0.37661028273609,338109.9124658221,0.7943301450532146
2026-04-05T11:13:51.319,-117622.31288540602,-278152.4396991783,-152445.0644413723,-0.08565457280289,-0.6933922370136,-0.37623499102447,338294.6731351996,0.7935252161487706
2026-04-05T11:17:51.319,-117642.8446488762,-278318.7709414316,-152535.31584434793,-0.08544357340435,-0.69270156501101,-0.37586010056483,338479.2456490703,0.7927211852861075
2026-04-05T11:21:51.319,-117663.325856947,-278484.93650626426,-152625.47732166387,-0.08523327784261,-0.69201159151673,-0.37548561036105,338663.63022958615,0.7919180500743264
2026-04-05T11:25:51.319,-117683.75667856469,-278650.93656108406,-152715.5489692623,-0.08502368633193,-0.69132231457882,-0.37511151942063,338847.8270984367,0.7911158081306056
2026-04-05T11:29:51.319,-117704.13728272873,-278816.77127283084,-152805.53088284773,-0.08481479910159,-0.69063373225068,-0.37473782675472,339031.8364768513,0.7903144570802166
2026-04-05T11:33:51.319,-117724.4678384954,-278982.44080797787,-152895.4231578877,-0.08460661639597,-0.68994584259096,-0.37436453137804,339215.6585856015,0.7895139945564132
2026-04-05T11:37:51.319,-117744.74851498149,-279147.9453325331,-152985.2258896138,-0.0843991384746,-0.68925864366352,-0.37399163230888,339399.29364500346,0.7887144182003968
2026-04-05T11:41:51.319,-117764.97948136789,-279313.28501204046,-153074.9391730223,-0.08419236561224,-0.68857213353741,-0.37361912856913,339582.7418749204,0.7879157256613184
2026-04-05T11:45:51.319,-117785.16090690326,-279478.4600115811,-153164.56310287534,-0.08398629809896,-0.6878863102868,-0.3732470191842,339766.003494765,0.7871179145961841
2026-04-05T11:49:51.319,-117805.29296090771,-279643.47049577447,-153254.09777370142,-0.08378093624019,-0.68720117199094,-0.372875303183,339949.07872350176,0.7863209826698118
2026-04-05T11:53:51.319,-117825.37581277653,-279808.3166287798,-153343.54327979646,-0.08357628035683,-0.6865167167341,-0.37250397959798,340131.96777964925,0.7855249275548067
2026-04-05T11:57:51.319,-117845.40963198389,-279972.99857429706,-153432.8997152246,-0.08337233078529,-0.68583294260555,-0.37213304746505,340314.6708812825,0.7847297469315055
2026-04-05T12:01:51.319,-117865.39458808654,-280137.5164955682,-153522.167173819,-0.08316908787757,-0.68514984769948,-0.3717625058236,340497.1882460355,0.7839354384879215
2026-04-05T12:05:51.319,-117885.3308507276,-280301.8705553785,-153611.34574918268,-0.08296655200136,-0.68446743011501,-0.37139235371645,340679.5200911035,0.7831419999197369
2026-04-05T12:09:51.319,-117905.21858964034,-280466.06091605744,-153700.43553468934,-0.08276472354011,-0.68378568795605,-0.37102259018987,340861.66663324536,0.7823494289301933
2026-04-05T12:13:51.319,-117925.05797465195,-280630.08773948014,-153789.43662348422,-0.08256360289309,-0.68310461933135,-0.37065321429352,341043.62808878574,0.7815577232301109
2026-04-05T12:17:51.319,-117944.84917568734,-280793.9511870683,-153878.34910848486,-0.08236319047551,-0.68242422235438,-0.37028422508044,341225.40467361757,0.7807668805377873
2026-04-05T12:21:51.319,-117964.59236277301,-280957.6514197915,-153967.17308238198,-0.08216348671855,-0.68174449514334,-0.36991562160708,341406.99660320446,0.7799768985790216
2026-04-05T12:25:51.319,-117984.28770604084,-281121.1885981682,-154055.9086376402,-0.0819644920695,-0.68106543582106,-0.3695474029332,341588.40409258276,0.7791877750869904
2026-04-05T12:29:51.319,-118003.93537573202,-281284.5628822669,-154144.5558664989,-0.0817662069918,-0.68038704251499,-0.36917956812191,341769.6273563643,0.7783995078022601
2026-04-05T12:33:51.319,-118023.53554220093,-281447.7744317072,-154233.11486097303,-0.08156863196517,-0.67970931335714,-0.36881211623965,341950.6666087382,0.7776120944727346
2026-04-05T12:37:51.319,-118043.08837591902,-281610.8234056611,-154321.58571285382,-0.08137176748564,-0.67903224648402,-0.36844504635614,342131.52206347365,0.7768255328535811
2026-04-05T12:41:51.319,-118062.59404747876,-281773.70996285364,-154409.9685137097,-0.0811756140657,-0.67835584003663,-0.36807835754438,342312.19393392187,0.7760398207072327
2026-04-05T12:45:51.319,-118082.0527275976,-281936.4342615644,-154498.26335488696,-0.08098017223435,-0.67768009216034,-0.36771204888063,342492.6824330187,0.7752549558032781
2026-04-05T12:49:51.319,-118101.46458712194,-282098.9964596283,-154586.4703275106,-0.08078544253721,-0.67700500100495,-0.36734611944438,342672.9877732864,0.774470935918508
2026-04-05T12:53:51.319,-118120.82979703114,-282261.39671443676,-154674.58952248507,-0.08059142553661,-0.67633056472452,-0.36698056831837,342853.11016683676,0.7736877588367835
2026-04-05T12:57:51.319,-118140.14852844152,-282423.6351829387,-154762.6210304951,-0.08039812181168,-0.67565678147742,-0.36661539458853,343033.0498253725,0.7729054223490579
2026-04-05T13:01:51.319,-118159.42095261044,-282585.7120216416,-154850.56494200637,-0.08020553195845,-0.67498364942622,-0.36625059734396,343212.80696019036,0.7721239242532794
2026-04-05T13:05:51.319,-118178.64724094032,-282747.62738661235,-154938.42134726638,-0.08001365658995,-0.67431116673768,-0.36588617567695,343392.38178218255,0.7713432623544005
2026-04-05T13:09:51.319,-118197.82756498277,-282909.3814334784,-155026.19033630512,-0.07982249633631,-0.67363933158269,-0.36552212868292,343571.7745018398,0.7705634344643059
2026-04-05T13:13:51.319,-118216.96209644269,-283070.9743174287,-155113.87199893588,-0.07963205184484,-0.67296814213619,-0.36515845546045,343750.9853292532,0.7697844384017619
2026-04-05T13:17:51.319,-118236.0510071824,-283232.40619321476,-155201.46642475598,-0.07944232378017,-0.67229759657717,-0.36479515511119,343930.0144741164,0.7690062719923875
2026-04-05T13:21:51.319,-118255.09446922583,-283393.6772151514,-155288.9737031475,-0.07925331282433,-0.67162769308859,-0.36443222673992,344108.86214572814,0.7682289330686192
2026-04-05T13:25:51.319,-118274.0926547627,-283554.78753711784,-155376.393923278,-0.07906501967685,-0.67095842985734,-0.36406966945448,344287.5285529946,0.7674524194696516
2026-04-05T13:29:51.319,-118293.04573615272,-283715.73731255875,-155463.72717410137,-0.07887744505489,-0.67028980507418,-0.36370748236577,344466.0139044312,0.7666767290413975
2026-04-05T13:33:51.319,-118311.95388592983,-283876.52669448487,-155550.97354435842,-0.07869058969331,-0.66962181693373,-0.36334566458773,344644.31840816507,0.7659018596364745
2026-04-05T13:37:51.319,-118330.81727680651,-284037.1558354742,-155638.13312257768,-0.07850445434483,-0.66895446363434,-0.36298421523731,344822.44227193744,0.7651278091140935
2026-04-05T13:41:51.319,-118349.636081678,-284197.6248876728,-155725.20599707612,-0.0783190397801,-0.66828774337814,-0.36262313343447,345000.38570310577,0.7643545753401081
2026-04-05T13:45:51.319,-118368.4104736267,-284357.9340027956,-155812.19225595985,-0.07813434678783,-0.66762165437089,-0.36226241830217,345178.148908646,0.763582156186891
2026-04-05T13:49:51.319,-118387.14062592646,-284518.0833321275,-155899.09198712485,-0.07795037617491,-0.66695619482202,-0.36190206896632,345355.7320951548,0.7628105495333565
2026-04-05T13:53:51.319,-118405.82671204698,-284678.07302652387,-155985.90527825768,-0.07776712876652,-0.66629136294451,-0.36154208455577,345533.13546885154,0.7620397532648627
2026-04-05T13:57:51.319,-118424.4689056582,-284837.90323641186,-156072.63221683618,-0.07758460540624,-0.66562715695487,-0.36118246420231,345710.3592355811,0.7612697652732032
2026-04-05T14:01:51.319,-118443.06738063475,-284997.57411179086,-156159.27289013015,-0.07740280695619,-0.6649635750731,-0.36082320704064,345887.4036008155,0.7605005834565731
2026-04-05T14:05:51.319,-118461.6223110604,-285157.0858022335,-156245.82738520205,-0.07722173429712,-0.6643006155226,-0.36046431220837,346064.2687696565,0.759732205719498
2026-04-05T14:09:51.319,-118480.13387123257,-285316.4384568864,-156332.29578890774,-0.07704138832859,-0.66363827653015,-0.36010577884594,346240.9549468375,0.7589646299727976
2026-04-05T14:13:51.319,-118498.6022356668,-285475.632224471,-156418.67818789714,-0.07686176996902,-0.66297655632585,-0.35974760609669,346417.46233672625,0.7581978541335715
2026-04-05T14:17:51.319,-118517.02757910136,-285634.6672532845,-156504.9746686149,-0.07668288015587,-0.66231545314308,-0.35938979310677,346593.79114332644,0.7574318761251403
2026-04-05T14:21:51.319,-118535.41007650181,-285793.5436912003,-156591.18531730105,-0.07650471984577,-0.66165496521841,-0.35903233902518,346769.9415702805,0.7566666938769983
2026-04-05T14:25:51.319,-118553.74990306559,-285952.26168566913,-156677.31021999178,-0.07632729001462,-0.66099509079158,-0.35867524300369,346945.91382087144,0.7559023053247695
2026-04-05T14:29:51.319,-118572.04723422672,-286110.8213837195,-156763.34946251998,-0.07615059165774,-0.66033582810545,-0.35831850419686,347121.70809802506,0.7551387084101897
2026-04-05T14:33:51.319,-118590.3022456604,-286269.2229319587,-156849.30313051603,-0.07597462578999,-0.65967717540591,-0.35796212176203,347297.32460431225,0.7543759010810348
2026-04-05T14:37:51.319,-118608.51511328777,-286427.4664765732,-156935.17130940832,-0.07579939344595,-0.65901913094187,-0.35760609485927,347472.7635419513,0.7536138812911084
2026-04-05T14:41:51.319,-118626.68601328065,-286585.5521633298,-157020.95408442407,-0.07562489568,-0.65836169296518,-0.35725042265139,347648.0251128099,0.7528526470001853
2026-04-05T14:45:51.319,-118644.81512206631,-286743.4801375759,-157106.6515405898,-0.0754511335665,-0.65770485973059,-0.35689510430389,347823.1095184073,0.7520921961739727
2026-04-05T14:49:51.319,-118662.90261633227,-286901.25054424047,-157192.2637627322,-0.07527810819992,-0.65704862949566,-0.35654013898499,347998.01695991686,0.7513325267840597
2026-04-05T14:53:51.319,-118680.94867303115,-287058.8635278346,-157277.79083547855,-0.07510582069497,-0.65639300052076,-0.35618552586555,348172.74763816764,0.750573636807895
2026-04-05T14:57:51.319,-118698.95346938554,-287216.31923245225,-157363.2328432575,-0.07493427218678,-0.65573797106898,-0.35583126411911,348347.3017536472,0.7498155242287456
2026-04-05T15:01:51.319,-118716.91718289294,-287373.6178017708,-157448.58987029965,-0.07476346383102,-0.65508353940608,-0.35547735292182,348521.6795065035,0.7490581870356359
2026-04-05T15:05:51.319,-118734.83999133068,-287530.75937905174,-157533.8620006382,-0.07459339680405,-0.65442970380042,-0.35512379145248,348695.8810965469,0.7483016232233205
2026-04-05T15:09:51.319,-118752.72207276091,-287687.7441071413,-157619.04931810958,-0.0744240723031,-0.65377646252295,-0.35477057889245,348869.90672325273,0.7475458307922553
2026-04-05T15:13:51.319,-118770.56360553564,-287844.57212847087,-157704.15190635403,-0.07425549154638,-0.65312381384708,-0.3544177144257,349043.75658576307,0.7467908077485199
2026-04-05T15:17:51.319,-118788.3647683018,-288001.243585058,-157789.1698488163,-0.0740876557733,-0.6524717560487,-0.35406519723873,349217.4308828894,0.7460365521038216
2026-04-05T15:21:51.319,-118806.12574000632,-288157.75861850666,-157874.10322874613,-0.07392056624456,-0.65182028740607,-0.35371302652062,349390.9298131142,0.7452830618754359
2026-04-05T15:25:51.319,-118823.84669990126,-288314.1173700078,-157958.95212919902,-0.07375422424236,-0.65116940619977,-0.35336120146292,349564.2535745937,0.7445303350861345
2026-04-05T15:29:51.319,-118841.52782754903,-288470.3199803401,-158043.7166330367,-0.07358863107054,-0.65051911071267,-0.35300972125974,349737.40236515953,0.7437783697642184
2026-04-05T15:33:51.319,-118859.16930282755,-288626.36658987025,-158128.39682292778,-0.07342378805475,-0.64986939922984,-0.35265858510764,349910.37638232124,0.7430271639434083
2026-04-05T15:37:51.319,-118876.77130593554,-288782.2573385537,-158212.99278134838,-0.07325969654264,-0.64922027003849,-0.35230779220565,350083.1758232683,0.7422767156628242
2026-04-05T15:41:51.319,-118894.33401739784,-288937.9923659352,-158297.50459058263,-0.073096357904,-0.64857172142793,-0.35195734175524,350255.8008848723,0.7415270229669536
2026-04-05T15:45:51.319,-118911.85761807066,-289093.5718111489,-158381.93233272334,-0.07293377353094,-0.64792375168952,-0.35160723296032,350428.2517636893,0.7407780839056309
2026-04-05T15:49:51.319,-118929.34228914704,-289248.9958129194,-158466.27608967252,-0.07277194483807,-0.64727635911655,-0.35125746502721,350600.5286559615,0.7400298965339399
2026-04-05T15:53:51.319,-118946.78821216227,-289404.2645095617,-158550.53594314202,-0.07261087326269,-0.64662954200426,-0.35090803716461,350772.63175762,0.7392824589122408
2026-04-05T15:57:51.319,-118964.19556899929,-289559.37803898205,-158634.71197465406,-0.07245056026494,-0.64598329864971,-0.35055894858358,350944.5612642867,0.7385357691060666
2026-04-05T16:01:51.319,-118981.56454189424,-289714.3365386781,-158718.80426554175,-0.07229100732803,-0.64533762735175,-0.35021019849754,351116.31737127615,0.7377898251861257
2026-04-05T16:05:51.319,-118998.89531344206,-289869.1401457395,-158802.81289694973,-0.07213221595836,-0.64469252641095,-0.34986178612224,351287.90027359826,0.7370446252282429
2026-04-05T16:09:51.319,-119016.18806660197,-290023.7889968481,-158886.73794983473,-0.07197418768578,-0.64404799412956,-0.34951371067573,351459.31016596,0.7363001673133421
2026-04-05T16:13:51.319,-119033.44298470322,-290178.2832282787,-158970.579504966,-0.07181692406372,-0.64340402881139,-0.34916597137837,351630.5472427679,0.7355564495273649
2026-04-05T16:17:51.319,-119050.66025145071,-290332.622975899,-159054.33764292605,-0.07166042666942,-0.6427606287618,-0.34881856745276,351801.61169813,0.7348134699612572
2026-04-05T16:21:51.319,-119067.84005093078,-290486.8083751704,-159138.01244411105,-0.0715046971041,-0.64211779228763,-0.34847149812378,351972.5037258579,0.7340712267109512
2026-04-05T16:25:51.319,-119084.98256761696,-290640.8395611478,-159221.60398873137,-0.0713497369932,-0.64147551769709,-0.34812476261851,352143.22351946926,0.7333297178772604
2026-04-05T16:29:51.319,-119102.08798637579,-290794.7166684804,-159305.11235681217,-0.07119554798653,-0.64083380329973,-0.34777836016627,352313.7712721896,0.7325889415658956
2026-04-05T16:33:51.319,-119119.15649247271,-290948.439831412,-159388.53762819394,-0.0710421317585,-0.64019264740638,-0.34743228999855,352484.14717695484,0.7318488958874081
2026-04-05T16:37:51.319,-119136.18827157802,-291102.0091837808,-159471.87988253293,-0.07088949000834,-0.63955204832907,-0.34708655134902,352654.3514264129,0.7311095789571543
2026-04-05T16:41:51.319,-119153.18350977282,-291255.4248590203,-159555.13919930178,-0.07073762446028,-0.63891200438094,-0.34674114345347,352824.3842129262,0.7303709888952146
2026-04-05T16:45:51.319,-119170.14239355503,-291408.6869901591,-159638.31565778994,-0.07058653686379,-0.63827251387622,-0.34639606554986,352994.245728574,0.7296331238264306
2026-04-05T16:49:51.319,-119187.0651098455,-291561.7957098215,-159721.40933710424,-0.07043622899378,-0.63763357513011,-0.34605131687822,353163.9361651541,0.7288959818802818
2026-04-05T16:53:51.319,-119203.95184599415,-291714.7511502275,-159804.4203161694,-0.07028670265082,-0.63699518645874,-0.34570689668068,353333.4557141854,0.7281595611908945
2026-04-05T16:57:51.319,-119220.8027897861,-291867.553443193,-159887.3486737284,-0.07013795966136,-0.63635734617911,-0.34536280420144,353502.8045669095,0.727423859897007
2026-04-05T17:01:51.319,-119237.618129448,-292020.2027201302,-159970.19448834323,-0.06999000187798,-0.63572005260898,-0.34501903868675,353671.9829142936,0.7266888761418968
2026-04-05T17:05:51.319,-119254.39805365425,-292172.69911204756,-160052.95783839506,-0.06984283117957,-0.63508330406683,-0.34467559938484,353840.990947032,0.7259546080733411
2026-04-05T17:09:51.319,-119271.14275153336,-292325.0427495501,-160135.63880208498,-0.06969644947162,-0.63444709887176,-0.344332485546,354009.8288555485,0.725221053843605
2026-04-05T17:13:51.319,-119287.85241267437,-292477.23376283934,-160218.23745743436,-0.06955085868639,-0.63381143534346,-0.34398969642245,354178.4968299987,0.7244882116093818
2026-04-05T17:17:51.319,-119304.52722713332,-292629.27228171384,-160300.75388228532,-0.06940606078321,-0.63317631180209,-0.34364723126838,354346.9950602717,0.7237560795317464
2026-04-05T17:21:51.319,-119321.16738543974,-292781.1584355689,-160383.18815430123,-0.06926205774868,-0.63254172656823,-0.34330508933993,354515.3237359929,0.7230246557761335
2026-04-05T17:25:51.319,-119337.77307860323,-292932.89235339686,-160465.54035096717,-0.06911885159692,-0.6319076779628,-0.34296326989514,354683.4830465254,0.7222939385122801
2026-04-05T17:29:51.319,-119354.34449812016,-293084.47416378703,-160547.8105495904,-0.06897644436985,-0.63127416430696,-0.34262177219395,354851.4731809728,0.7215639259141776
2026-04-05T17:33:51.319,-119370.88183598025,-293235.9039949259,-160629.9988273007,-0.06883483813739,-0.63064118392209,-0.34228059549814,355019.29432818096,0.7208346161600575
2026-04-05T17:37:51.319,-119387.38528467345,-293387.18197459704,-160712.105261051,-0.06869403499776,-0.63000873512964,-0.34193973907136,355186.94667674025,0.7201060074323169
2026-04-05T17:41:51.319,-119403.85503719667,-293538.3082301812,-160794.1299276177,-0.0685540370777,-0.6293768162511,-0.34159920217908,355354.4304149877,0.7193780979175037
2026-04-05T17:45:51.319,-119420.29128706068,-293689.28288865637,-160876.0729036011,-0.06841484653278,-0.62874542560792,-0.34125898408856,355521.7457310093,0.7186508858062755
2026-04-05T17:49:51.319,-119436.6942282971,-293840.1060765975,-160957.93426542587,-0.06827646554761,-0.62811456152138,-0.34091908406885,355688.8928126418,0.7179243692933212
2026-04-05T17:53:51.319,-119453.06405546535,-293990.77792017686,-161039.71408934146,-0.06813889633615,-0.62748422231258,-0.34057950139073,355855.8718474752,0.7171985465773688
2026-04-05T17:57:51.319,-119469.40096365976,-294141.2985451635,-161121.41245142254,-0.06800214114198,-0.62685440630228,-0.34024023532672,356022.68302285473,0.7164734158610907
2026-04-05T18:01:51.319,-119485.70514851669,-294291.66807692347,-161203.02942756936,-0.06786620223855,-0.6262251118109,-0.33990128515105,356189.3265258831,0.7157489753511307
2026-04-05T18:05:51.319,-119501.97680622173,-294441.88664041983,-161284.5650935082,-0.0677310819295,-0.62559633715836,-0.33956265013962,356355.80254342244,0.7150252232579904
2026-04-05T18:09:51.319,-119518.21613351704,-294591.95436021214,-161366.0195247917,-0.0675967825489,-0.62496808066403,-0.33922432956999,356522.11126209673,0.7143021577960226
2026-04-05T18:13:51.319,-119534.42332770859,-294741.8713604567,-161447.39279679945,-0.06746330646157,-0.62434034064664,-0.33888632272135,356688.2528682938,0.7135797771833848
2026-04-05T18:17:51.319,-119550.59858667364,-294891.6377649061,-161528.6849847381,-0.06733065606339,-0.6237131154242,-0.3385486288745,356854.2275481675,0.7128580796420084
2026-04-05T18:21:51.319,-119566.74210886823,-295041.2536969093,-161609.89616364194,-0.06719883378154,-0.62308640331387,-0.33821124731182,357020.03548764,0.7121370633975111
2026-04-05T18:25:51.319,-119582.85409333471,-295190.7192794111,-161691.0264083732,-0.06706784207486,-0.62246020263195,-0.33787417731724,357185.67687240354,0.7114167266792287
2026-04-05T18:29:51.319,-119598.93473970935,-295340.03463495214,-161772.07579362247,-0.06693768343412,-0.62183451169369,-0.33753741817622,357351.15188792313,0.7106970677200833
2026-04-05T18:33:51.319,-119614.98424823012,-295489.1998856687,-161853.04439390902,-0.06680836038233,-0.62120932881328,-0.33720096917573,357516.4607194383,0.709978084756616
2026-04-05T18:37:51.319,-119631.00281974436,-295638.2151532922,-161933.93228358115,-0.06667987547509,-0.62058465230372,-0.33686482960421,357681.6035519655,0.7092597760289074
2026-04-05T18:41:51.319,-119646.99065571673,-295787.0805591491,-162014.73953681655,-0.06655223130087,-0.61996048047671,-0.33652899875157,357846.58057030005,0.7085421397805298
2026-04-05T18:45:51.319,-119662.94795823707,-295935.79622416047,-162095.4662276227,-0.06642543048135,-0.61933681164259,-0.33619347590913,358011.3919590185,0.7078251742585202
2026-04-05T18:49:51.319,-119678.87493002848,-296084.3622688417,-162176.11242983714,-0.06629947567175,-0.61871364411024,-0.3358582603696,358176.0379024807,0.7071088777133375
2026-04-05T18:53:51.319,-119694.77177445534,-296232.7788133021,-162256.67821712786,-0.06617436956114,-0.61809097618692,-0.33552335142707,358340.51858483197,0.7063932483987706
2026-04-05T18:57:51.319,-119710.63869553151,-296381.0459772446,-162337.16366299352,-0.06605011487282,-0.61746880617828,-0.33518874837699,358504.8341900053,0.7056782845719969
2026-04-05T19:01:51.319,-119726.4758979286,-296529.1638799652,-162417.56884076394,-0.06592671436464,-0.61684713238815,-0.33485445051609,358668.9849017236,0.704963984493416
2026-04-05T19:05:51.319,-119742.28358698427,-296677.1326403526,-162497.89382360023,-0.06580417082932,-0.6162259531185,-0.3345204571424,358832.97090350155,0.7042503464266797
2026-04-05T19:09:51.319,-119758.06196871065,-296824.9523768877,-162578.1386844952,-0.06568248709486,-0.61560526666934,-0.33418676755523,358996.7923786481,0.7035373686386595
2026-04-05T19:13:51.319,-119773.81124980286,-296972.62320764334,-162658.3034962737,-0.06556166602484,-0.61498507133856,-0.33385338105509,359160.4495102686,0.7028250493993234
2026-04-05T19:17:51.319,-119789.5316376476,-297120.14525028336,-162738.38833159275,-0.06544171051881,-0.6143653654219,-0.3335202969437,359323.9424812668,0.7021133869817796
2026-04-05T19:21:51.319,-119805.22334033178,-297267.51862206246,-162818.393262942,-0.06532262351268,-0.61374614721277,-0.33318751452396,359487.2714743473,0.7014023796621683
2026-04-05T19:25:51.319,-119820.88656665137,-297414.74343982537,-162898.3183626439,-0.06520440797904,-0.61312741500219,-0.33285503309988,359650.4366720174,0.7006920257196361
2026-04-05T19:29:51.319,-119836.5215261202,-297561.81982000644,-162978.163702854,-0.06508706692758,-0.61250916707866,-0.33252285197662,359813.43825658946,0.6999823234363095
2026-04-05T19:33:51.319,-119852.12842897886,-297708.74787862896,-163057.92935556124,-0.06497060340547,-0.61189140172804,-0.33219097046038,359976.2764101833,0.6992732710972054
2026-04-05T19:37:51.319,-119867.70748620386,-297855.5277313044,-163137.61539258814,-0.06485502049772,-0.61127411723346,-0.33185938785844,360138.95131472795,0.6985648669902346
2026-04-05T19:41:51.319,-119883.25890951666,-298002.1594932319,-163217.2218855911,-0.0647403213276,-0.61065731187519,-0.33152810347907,360301.46315196407,0.6978571094061182
2026-04-05T19:45:51.319,-119898.78291139296,-298148.64327919757,-163296.74890606065,-0.06462650905704,-0.6100409839305,-0.33119711663154,360463.81210344617,0.6971499966383405
2026-04-05T19:49:51.319,-119914.27970507198,-298294.9792035736,-163376.1965253216,-0.06451358688704,-0.60942513167359,-0.33086642662606,360625.99835054483,0.6964435269831303
2026-04-05T19:53:51.319,-119929.74950456592,-298441.16738031764,-163455.5648145334,-0.06440155805806,-0.60880975337544,-0.33053603277377,360788.02207444864,0.6957376987393974
2026-04-05T19:57:51.319,-119945.19252466946,-298587.2079229719,-163534.85384469022,-0.06429042585046,-0.60819484730367,-0.33020593438668,360949.88345616666,0.6950325102086581
2026-04-05T20:01:51.319,-119960.6089809694,-298733.10094466264,-163614.06368662126,-0.06418019358491,-0.60758041172246,-0.32987613077767,361111.5826765306,0.6943279596950399
2026-04-05T20:05:51.319,-119975.99908985438,-298878.8465580988,-163693.19441099087,-0.06407086462284,-0.60696644489239,-0.32954662126042,361273.11991619685,0.6936240455051885
2026-04-05T20:09:51.319,-119991.36306852473,-299024.44487557164,-163772.24608829877,-0.06396244236686,-0.60635294507032,-0.32921740514939,361434.4953556489,0.6929207659482302
2026-04-05T20:13:51.319,-120006.70113500238,-299169.89600895345,-163851.21878888027,-0.0638549302612,-0.60573991050929,-0.32888848175981,361595.7091751993,0.6922181193357613
2026-04-05T20:17:51.319,-120022.01350814092,-299315.2000696969,-163930.11258290644,-0.06374833179219,-0.60512733945832,-0.32855985040759,361756.7615549921,0.6915161039817149
2026-04-05T20:21:51.319,-120037.30040763576,-299460.35716883384,-164008.92754038423,-0.06364265048867,-0.60451523016235,-0.32823151040934,361917.65267500497,0.690814718202398
2026-04-05T20:25:51.319,-120052.56205403437,-299605.3674169745,-164087.66373115662,-0.0635378899225,-0.60390358086206,-0.3279034610823,362078.38271505135,0.6901139603163914
2026-04-05T20:29:51.319,-120067.79866874666,-299750.2309243062,-164166.32122490284,-0.06343405370899,-0.60329238979376,-0.32757570174429,362238.9518547827,0.6894138286445124
2026-04-05T20:33:51.319,-120083.01047405553,-299894.9478005926,-164244.90009113846,-0.06333114550741,-0.6026816551892,-0.32724823171373,362399.3602736908,0.6887143215097516
2026-04-05T20:37:51.319,-120098.19769312735,-300039.5181551723,-164323.40039921555,-0.06322916902145,-0.60207137527551,-0.32692105030954,362559.60815110995,0.6880154372372613
2026-04-05T20:41:51.319,-120113.36055002284,-300183.9420969579,-164401.82221832272,-0.06312812799973,-0.60146154827497,-0.32659415685113,362719.695666219,0.6873171741542436
2026-04-05T20:45:51.319,-120128.49926970777,-300328.21973443474,-164480.16561748536,-0.06302802623629,-0.60085217240493,-0.32626755065835,362879.62299804395,0.6866195305899514
2026-04-05T20:49:51.319,-120143.614078064,-300472.3511756597,-164558.4306655656,-0.06292886757108,-0.60024324587762,-0.32594123105145,363039.3903254597,0.6859225048755976
2026-04-05T20:53:51.319,-120158.70520190054,-300616.33652825997,-164636.61743126257,-0.06283065589051,-0.59963476690003,-0.32561519735108,363198.99782719277,0.6852260953443526
2026-04-05T20:57:51.319,-120173.77286896476,-300760.1758994318,-164714.72598311232,-0.06273339512794,-0.59902673367371,-0.32528944887816,363358.4456818232,0.6845303003312047
2026-04-05T21:01:51.319,-120188.81730795374,-300903.86939593917,-164792.75638948797,-0.06263708926423,-0.59841914439468,-0.32496398495392,363517.7340677869,0.6838351181730049
2026-04-05T21:05:51.319,-120203.83874852568,-301047.4171241123,-164870.7087185998,-0.06254174232826,-0.59781199725322,-0.32463880489983,363676.8631633778,0.6831405472083532
2026-04-05T21:09:51.319,-120218.83742131157,-301190.8191898465,-164948.58303849524,-0.06244735839747,-0.59720529043371,-0.32431390803755,363835.8331467503,0.6824465857775408
2026-04-05T21:13:51.319,-120233.81355792687,-301334.07569860056,-165026.37941705892,-0.06235394159845,-0.59659902211452,-0.32398929368887,363994.6441959213,0.6817532322225376
2026-04-05T21:17:51.319,-120248.76739098334,-301477.1867553953,-165104.09792201273,-0.06226149610747,-0.59599319046778,-0.32366496117572,364153.29648877255,0.6810604848869036
2026-04-05T21:21:51.319,-120263.69915410108,-301620.15246481216,-165181.73862091586,-0.06217002615105,-0.59538779365925,-0.32334090982006,364311.7902030529,0.6803683421157366
2026-04-05T21:25:51.319,-120278.60908192066,-301762.97293099156,-165259.3015811647,-0.06207953600654,-0.59478282984812,-0.32301713894386,364470.12551638053,0.6796768022556029
2026-04-05T21:29:51.319,-120293.49741011533,-301905.6482576313,-165336.78686999303,-0.06199003000274,-0.59417829718688,-0.32269364786908,364628.30260624515,0.6789858636545348
2026-04-05T21:33:51.319,-120308.36437540354,-302048.1785479849,-165414.19455447173,-0.06190151252044,-0.59357419382108,-0.32237043591758,364786.3216500104,0.6782955246618938
2026-04-05T21:37:51.319,-120323.2102155614,-302190.5639048601,-165491.52470150904,-0.06181398799309,-0.59297051788923,-0.32204750241109,364944.182824916,0.677605783628396
2026-04-05T21:41:51.319,-120338.0351694354,-302332.80443061696,-165568.77737785038,-0.06172746090734,-0.59236726752253,-0.32172484667116,365101.88630807993,0.6769166389059714
2026-04-05T21:45:51.319,-120352.83947695534,-302474.9002271661,-165645.95265007825,-0.06164193580375,-0.59176444084476,-0.3214024680191,365259.432276501,0.6762280888477745
2026-04-05T21:49:51.319,-120367.62337914723,-302616.8513959669,-165723.05058461227,-0.06155741727734,-0.59116203597204,-0.32108036577594,365416.82090706076,0.675540131808078
2026-04-05T21:53:51.319,-120382.38711814651,-302758.6580380258,-165800.07124770907,-0.06147390997831,-0.59056005101266,-0.32075853926239,365574.05237652594,0.6748527661422447
2026-04-05T21:57:51.319,-120397.13093721133,-302900.3202538941,-165877.0147054622,-0.06139141861261,-0.58995848406687,-0.32043698779874,365731.1268615508,0.674165990206624
2026-04-05T22:01:51.319,-120411.85508073607,-303041.83814366633,-165953.88102380204,-0.0613099479427,-0.58935733322671,-0.32011571070487,365888.0445386792,0.6734798023585562
2026-04-05T22:05:51.319,-120426.5597942649,-303183.21180697804,-166030.67026849565,-0.06122950278814,-0.58875659657578,-0.31979470730013,366044.8055843471,0.6727942009562466
2026-04-05T22:09:51.319,-120441.24532450564,-303324.4413430038,-166107.38250514673,-0.06115008802631,-0.58815627218904,-0.31947397690332,366201.41017488483,0.6721091843587295
2026-04-05T22:13:51.319,-120455.91191934366,-303465.5268504552,-166184.01779919534,-0.06107170859313,-0.5875563581326,-0.31915351883266,366357.858486519,0.6714247509258184
2026-04-05T22:17:51.319,-120470.55982785608,-303606.4684275785,-166260.57621591788,-0.0609943694837,-0.58695685246353,-0.31883333240566,366514.15069537534,0.6707408990180235
2026-04-05T22:21:51.319,-120485.18930032599,-303747.26617215254,-166337.05782042688,-0.06091807575309,-0.5863577532296,-0.31851341693912,366670.2869774805,0.6700576269964826
2026-04-05T22:25:51.319,-120499.80058825697,-303887.9201814866,-166413.4626776708,-0.06084283251701,-0.58575905846909,-0.31819377174905,366826.26750876463,0.6693749332229093
2026-04-05T22:29:51.319,-120514.39394438772,-304028.4305524179,-166489.79085243377,-0.06076864495257,-0.58516076621057,-0.3178743961506,366982.09246506373,0.6686928160595278
2026-04-05T22:33:51.319,-120528.9696227069,-304168.7973813093,-166566.04240933555,-0.06069551829907,-0.58456287447265,-0.31755528945801,367137.7620221216,0.6680112738689972
2026-04-05T22:37:51.319,-120543.52787846814,-304309.0207640471,-166642.21741283115,-0.06062345785867,-0.58396538126377,-0.31723645098455,367293.27635559236,0.6673303050143571
2026-04-05T22:41:51.319,-120558.0689682052,-304449.1007960381,-166718.31592721064,-0.06055246899726,-0.58336828458194,-0.31691788004243,367448.63564104296,0.6666499078589357
2026-04-05T22:45:51.319,-120572.5931497474,-304589.03757220757,-166794.33801659892,-0.0604825571452,-0.58277158241452,-0.31659957594277,367603.8400539549,0.6659700807663118
2026-04-05T22:49:51.319,-120587.10068223512,-304728.83118699637,-166870.28374495538,-0.06041372779813,-0.58217527273795,-0.31628153799551,367758.8897697272,0.6652908221002137
2026-04-05T22:53:51.319,-120601.59182613566,-304868.4817343583,-166946.15317607365,-0.06034598651775,-0.58157935351755,-0.31596376550933,367913.7849636782,0.6646121302244842
2026-04-05T22:57:51.319,-120616.06684325909,-305007.9893077576,-167021.94637358133,-0.06027933893272,-0.58098382270721,-0.31564625779161,368068.5258110481,0.6639340035029808
2026-04-05T23:01:51.319,-120630.52599677451,-305147.35400016594,-167097.66340093958,-0.06021379073941,-0.58038867824915,-0.31532901414834,368223.1124870012,0.6632564402995035
2026-04-05T23:05:51.319,-120644.96955122636,-305286.5759040598,-167173.30432144285,-0.06014934770282,-0.57979391807368,-0.31501203388406,368377.5451666284,0.6625794389777546
2026-04-05T23:09:51.319,-120659.39777255098,-305425.6551114174,-167248.86919821848,-0.06008601565741,-0.5791995400989,-0.31469531630175,368531.824024949,0.6619029979012168
2026-04-05T23:13:51.319,-120673.8109280934,-305564.5917137158,-167324.35809422637,-0.06002380050798,-0.57860554223045,-0.31437886070282,368685.9492369135,0.6612271154331301
2026-04-05T23:17:51.319,-120688.20928662438,-305703.385801928,-167399.7710722585,-0.05996270823058,-0.57801192236121,-0.31406266638696,368839.9209774059,0.6605517899363638
2026-04-05T23:21:51.319,-120702.5931183575,-305842.03746651957,-167475.1081949386,-0.05990274487341,-0.57741867837106,-0.31374673265212,368993.73942124564,0.6598770197734055
2026-04-05T23:25:51.319,-120716.96269496673,-305980.5467974458,-167550.3695247217,-0.05984391655774,-0.57682580812651,-0.31343105879439,369147.4047431902,0.6592028033061931
2026-04-05T23:29:51.319,-120731.31828960395,-306118.91388414823,-167625.55512389363,-0.05978622947883,-0.57623330948051,-0.31311564410794,369300.91711793747,0.6585291388961363
2026-04-05T23:33:51.319,-120745.66017691692,-306257.1388155515,-167700.6650545706,-0.05972968990692,-0.57564118027207,-0.31280048788494,369454.27672012773,0.6578560249039718
2026-04-05T23:37:51.319,-120759.98863306732,-306395.22168005985,-167775.6993786987,-0.05967430418817,-0.57504941832599,-0.31248558941546,369607.4837243465,0.6571834596897043
2026-04-05T23:41:51.319,-120774.30393574912,-306533.1625655538,-167850.65815805332,-0.05962007874565,-0.57445802145255,-0.31217094798737,369760.5383051261,0.6565114416125198
2026-04-05T23:45:51.319,-120788.60636420718,-306670.9615593865,-167925.5414542388,-0.05956702008034,-0.57386698744717,-0.31185656288631,369913.44063694874,0.6558399690307118
2026-04-05T23:49:51.319,-120802.89619925604,-306808.61874838034,-168000.3493286876,-0.05951513477215,-0.57327631409011,-0.31154243339552,370066.19089424843,0.6551690403015787
2026-04-05T23:53:51.319,-120817.17372329895,-306946.1342188229,-168075.08184265994,-0.05946442948096,-0.57268599914616,-0.31122855879582,370218.78925141314,0.6544986537813923
2026-04-05T23:57:51.319,-120831.4392203473,-307083.5080564635,-168149.73905724313,-0.05941491094763,-0.57209604036424,-0.31091493836547,370371.2358827876,0.6538288078252296
2026-04-06T00:01:51.319,-120845.69297604005,-307220.7403465093,-168224.32103335095,-0.05936658599513,-0.57150643547713,-0.31060157138009,370523.5309626752,0.6531595007869618
2026-04-06T00:05:51.319,-120859.93527766368,-307357.8311736214,-168298.827831723,-0.05931946152957,-0.57091718220108,-0.31028845711255,370675.6746653405,0.6524907310191204
2026-04-06T00:09:51.319,-120874.1664141722,-307494.7806219107,-168373.259512924,-0.05927354454133,-0.57032827823546,-0.30997559483292,370827.66716501134,0.6518224968728372
2026-04-06T00:13:51.319,-120888.38667620753,-307631.5887749339,-168447.6161373432,-0.05922884210618,-0.56973972126241,-0.30966298380828,370979.5086358814,0.6511547966977242
2026-04-06T00:17:51.319,-120902.59635612016,-307768.2557156893,-168521.8977651935,-0.0591853613864,-0.56915150894648,-0.30935062330269,371131.1992521124,0.6504876288418225
2026-04-06T00:21:51.319,-120916.79574799,-307904.7815266125,-168596.1044565109,-0.05914310963197,-0.56856363893422,-0.30903851257706,371282.73918783624,0.6498209916514724
2026-04-06T00:25:51.319,-120930.98514764762,-308041.1662895723,-168670.23627115352,-0.05910209418173,-0.56797610885383,-0.30872665088904,371434.12861715775,0.6491548834712461
2026-04-06T00:29:51.319,-120945.16485269566,-308177.41008586576,-168744.293268801,-0.05906232246458,-0.56738891631474,-0.3084150374929,371585.3677141562,0.6484893026438231
2026-04-06T00:33:51.319,-120959.33516253064,-308313.512996214,-168818.27550895355,-0.05902380200069,-0.56680205890725,-0.30810367163944,371736.4566528887,0.6478242475099386
2026-04-06T00:37:51.319,-120973.49637836502,-308449.4751007575,-168892.18305093114,-0.05898654040275,-0.56621553420209,-0.30779255257584,371887.39560739126,0.6471597164082408
2026-04-06T00:41:51.319,-120987.6488032495,-308585.2964790513,-168966.01595387264,-0.05895054537724,-0.56562933975001,-0.30748167954558,372038.1847516821,0.6464957076752149
2026-04-06T00:45:51.319,-121001.79274209574,-308720.9772100602,-169039.77427673488,-0.05891582472568,-0.56504347308137,-0.30717105178829,372188.82425976347,0.6458322196450781
2026-04-06T00:49:51.319,-121015.92850169931,-308856.5173721539,-169113.45807829173,-0.05888238634597,-0.56445793170571,-0.30686066853965,372339.3143056238,0.6451692506496919
2026-04-06T00:53:51.319,-121030.05639076294,-308991.91704310157,-169187.06741713313,-0.05885023823367,-0.56387271311128,-0.30655052903126,372489.6550632403,0.6445067990184284
2026-04-06T00:57:51.319,-121044.17671992017,-309127.1763000672,-169260.60235166413,-0.05881938848341,-0.56328781476465,-0.30624063249048,372639.8467065811,0.6438448630781068
2026-04-06T01:01:51.319,-121058.28980175927,-309262.29521960404,-169334.06294010382,-0.0587898452902,-0.56270323411017,-0.30593097814033,372789.88940960733,0.643183441152825
2026-04-06T01:05:51.319,-121072.3959508475,-309397.2738776493,-169407.44924048425,-0.05876161695085,-0.56211896856958,-0.30562156519936,372939.78334627586,0.6425225315639238
2026-04-06T01:09:51.319,-121086.4954837557,-309532.1123495185,-169480.76131064937,-0.05873471186541,-0.5615350155415,-0.3053123928815,373089.52869054076,0.641862132629845
2026-04-06T01:13:51.319,-121100.58871908329,-309666.8107099003,-169553.99920825395,-0.05870913853858,-0.56095137240092,-0.3050034603959,373239.1256163565,0.6412022426659868
2026-04-06T01:17:51.319,-121114.67597748348,-309801.36903285014,-169627.16299076233,-0.05868490558117,-0.56036803649875,-0.30469476694684,373388.5742976794,0.6405428599846573
2026-04-06T01:21:51.319,-121128.75758168899,-309935.78739178495,-169700.2527154473,-0.05866202171165,-0.55978500516128,-0.30438631173352,373537.87490847026,0.6398839828949058
2026-04-06T01:25:51.319,-121142.83385653801,-310070.0658594769,-169773.26843938883,-0.05864049575761,-0.55920227568969,-0.30407809394997,373687.0276226965,0.6392256097024533
2026-04-06T01:29:51.319,-121156.90512900065,-310204.2045080474,-169846.2102194728,-0.05862033665734,-0.55861984535947,-0.30377011278483,373836.03261433414,0.6385677387095017
2026-04-06T01:33:51.319,-121170.97172820558,-310338.2034089608,-169919.0781123897,-0.0586015534614,-0.55803771141995,-0.30346236742128,373984.89005737053,0.6379103682147145
2026-04-06T01:37:51.319,-121185.03398546731,-310472.06263301807,-169991.87217463335,-0.05858415533418,-0.55745587109369,-0.30315485703678,374133.6001258059,0.6372534965129926
2026-04-06T01:41:51.319,-121199.09223431358,-310605.78225035046,-170064.59246249942,-0.05856815155562,-0.55687432157596,-0.302847580803,374282.1629936561,0.6365971218954397
2026-04-06T01:45:51.319,-121213.14681051334,-310739.36233041267,-170137.2390320841,-0.05855355152275,-0.55629306003414,-0.30254053788558,374430.5788349545,0.6359412426491702
2026-04-06T01:49:51.319,-121227.1980521051,-310872.8029419761,-170209.81193928258,-0.0585403647515,-0.55571208360714,-0.30223372744401,374578.8478237539,0.6352858570572208
2026-04-06T01:53:51.319,-121241.24629942558,-311006.10415312217,-170282.31123978755,-0.05852860087831,-0.55513138940481,-0.30192714863141,374726.97013412917,0.6346309633983996
2026-04-06T01:57:51.319,-121255.2918951389,-311139.26603123493,-170354.73698908772,-0.05851826966194,-0.55455097450732,-0.30162080059439,374874.94594017905,0.6339765599471693
2026-04-06T02:01:51.319,-121269.33518426615,-311272.2886429941,-170427.0892424661,-0.05850938098525,-0.55397083596453,-0.30131468247285,375022.77541602834,0.6333226449735014
2026-04-06T02:05:51.319,-121283.37651421536,-311405.17205436784,-170499.36805499857,-0.05850194485697,-0.55339097079538,-0.30100879339979,375170.45873583015,0.6326692167427609
2026-04-06T02:09:51.319,-121297.41623481194,-311537.9163306049,-170571.57348155198,-0.05849597141359,-0.5528113759872,-0.30070313250112,375317.99607376766,0.6320162735155377
2026-04-06T02:13:51.319,-121311.4546983296,-311670.5215362271,-170643.70557678258,-0.0584914709212,-0.55223204849507,-0.30039769889546,375465.3876040564,0.6313638135475254
2026-04-06T02:17:51.319,-121325.49225952165,-311802.9877350216,-170715.76439513417,-0.05848845377741,-0.55165298524112,-0.30009249169394,375612.6335009464,0.6307118350893608
2026-04-06T02:21:51.319,-121339.52927565278,-311935.31499003305,-170787.7499908363,-0.05848693051334,-0.55107418311388,-0.29978751000002,375759.73393872386,0.6300603363865357
2026-04-06T02:25:51.319,-121353.56610653138,-312067.5033635549,-170859.66241790247,-0.05848691179551,-0.55049563896751,-0.29948275290923,375906.6890917136,0.6294093156791642
2026-04-06T02:29:51.319,-121367.60311454226,-312199.55291712156,-170931.50173012802,-0.05848840842795,-0.54991734962112,-0.29917821950899,376053.4991342806,0.6287587712018985
2026-04-06T02:33:51.319,-121381.64066467992,-312331.46371149976,-171003.26798108837,-0.05849143135419,-0.54933931185798,-0.29887390887838,376200.16424083244,0.6281087011837228
2026-04-06T02:37:51.319,-121395.67912458221,-312463.2358066799,-171074.96122413687,-0.05849599165939,-0.54876152242484,-0.29856982008793,376346.6845858208,0.6274591038478783
2026-04-06T02:41:51.319,-121409.71886456467,-312594.86926186696,-171146.58151240274,-0.05850210057243,-0.54818397803108,-0.29826595219934,376493.0603437437,0.6268099774116118
2026-04-06T02:45:51.319,-121423.7602576552,-312726.36413547175,-171218.12889878894,-0.05850976946814,-0.54760667534794,-0.29796230426531,376639.2916891472,0.626161320086072
2026-04-06T02:49:51.319,-121437.80367962942,-312857.7204851015,-171289.60343596997,-0.05851900986943,-0.54702961100775,-0.29765887532925,376785.37879662734,0.6255131300761502
2026-04-06T02:53:51.319,-121451.84950904643,-312988.93836755044,-171361.00517638956,-0.0585298334496,-0.54645278160304,-0.29735566442503,376931.3218408321,0.6248654055802647
2026-04-06T02:57:51.319,-121465.8981272852,-313120.0178387901,-171432.33417225847,-0.05854225203463,-0.54587618368574,-0.29705267057678,377077.12099646294,0.6242181447902575
2026-04-06T03:01:51.319,-121479.9499185815,-313250.9589539595,-171503.59047555205,-0.05855627760548,-0.54529981376629,-0.29674989279854,377222.7764382768,0.6235713458911544
2026-04-06T03:05:51.319,-121494.00527006533,-313381.76176735526,-171574.77413800772,-0.05857192230047,-0.54472366831278,-0.29644733009409,377368.2883410879,0.6229250070610571
2026-04-06T03:09:51.319,-121508.06457179907,-313512.426332421,-171645.8852111226,-0.05858919841775,-0.54414774375003,-0.29614498145661,377513.6568797692,0.622279126470926
2026-04-06T03:13:51.319,-121522.12821681603,-313642.9527017371,-171716.92374615086,-0.05860811841773,-0.54357203645864,-0.29584284586842,377658.8822292543,0.6216337022843803
2026-04-06T03:17:51.319,-121536.19660115975,-313773.3409270098,-171787.8897941011,-0.05862869492558,-0.54299654277409,-0.29554092230069,377803.96456453914,0.6209887326575527
2026-04-06T03:21:51.319,-121550.27012392388,-313903.5910590605,-171858.78340573361,-0.05865094073384,-0.54242125898576,-0.29523920971316,377948.90406068333,0.6203442157389014
2026-04-06T03:25:51.319,-121564.34918729257,-314033.7031478142,-171929.60463155768,-0.05867486880499,-0.54184618133591,-0.29493770705383,378093.70089281205,0.6197001496689843
2026-04-06T03:29:51.319,-121578.43419658164,-314163.6772422885,-172000.35352182863,-0.05870049227414,-0.54127130601871,-0.29463641325864,378238.35523611744,0.6190565325802987
2026-04-06T03:33:51.319,-121592.52556028035,-314293.51339058153,-172071.03012654488,-0.05872782445172,-0.54069662917917,-0.29433532725117,378382.8672658599,0.6184133625970596
2026-04-06T03:37:51.319,-121606.62369009374,-314423.2116398604,-172141.6344954451,-0.05875687882624,-0.54012214691209,-0.29403444794232,378527.23715737014,0.6177706378350073
2026-04-06T03:41:51.319,-121620.72900098577,-314552.77203634876,-172212.16667800493,-0.05878766906715,-0.53954785526099,-0.29373377422994,378671.4650860497,0.6171283564012014
2026-04-06T03:45:51.319,-121634.84191122305,-314682.1946253144,-172282.62672343396,-0.05882020902764,-0.53897375021697,-0.29343330499855,378815.55122737313,0.6164865163938074
2026-04-06T03:49:51.319,-121648.96284241929,-314811.4794510566,-172353.0146806724,-0.05885451274764,-0.5383998277176,-0.29313303911893,378959.4957568888,0.615845115901883
2026-04-06T03:53:51.319,-121663.09221958053,-314940.6265568932,-172423.33059838778,-0.05889059445675,-0.53782608364576,-0.2928329754478,379103.29885022045,0.6152041530051771
2026-04-06T03:57:51.319,-121677.23047115094,-315069.63598514715,-172493.57452497145,-0.05892846857731,-0.53725251382842,-0.29253311282746,379246.9606830681,0.6145636257738877
2026-04-06T04:01:51.319,-121691.37802905947,-315198.50777713297,-172563.74650853526,-0.05896814972747,-0.53667911403545,-0.29223345008538,379390.48143120937,0.6139235322684423
2026-04-06T04:05:51.319,-121705.53532876732,-315327.2419731432,-172633.84659690774,-0.0590096527244,-0.53610587997835,-0.29193398603382,379533.86127050075,0.6132838705392551
2026-04-06T04:09:51.319,-121719.70280931593,-315455.83861243376,-172703.87483763052,-0.05905299258747,-0.535532807309,-0.29163471946946,379677.1003768781,0.6126446386265246
2026-04-06T04:13:51.319,-121733.88091337602,-315584.29773320997,-172773.83127795454,-0.05909818454155,-0.53495989161832,-0.29133564917299,379820.19892635837,0.612005834559965
2026-04-06T04:17:51.319,-121748.07008729728,-315712.61937261134,-172843.71596483616,-0.05914524402037,-0.53438712843496,-0.29103677390866,379963.1570950396,0.6113674563585733
2026-04-06T04:21:51.319,-121762.27078115888,-315840.8035666967,-172913.52894493312,-0.05919418666992,-0.53381451322391,-0.29073809242389,380105.97505910264,0.6107295020303799
2026-04-06T04:25:51.319,-121776.48344882086,-315968.8503504288,-172983.27026460046,-0.05924502835196,-0.5332420413851,-0.29043960344881,380248.6529948113,0.610091969572191
2026-04-06T04:29:51.319,-121790.7085479763,-316096.75975765823,-173052.93996988636,-0.05929778514755,-0.53266970825197,-0.29014130569582,380391.19107851316,0.6094548569693404
2026-04-06T04:33:51.319,-121804.94654020447,-316224.5318211076,-173122.5381065278,-0.05935247336069,-0.53209750908999,-0.28984319785913,380533.58948664035,0.6088181621954212
2026-04-06T04:37:51.319,-121819.19789102468,-316352.16657235497,-173192.06471994612,-0.05940910952203,-0.53152543909513,-0.28954527861429,380675.8483957101,0.6081818832120026
2026-04-06T04:41:51.319,-121833.46306995118,-316479.66404181684,-173261.51985524254,-0.05946771039263,-0.53095349339236,-0.28924754661767,380817.9679823249,0.6075460179683788
2026-04-06T04:45:51.319,-121847.74255055349,-316607.0242587325,-173330.90355716925,-0.05952829298585,-0.53038166705624,-0.28895000030904,380959.9484231647,0.6069105643286823
2026-04-06T04:49:51.319,-121862.03681050369,-316734.24725114746,-173400.21587014993,-0.05959087451718,-0.52980995504276,-0.28865263850195,381101.7898949966,0.6062755202894728
2026-04-06T04:53:51.319,-121876.3463316391,-316861.33304588887,-173469.4568382969,-0.05965547246231,-0.52923835225412,-0.28835545979231,381243.49257468135,0.6056408837614845
2026-04-06T04:57:51.319,-121890.67160002072,-316988.2816685512,-173538.62650538294,-0.05972210454322,-0.52866685351495,-0.28805846275477,381385.05663916573,0.6050066526420269
2026-04-06T05:01:51.319,-121905.01310599277,-317115.0931434774,-173607.72491483614,-0.05979078873237,-0.52809545357049,-0.28776164594221,381526.4822654831,0.6043728248146423
2026-04-06T05:05:51.319,-121919.37134424335,-317241.76749373955,-173676.75210973457,-0.0598615432569,-0.52752414708486,-0.28746500788517,381667.7696307531,0.6037393981488433
2026-04-06T05:09:51.319,-121933.74681386606,-317368.30474111915,-173745.708132801,-0.05993438660304,-0.52695292863918,-0.28716854709124,381808.91891218093,0.6031063704997528
2026-04-06T05:13:51.319,-121948.14001842274,-317494.7049060871,-173814.59302639708,-0.06000933752051,-0.52638179272972,-0.28687226204449,381949.93028705765,0.6024737397078207
2026-04-06T05:17:51.319,-121962.55146600725,-317620.9680077829,-173883.40683251785,-0.06008641502706,-0.52581073376597,-0.28657615120484,382090.80393275945,0.60184150359849
2026-04-06T05:21:51.319,-121976.98166931032,-317747.0940639939,-173952.14959278572,-0.06016563841308,-0.52523974606862,-0.28628021300744,382231.5400267471,0.6012096599818295
2026-04-06T05:25:51.319,-121991.43114568554,-317873.0830911334,-174020.82134844453,-0.06024702724633,-0.52466882386757,-0.28598444586199,382372.13874656503,0.6005782066522134
2026-04-06T05:29:51.319,-122005.90041721656,-317998.9351042188,-174089.4221403533,-0.06033060137676,-0.52409796129983,-0.28568884815212,382512.60026984086,0.5999471413879764
2026-04-06T05:33:51.319,-122020.39001078536,-318124.6501168491,-174157.95200897992,-0.06041638094143,-0.52352715240741,-0.28539341823466,382652.9247742842,0.5993164619510589
2026-04-06T05:37:51.319,-122034.90045814172,-318250.22814118175,-174226.41099439462,-0.06050438636949,-0.52295639113509,-0.28509815443896,382793.1124376854,0.5986861660866124
2026-04-06T05:41:51.319,-122049.43229597408,-318375.669187909,-174294.7991362634,-0.06059463838737,-0.5223856713282,-0.28480305506616,382933.16343791486,0.5980562515226544
2026-04-06T05:45:51.319,-122063.98606598137,-318500.9732662338,-174363.116473841,-0.06068715802399,-0.52181498673032,-0.28450811838846,383073.0779529208,0.5974267159696951
2026-04-06T05:49:51.319,-122078.5623149462,-318626.14038384525,-174431.36304596384,-0.06078196661607,-0.52124433098089,-0.28421334264833,383212.85616072814,0.59679755712031
2026-04-06T05:53:51.319,-122093.1615948097,-318751.17054689303,-174499.53889104308,-0.06087908581367,-0.5206736976128,-0.28391872605774,383352.4982394369,0.5961687726487724
2026-04-06T05:57:51.319,-122107.7844627469,-318876.06375996175,-174567.64404705697,-0.0609785375857,-0.5201030800499,-0.28362426679736,383492.0043672199,0.5955403602106438
2026-04-06T06:01:51.319,-122122.43148124445,-319000.82002604427,-174635.67855154313,-0.06108034422566,-0.51953247160444,-0.28332996301571,383631.37472232094,0.5949123174423496
2026-04-06T06:05:51.319,-122137.10321817875,-319125.439346515,-174703.64244159102,-0.06118452835742,-0.51896186547446,-0.28303581282833,383770.60948305245,0.5942846419607737
2026-04-06T06:09:51.319,-122151.80024689632,-319249.9217211016,-174771.53575383377,-0.06129111294123,-0.51839125474108,-0.28274181431687,383909.70882779296,0.5936573313628001
2026-04-06T06:13:51.319,-122166.52314629508,-319374.26714785723,-174839.35852443994,-0.06140012127973,-0.51782063236573,-0.28244796552823,384048.6729349846,0.5930303832248784
2026-04-06T06:17:51.319,-122181.27250090722,-319498.4756231308,-174907.11078910503,-0.0615115770242,-0.51724999118733,-0.28215426447361,384187.50198313,0.592403795102581
2026-04-06T06:21:51.319,-122196.04890098379,-319622.5471415379,-174974.79258304296,-0.0616255041809,-0.51667932391937,-0.28186070912754,384326.1961507895,0.5917775645301258
2026-04-06T06:25:51.319,-122210.85294258056,-319746.48169592966,-175042.40394097692,-0.06174192711753,-0.51610862314693,-0.28156729742693,384464.7556165775,0.5911516890199261
2026-04-06T06:29:51.319,-122225.68522764556,-319870.2792773623,-175109.94489713036,-0.06186087056991,-0.51553788132356,-0.28127402727004,384603.18055915926,0.5905261660620632
2026-04-06T06:33:51.319,-122240.54636410829,-319993.9398750644,-175177.4154852177,-0.06198235964867,-0.51496709076818,-0.28098089651545,384741.4711572469,0.5899009931238344
2026-04-06T06:37:51.319,-122255.43696597056,-320117.46347640484,-175244.8157384344,-0.06210641984625,-0.51439624366182,-0.28068790298099,384879.6275895954,0.5892761676492396
2026-04-06T06:41:51.319,-122270.35765339859,-320240.8500668591,-175312.14568944726,-0.06223307704393,-0.51382533204425,-0.28039504444263,385017.6500349984,0.58865168705842
2026-04-06T06:45:51.319,-122285.30905281787,-320364.09962997475,-175379.4053703842,-0.0623623575191,-0.51325434781063,-0.28010231863336,385155.5386722838,0.588027548747199
2026-04-06T06:49:51.319,-122300.29179700845,-320487.2121473366,-175446.59481282375,-0.06249428795262,-0.51268328270792,-0.27980972324204,385293.29368030856,0.5874037500864809
2026-04-06T06:53:51.319,-122315.30652520315,-320610.1875985306,-175513.7140477843,-0.06262889543641,-0.51211212833132,-0.27951725591215,385430.9152379539,0.5867802884217206
2026-04-06T06:57:51.319,-122330.35388318685,-320733.02596110693,-175580.76310571324,-0.06276620748115,-0.51154087612052,-0.27922491424063,385568.40352411976,0.5861571610723553
2026-04-06T07:01:51.319,-122345.43452339803,-320855.7272105422,-175647.74201647541,-0.06290625202424,-0.5109695173559,-0.27893269577653,385705.75871771894,0.5855343653312083
2026-04-06T07:05:51.319,-122360.54910503211,-320978.29132020083,-175714.65080934158,-0.06304905743785,-0.51039804315463,-0.27864059801978,385842.98099767155,0.584911898463946
2026-04-06T07:09:51.319,-122375.69829414702,-321100.7182612954,-175781.48951297646,-0.06319465253719,-0.50982644446657,-0.27834861841978,385980.0705428981,0.5842897577083831
2026-04-06T07:13:51.319,-122390.88276377013,-321223.0080028461,-175848.25815542645,-0.06334306658898,-0.50925471207019,-0.27805675437404,386117.027532313,0.5836679402739312
2026-04-06T07:17:51.319,-122406.10319400803,-321345.16051163874,-175914.95676410693,-0.06349432932013,-0.50868283656828,-0.27776500322676,386253.85214481765,0.5830464433409456
2026-04-06T07:21:51.319,-122421.36027215776,-321467.17575218226,-175981.58536578936,-0.06364847092654,-0.50811080838353,-0.27747336226735,386390.5445592924,0.5824252640600328
2026-04-06T07:25:51.319,-122436.65469282064,-321589.05368666525,-176048.14398658797,-0.06380552208221,-0.5075386177541,-0.27718182872889,386527.10495458957,0.5818043995514451
2026-04-06T07:29:51.319,-122451.98715801796,-321710.79427491064,-176114.63265194598,-0.06396551394847,-0.50696625472889,-0.27689039978663,386663.5335095245,0.5811838469043419
2026-04-06T07:33:51.319,-122467.35837730928,-321832.39747433,-176181.05138662155,-0.06412847818351,-0.50639370916283,-0.2765990725563,386799.83040286717,0.5805636031761094
2026-04-06T07:37:51.319,-122482.7690679126,-321953.8632398761,-176247.4002146734,-0.06429444695203,-0.50582097071196,-0.27630784409253,386935.9958133331,0.5799436653916643
2026-04-06T07:41:51.319,-122498.21995482728,-322075.19152399525,-176313.67915944572,-0.06446345293522,-0.50524802882834,-0.27601671138708,387072.0299195738,0.5793240305426601
2026-04-06T07:45:51.319,-122513.71177095911,-322196.3822765767,-176379.88824355308,-0.06463552934092,-0.50467487275491,-0.27572567136713,387207.93290016655,0.5787046955868079
2026-04-06T07:49:51.319,-122529.24525724811,-322317.4354449028,-176446.02748886473,-0.06481070991399,-0.50410149152008,-0.27543472089342,387343.70493360434,0.5780856574470264
2026-04-06T07:53:51.319,-122544.82116279841,-322438.3509735962,-176512.0969164881,-0.06498902894702,-0.50352787393227,-0.27514385675841,387479.3461982844,0.577466913010712
2026-04-06T07:57:51.319,-122560.44024501133,-322559.12880456686,-176578.09654675273,-0.06517052129119,-0.50295400857421,-0.27485307568434,387614.8568724972,0.5768484591288889
2026-04-06T08:01:51.319,-122576.10326972052,-322679.7688769566,-176644.02639919257,-0.06535522236747,-0.50237988379712,-0.27456237432124,387750.23713441356,0.5762302926153968
2026-04-06T08:05:51.319,-122591.8110113302,-322800.2711270833,-176709.88649252895,-0.06554316817804,-0.50180548771471,-0.27427174924486,387885.4871620729,0.5756124102460336
2026-04-06T08:09:51.319,-122607.56425295601,-322920.635488383,-176775.67684465213,-0.065734395318,-0.50123080819695,-0.27398119695459,388020.6071333696,0.5749948087576622
2026-04-06T08:13:51.319,-122623.36378656887,-323040.8618913508,-176841.3974726028,-0.06592894098737,-0.50065583286376,-0.27369071387127,388155.5972260391,0.5743774848473664
2026-04-06T08:17:51.319,-122639.21041314135,-323160.9502634797,-176907.04839255317,-0.06612684300337,-0.50008054907839,-0.27340029633491,388290.45761764364,0.5737604351714685
2026-04-06T08:21:51.319,-122655.1049427976,-323280.9005291985,-176972.629619787,-0.06632813981301,-0.49950494394068,-0.2731099406024,388425.1884855571,0.5731436563446223
2026-04-06T08:25:51.319,-122671.04819496586,-323400.7126098077,-177038.1411686795,-0.06653287050595,-0.49892900428011,-0.27281964284507,388559.7900069491,0.5725271449388362
2026-04-06T08:29:51.319,-122687.04099853433,-323520.38642341364,-177103.58305267643,-0.06674107482775,-0.49835271664858,-0.27252939914628,388694.26235876855,0.5719108974824798
2026-04-06T08:33:51.319,-122703.08419201022,-323639.9218848611,-177168.95528427293,-0.06695279319336,-0.49777606731309,-0.2722392054988,388828.6057177265,0.5712949104592974
2026-04-06T08:37:51.319,-122719.17862368202,-323759.31890566397,-177234.25787499108,-0.067168066701,-0.497199042248,-0.27194905780223,388962.8202602781,0.5706791803072889
2026-04-06T08:41:51.319,-122735.32515178522,-323878.5773939341,-177299.49083535752,-0.06738693714638,-0.49662162712731,-0.27165895186025,389096.90616260364,0.5700637034177468
2026-04-06T08:45:51.319,-122751.52464467137,-323997.69725430827,-177364.65417487992,-0.06760944703722,-0.49604380731644,-0.2713688833778,389230.8636005892,0.5694484761340416
2026-04-06T08:49:51.319,-122767.77798098087,-324116.6783878731,-177429.74790202305,-0.06783563960821,-0.49546556786395,-0.27107884795821,389364.692749806,0.5688334947505744
2026-04-06T08:53:51.319,-122784.08604981925,-324235.52069208794,-177494.77202418397,-0.0680655588363,-0.49488689349292,-0.27078884110018,389498.393785489,0.5682187555115978
2026-04-06T08:57:51.319,-122800.44975093701,-324354.2240607058,-177559.72654766653,-0.06829924945635,-0.49430776859203,-0.2704988581947,389631.9668825147,0.5676042546099959
2026-04-06T09:01:51.319,-122816.86999491365,-324472.7883836918,-177624.61147765524,-0.06853675697727,-0.49372817720648,-0.27020889452186,389765.41221537796,0.566989988186141
2026-04-06T09:05:51.319,-122833.34770334538,-324591.21354714,-177689.42681818813,-0.06877812769843,-0.49314810302843,-0.2699189452475,389898.72995816777,0.566375952326512
2026-04-06T09:09:51.319,-122849.88380903668,-324709.49943318695,-177754.172572129,-0.06902340872661,-0.49256752938738,-0.26962900541988,390031.9202845414,0.565762143062561
2026-04-06T09:13:51.319,-122866.47925619647,-324827.64591992396,-177818.8487411388,-0.06927264799332,-0.49198643924001,-0.26933906996608,390164.983367699,0.5651485563692642
2026-04-06T09:17:51.319,-122883.13500063767,-324945.65288130613,-177883.45532564606,-0.06952589427259,-0.49140481515986,-0.26904913368839,390297.91938035534,0.5645351881638316
2026-04-06T09:21:51.319,-122899.85200998219,-325063.52018705907,-177947.99232481647,-0.06978319719918,-0.49082263932659,-0.26875919126053,390430.7284947114,0.5639220343042766
2026-04-06T09:25:51.319,-122916.63126386928,-325181.2477025833,-178012.45973652168,-0.07004460728732,-0.49023989351494,-0.26846923722379,390563.4108824246,0.5633090905880166
2026-04-06T09:29:51.319,-122933.47375416906,-325298.83528885536,-178076.85755730685,-0.07031017594984,-0.48965655908334,-0.26817926598294,390695.9667145774,0.562696352750382
2026-04-06T09:33:51.319,-122950.38048520064,-325416.28280232684,-178141.18578235758,-0.07057995551796,-0.48907261696206,-0.26788927180213,390828.39616164536,0.5620838164630881
2026-04-06T09:37:51.319,-122967.35247395466,-325533.59009481996,-178205.44440546547,-0.07085399926139,-0.4884880476411,-0.26759924880054,390960.6993934627,0.5614714773326958
2026-04-06T09:41:51.319,-122984.39075032133,-325650.75701342034,-178269.63341899303,-0.07113236140912,-0.4879028311576,-0.26730919094796,391092.8765791875,0.5608593308990162
2026-04-06T09:45:51.319,-123001.49635732298,-325767.78340036713,-178333.75281383703,-0.07141509717069,-0.48731694708285,-0.26701909206014,391224.9278872651,0.5602473726334376
2026-04-06T09:49:51.319,-123018.6703513521,-325884.66909293906,-178397.802579391,-0.07170226275802,-0.48673037450892,-0.26672894579406,391356.8534853892,0.5596355979372866
2026-04-06T09:53:51.319,-123035.91380241455,-326001.4139233383,-178461.78270350673,-0.07199391540783,-0.48614309203474,-0.26643874564298,391488.6535404629,0.5590240021400262
2026-04-06T09:57:51.319,-123053.2277943783,-326118.01771856996,-178525.69317245416,-0.07229011340468,-0.48555507775182,-0.26614848493134,391620.3282185565,0.5584125804975074
2026-04-06T10:01:51.319,-123070.61342522764,-326234.480300319,-178589.53397088032,-0.07259091610455,-0.48496630922946,-0.26585815680947,391751.8776848648,0.5578013281901278
2026-04-06T10:05:51.319,-123088.0718073234,-326350.8014848225,-178653.3050817669,-0.07289638395917,-0.48437676349942,-0.26556775424812,391883.30210366164,0.557190240320921
2026-04-06T10:09:51.319,-123105.6040676687,-326466.9810827394,-178717.0064863865,-0.07320657854086,-0.48378641704013,-0.26527727003278,392014.6016382533,0.5565793119136123
2026-04-06T10:13:51.319,-123123.2113481811,-326583.01889901527,-178780.63816425734,-0.0735215625682,-0.48319524576031,-0.26498669675785,392145.7764509297,0.5559685379106203
2026-04-06T10:17:51.319,-123140.89480597072,-326698.91473274364,-178844.20009309673,-0.07384139993225,-0.48260322498212,-0.26469602682051,392276.826702913,0.5553579131710121
2026-04-06T10:21:51.319,-123158.65561362504,-326814.6683770235,-178907.69224877312,-0.07416615572358,-0.48201032942357,-0.26440525241449,392407.7525543055,0.5547474324683287
2026-04-06T10:25:51.319,-123176.49495949989,-326930.2796188115,-178971.11460525636,-0.07449589626001,-0.48141653318053,-0.26411436552348,392538.5541640334,0.5541370904884575
2026-04-06T10:29:51.319,-123194.41404801753,-327045.74823877105,-179034.46713456645,-0.07483068911508,-0.48082180970795,-0.26382335791444,392669.2316897902,0.5535268818273568
2026-04-06T10:33:51.319,-123212.41409997141,-327161.0740111159,-179097.74980672082,-0.07517060314739,-0.48022613180048,-0.26353222113053,392799.7852879765,0.5529168009887065
2026-04-06T10:37:51.319,-123230.49635283835,-327276.25670344906,-179160.96258967964,-0.07551570853063,-0.47962947157247,-0.26324094648393,392930.21511363745,0.5523068423815924
2026-04-06T10:41:51.319,-123248.66206109771,-327391.29607659753,-179224.10544928955,-0.07586607678455,-0.47903180043719,-0.26294952504822,393060.521320398,0.5516970003179821
2026-04-06T10:45:51.319,-123266.91249655826,-327506.1918844411,-179287.1783492254,-0.07622178080672,-0.47843308908534,-0.26265794765066,393190.7040603955,0.5510872690102225
2026-04-06T10:49:51.319,-123285.24894869285,-327620.9438737365,-179350.18125093033,-0.07658289490525,-0.47783330746281,-0.26236620486407,393320.76348420855,0.5504776425684261
2026-04-06T10:53:51.319,-123303.67272498077,-327735.5517839356,-179413.11411355349,-0.07694949483234,-0.47723242474767,-0.26207428699842,393450.69974078436,0.5498681149977902
2026-04-06T10:57:51.319,-123322.18515125872,-327850.0153469986,-179475.976893886,-0.07732165781886,-0.47663040932626,-0.26178218409216,393580.5129773618,0.549258680195804
2026-04-06T11:01:51.319,-123340.78757207969,-327964.33428720105,-179538.7695462948,-0.07769946260985,-0.47602722876852,-0.26148988590316,393710.20333939197,0.5486493319494192
2026-04-06T11:05:51.319,-123359.48135108087,-328078.50832093466,-179601.49202265404,-0.07808298950106,-0.47542284980235,-0.26119738189936,393839.77097045537,0.5480400639320911
2026-04-06T11:09:51.319,-123378.26787136027,-328192.5371565022,-179664.14427227448,-0.07847232037653,-0.47481723828707,-0.26090466124903,393969.2160121751,0.5474308697007395
2026-04-06T11:13:51.319,-123397.14853586245,-328306.4204939056,-179726.72624183027,-0.07886753874719,-0.47421035918592,-0.26061171281067,394098.5386041271,0.5468217426926164
2026-04-06T11:17:51.319,-123416.12476777387,-328420.1580246278,-179789.2378752834,-0.07926872979068,-0.47360217653754,-0.26031852512254,394227.73888374656,0.5462126762220898
2026-04-06T11:21:51.319,-123435.19801092768,-328533.74943140685,-179851.67911380553,-0.07967598039221,-0.47299265342641,-0.26002508639178,394356.8169862296,0.5456036634773163
2026-04-06T11:25:51.319,-123454.36973021852,-328647.19438800367,-179914.0498956971,-0.08008937918667,-0.47238175195217,-0.2597313844831,394485.77304443205,0.5449946975167884
2026-04-06T11:29:51.319,-123473.64141202773,-328760.49255896185,-179976.35015630393,-0.08050901660192,-0.47176943319783,-0.25943740690701,394614.607188763,0.5443857712657849
2026-04-06T11:33:51.319,-123493.01456465904,-328873.6435993594,-180038.57982793055,-0.08093498490337,-0.47115565719679,-0.25914314080769,394743.3195470744,0.5437768775127553
2026-04-06T11:37:51.319,-123512.4907187848,-328986.64715455304,-180100.73883975093,-0.08136737823985,-0.47054038289858,-0.25884857295022,394871.91024454555,0.5431680089054717
2026-04-06T11:41:51.319,-123532.07142790381,-329099.502859914,-180162.82711771585,-0.08180629269087,-0.46992356813337,-0.2585536897075,395000.3794035636,0.5425591579472091
2026-04-06T11:45:51.319,-123551.7582688106,-329212.2103405544,-180224.8445844571,-0.08225182631517,-0.46930516957508,-0.25825847704648,395128.72714359785,0.5419503169926582
2026-04-06T11:49:51.319,-123571.55284207621,-329324.76921104576,-180286.79115918852,-0.08270407920087,-0.46868514270311,-0.25796292051397,395256.95358106913,0.5413414782438116
2026-04-06T11:53:51.319,-123591.45677254151,-329437.17907512735,-180348.66675760315,-0.08316315351692,-0.46806344176261,-0.25766700522181,395385.0588292146,0.5407326337456574
2026-04-06T11:57:51.319,-123611.47170982289,-329549.43952540495,-180410.47129176726,-0.08362915356624,-0.46744001972317,-0.25737071583145,395513.0429979452,0.5401237753817141
2026-04-06T12:01:51.319,-123631.59932883107,-329661.5501430398,-180472.2046700102,-0.08410218584037,-0.46681482823599,-0.257074036538,395640.90619369806,0.539514894869517
2026-04-06T12:05:51.319,-123651.84133030285,-329773.5104974268,-180533.86679681047,-0.08458235907579,-0.46618781758933,-0.25677695105347,395768.64851928246,0.5389059837558351
2026-04-06T12:09:51.319,-123672.19944134698,-329885.3201458617,-180595.4575726778,-0.08506978431194,-0.46555893666219,-0.25647944258951,395896.27007371874,0.5382970334117909
2026-04-06T12:13:51.319,-123692.67541600415,-329996.97863319755,-180656.97689403087,-0.08556457495095,-0.46492813287628,-0.25618149383928,396023.770952071,0.5376880350278269
2026-04-06T12:17:51.319,-123713.27103582097,-330108.4854914885,-180718.42465307063,-0.08606684681925,-0.46429535214594,-0.25588308695869,396151.1512452719,0.5370789796084363
2026-04-06T12:21:51.319,-123733.98811043988,-330219.8402396223,-180779.800737649,-0.08657671823102,-0.4636605388262,-0.25558420354684,396278.4110399407,0.5364698579668089
2026-04-06T12:25:51.319,-123754.82847820359,-330331.04238293925,-180841.10503113287,-0.08709431005361,-0.46302363565871,-0.2552848246256,396405.55041819235,0.535860660719228
2026-04-06T12:29:51.319,-123775.79400677618,-330442.0914128386,-180902.33741226298,-0.0876197457749,-0.46238458371548,-0.25498493061839,396532.5694574393,0.5352513782792726
2026-04-06T12:33:51.319,-123796.88659378016,-330552.98680637055,-180963.49775500767,-0.0881531515728,-0.4617433223404,-0.25468450132806,396659.46823018417,0.5346420008518693
2026-04-06T12:37:51.319,-123818.10816745069,-330663.7280258144,-181024.58592841122,-0.08869465638688,-0.46109978908834,-0.25438351591381,396786.2468038037,0.5340325184270804
2026-04-06T12:41:51.319,-123839.46068730726,-330774.3145182416,-181085.6017964365,-0.08924439199224,-0.46045391966179,-0.25408195286718,396912.90524032264,0.533422920773724
2026-04-06T12:45:51.319,-123860.94614484312,-330884.74571506365,-181146.54521780164,-0.08980249307561,-0.45980564784492,-0.25377978998697,397039.4435961786,0.5328131974327515
2026-04-06T12:49:51.319,-123882.56656423362,-330995.0210315629,-181207.41604581088,-0.09036909731389,-0.45915490543488,-0.25347700435312,397165.86192197603,0.5322033377103835
2026-04-06T12:53:51.319,-123904.32400306352,-331105.1398664073,-181268.21412817854,-0.09094434545514,-0.45850162217026,-0.25317357229945,397292.1602622288,0.5315933306710013
2026-04-06T12:57:51.319,-123926.22055307383,-331215.1016011481,-181328.93930684682,-0.09152838140211,-0.45784572565662,-0.25286946938524,397418.33865509287,0.5309831651298371
2026-04-06T13:01:51.319,-123948.25834092947,-331324.90559969784,-181389.59141779615,-0.09212135229835,-0.45718714128884,-0.25256467036554,397544.39713208575,0.5303728296453283
2026-04-06T13:05:51.319,-123970.43952900764,-331434.55120779056,-181450.17029084868,-0.09272340861715,-0.45652579217018,-0.25225914916019,397670.33571779385,0.529762312511202
2026-04-06T13:09:51.319,-123992.76631620766,-331544.0377524218,-181510.67574946373,-0.09333470425319,-0.45586159902805,-0.25195287882155,397796.15442956705,0.5291516017484099
2026-04-06T13:13:51.319,-124015.24093878368,-331653.3645412676,-181571.10761052585,-0.09395539661717,-0.45519448012598,-0.2516458315007,397921.85327719897,0.5285406850965493
2026-04-06T13:17:51.319,-124037.86567120011,-331762.5308620827,-181631.46568412415,-0.09458564673344,-0.45452435117202,-0.25133797841217,398047.4322625938,0.5279295500051548
2026-04-06T13:21:51.319,-124060.6428270108,-331871.5359820755,-181691.7497733232,-0.09522561934073,-0.45385112522305,-0.25102928979717,398172.8913794171,0.5273181836245795
2026-04-06T13:25:51.319,-124083.57475976303,-331980.37914725987,-181751.95967392475,-0.09587548299618,-0.45317471258505,-0.25071973488505,398298.2306127308,0.526706572796584
2026-04-06T13:29:51.319,-124106.66386392663,-332089.0595817827,-181812.09517422027,-0.09653541018261,-0.45249502070895,-0.25040928185313,398423.4499386127,0.5260947040445457
2026-04-06T13:33:51.319,-124129.91257584958,-332197.57648722583,-181872.1560547333,-0.09720557741935,-0.45181195408199,-0.25009789778462,398548.54932375747,0.5254825635633419
2026-04-06T13:37:51.319,-124153.32337474017,-332305.9290418809,-181932.14208795165,-0.09788616537656,-0.45112541411419,-0.24978554862469,398673.5287250597,0.5248701372087804
2026-04-06T13:41:51.319,-124176.89878367739,-332414.1163999969,-181992.05303804894,-0.09857735899336,-0.45043529901993,-0.24947219913447,398798.38808917766,0.5242574104867458
2026-04-06T13:45:51.319,-124200.64137065008,-332522.1376909987,-182051.88866059447,-0.09927934759967,-0.44974150369417,-0.24915781284296,398923.12735207746,0.5236443685418537
2026-04-06T13:49:51.319,-124224.55374962575,-332629.99201867444,-182111.64870225167,-0.09999232504214,-0.44904391958309,-0.2488423519967,399047.7464385551,0.5230309961456655
2026-04-06T13:53:51.319,-124248.63858164995,-332737.6784603322,-182171.33290046404,-0.10071648981407,-0.44834243454903,-0.24852577750708,399172.2452617374,0.5224172776845322
2026-04-06T13:57:51.319,-124272.89857597767,-332845.19606592297,-182230.9409831281,-0.10145204518967,-0.44763693272918,-0.24820804889524,399296.62372255826,0.52180319714691
2026-04-06T14:01:51.319,-124297.33649123734,-332952.5438571288,-182290.47266825277,-0.10219919936266,-0.44692729438793,-0.24788912423424,399420.88170921186,0.5211887381102
2026-04-06T14:05:51.319,-124321.95513662821,-333059.7208264152,-182349.92766360487,-0.10295816558943,-0.44621339576239,-0.24756896008864,399545.01909657865,0.5205738837270982
2026-04-06T14:09:51.319,-124346.75737315364,-333166.7259360451,-182409.30566633926,-0.1037291623369,-0.44549510890079,-0.24724751145111,399669.0357456251,0.5199586167113769
2026-04-06T14:13:51.319,-124371.74611488933,-333273.5581170536,-182468.60636261388,-0.10451241343521,-0.44477230149348,-0.24692473167596,399792.9315027745,0.5193429193231618
2026-04-06T14:17:51.319,-124396.92433028965,-333380.21626818087,-182527.82942718812,-0.1053081482355,-0.44404483669589,-0.24660057240962,399916.7061992479,0.5187267733535853
2026-04-06T14:21:51.319,-124422.29504353183,-333486.6992547619,-182586.97452300432,-0.10611660177285,-0.44331257294337,-0.24627498351755,400040.3596503732,0.5181101601088883
2026-04-06T14:25:51.319,-124447.86133590055,-333593.0059075703,-182646.0413007512,-0.10693801493454,-0.44257536375713,-0.24594791300771,400163.8916548612,0.5174930603938027
2026-04-06T14:29:51.319,-124473.62634721294,-333699.1350216148,-182705.02939840854,-0.10777263463399,-0.44183305754109,-0.24561930695028,400287.3019940463,0.5168754544944029
2026-04-06T14:33:51.319,-124499.59327728645,-333805.0853548859,-182763.93844077195,-0.10862071399026,-0.44108549736896,-0.24528910939329,400410.59043109074,0.5162573221601124
2026-04-06T14:37:51.319,-124525.76538745018,-333910.85562705,-182822.76803895718,-0.10948251251366,-0.44033252076118,-0.24495726227425,400533.7567101495,0.5156386425851872
2026-04-06T14:41:51.319,-124552.14600210183,-334016.4445180887,-182881.51778988243,-0.11035829629736,-0.43957395945094,-0.24462370532716,400656.8005554947,0.5150193943892033
2026-04-06T14:45:51.319,-124578.73851031114,-334121.85066688067,-182940.18727572795,-0.11124833821531,-0.43880963913904,-0.24428837598502,400779.72167059575,0.5143995555970097
2026-04-06T14:49:51.319,-124605.54636747163,-334227.07266972325,-182998.77606337162,-0.11215291812678,-0.43803937923655,-0.24395120927735,400902.5197371558,0.5137791036176693
2026-04-06T14:53:51.319,-124632.5730970023,-334332.1090787909,-183057.28370379924,-0.11307232308749,-0.43726299259502,-0.24361213772241,401025.19441409834,0.5131580152226375
2026-04-06T14:57:51.319,-124659.82229210097,-334436.958400527,-183115.70973148837,-0.11400684756783,-0.43648028522319,-0.24327109121412,401147.7453365041,0.5125362665230436
2026-04-06T15:01:51.319,-124687.29761755042,-334541.6190939665,-183174.05366376438,-0.11495679367807,-0.43569105598969,-0.24292799690291,401270.1721144942,0.5119138329459498
2026-04-06T15:05:51.319,-124715.00281157997,-334646.08956898475,-183232.31500012704,-0.11592247140106,-0.43489509631085,-0.24258277907063,401392.4743320572,0.511290689209752
2026-04-06T15:09:51.319,-124742.94168778346,-334750.3681844702,-183290.49322154644,-0.11690419883243,-0.43409218982278,-0.2422353589988,401514.6515458158,0.5106668092984566
2026-04-06T15:13:51.319,-124771.11813709592,-334854.45324641606,-183348.5877897264,-0.11790230242864,-0.43328211203685,-0.24188565483002,401636.70328373177,0.5100421664349287
2026-04-06T15:17:51.319,-124799.53612983074,-334958.3430059272,-183406.59814633382,-0.11891711726307,-0.43246462997759,-0.24153358142212,401758.6290437433,0.5094167330530167
2026-04-06T15:21:51.319,-124828.19971777941,-335062.0356571383,-183464.52371219196,-0.11994898729025,-0.43163950180206,-0.24117905019445,401880.42829233257,0.5087904807684438
2026-04-06T15:25:51.319,-124857.1130363752,-335165.52933503746,-183522.3638864361,-0.12099826561871,-0.43080647639959,-0.24082196896614,402002.10046301933,0.5081633803485793
2026-04-06T15:29:51.319,-124886.28030692428,-335268.8221131925,-183580.11804562903,-0.12206531479237,-0.42996529297076,-0.24046224178561,402123.6449547754,0.5075354016808611
2026-04-06T15:33:51.319,-124915.70583890425,-335371.91200137266,-183637.78554283484,-0.12315050708088,-0.42911568058435,-0.24009976875082,402245.06113035657,0.5069065137398069
2026-04-06T15:37:51.319,-124945.39403233456,-335474.7969430612,-183695.36570664827,-0.12425422477913,-0.4282573577111,-0.23973444581991,402366.3483145462,0.5062766845527601
2026-04-06T15:41:51.319,-124975.34938021918,-335577.47481285414,-183752.85784017728,-0.12537686051593,-0.42739003173282,-0.23936616461136,402487.50579230656,0.505645881164046
2026-04-06T15:45:51.319,-125005.5764710647,-335679.94341373665,-183810.26121997662,-0.12651881757227,-0.42651339842539,-0.2389948121933,402608.5328068305,0.5050140695976415
2026-04-06T15:49:51.319,-125036.07999147635,-335782.2004742335,-183867.57509492923,-0.12768051020929,-0.42562714141418,-0.23862027086107,402729.42855749023,0.5043812148182378
2026-04-06T15:53:51.319,-125066.86472883311,-335884.2436454243,-183924.7986850728,-0.12886236400598,-0.42473093160011,-0.23824241790248,402850.1921976748,0.5037472806905531
2026-04-06T15:57:51.319,-125097.93557404581,-335986.0704978179,-183981.93118036859,-0.13006481620701,-0.42382442655473,-0.23786112534995,402970.82283251063,0.503112229936973
2026-04-06T16:01:51.319,-125129.29752439953,-336087.678518077,-184038.97173940888,-0.13128831608057,-0.42290726988234,-0.23747625971868,403091.3195164576,0.5024760240932695
2026-04-06T16:05:51.319,-125160.9556864833,-336189.06510558684,-184095.91948806014,-0.13253332528648,-0.42197909054722,-0.23708768173,403211.6812507751,0.50183862346242
2026-04-06T16:09:51.319,-125192.91527920924,-336290.2275688563,-184152.7735180375,-0.13380031825464,-0.42103950216379,-0.23669524601902,403331.9069808463,0.5011999870664199
2026-04-06T16:13:51.319,-125225.18163692373,-336391.1631217454,-184209.53288540753,-0.13508978257376,-0.42008810224746,-0.23629880082547,403451.99559335597,0.5005600725959406
2026-04-06T16:17:51.319,-125257.76021261347,-336491.8688795073,-184266.1966090143,-0.13640221939042,-0.41912447142377,-0.23589818766679,403571.9459133105,0.49991883635782614
2026-04-06T16:21:51.319,-125290.65658120801,-336592.34185463545,-184322.7636688251,-0.13773814381852,-0.41814817259317,-0.23549324099227,403691.7567008912,0.4992762332202707
2026-04-06T16:25:51.319,-125323.87644298219,-336692.5789525046,-184379.23300419035,-0.13909808535883,-0.41715875004874,-0.23508378781701,403811.4266481298,0.49863221655556156
2026-04-06T16:29:51.319,-125357.42562706026,-336792.5769667943,-184435.60351201356,-0.14048258832858,-0.41615572854391,-0.23466964733444,403930.9543753966,0.4979867381803256
2026-04-06T16:33:51.319,-125391.31009502457,-336892.3325746822,-184491.87404482526,-0.1418922123009,-0.41513861230703,-0.23425063050598,404050.3384276872,0.49733974829315564
2026-04-06T16:37:51.319,-125425.53594463042,-336991.8423317941,-184548.04340875562,-0.14332753255365,-0.41410688399943,-0.23382653962636,404169.57727069774,0.4966911954094542
2026-04-06T16:41:51.319,-125460.10941363001,-337091.1026668968,-184604.11036139983,-0.14478914052739,-0.41306000361344,-0.23339716786309,404288.6692866723,0.496041026293498
2026-04-06T16:45:51.319,-125495.03688370758,-337190.1098763193,-184660.07360956937,-0.14627764429184,-0.41199740730648,-0.23296229876815,404407.6127700108,0.49538918588739145
2026-04-06T16:49:51.319,-125530.32488452672,-337288.8601180852,-184715.93180692295,-0.14779366902023,-0.41091850616725,-0.23252170576042,404526.40592261945,0.494735617237046
2026-04-06T16:53:51.319,-125565.98009789322,-337387.3494057417,-184771.68355146926,-0.14933785747075,-0.40982268490962,-0.23207515157651,404645.04684898944,0.494080261414827
2026-04-06T16:57:51.319,-125602.0093620338,-337485.5736018644,-184827.327382934,-0.15091087047422,-0.40870930048952,-0.23162238768829,404763.53355098347,0.4934230574388919
2026-04-06T17:01:51.319,-125638.41967599235,-337583.528411222,-184882.8617799828,-0.15251338742662,-0.40757768064002,-0.23116315368456,404881.8639223142,0.4927639421889876
2026-04-06T17:05:51.319,-125675.21820414532,-337681.20937357796,-184938.2851572915,-0.15414610678552,-0.40642712231914,-0.23069717661468,405000.03574269154,0.4921028503186453
2026-04-06T17:09:51.319,-125712.41228083623,-337778.6118561092,-184993.5958624538,-0.15580974656838,-0.40525689006494,-0.23022417029148,405118.04667161877,0.4914397141636093
2026-04-06T17:13:51.319,-125750.00941512975,-337875.731045418,-185048.79217271635,-0.15750504485129,-0.40406621425164,-0.22974383455078,405235.8942418132,0.49077446364634264
2026-04-06T17:17:51.319,-125788.01729568565,-337972.56193911296,-185103.87229153106,-0.15923276026572,-0.40285428924052,-0.2292558544645,405353.57585222647,0.49010702617650037
2026-04-06T17:21:51.319,-125826.44379575117,-338069.099336933,-185158.83434491232,-0.16099367249092,-0.40162027141866,-0.22875989950437,405471.0887606379,0.48943732654729266
2026-04-06T17:25:51.319,-125865.29697827091,-338165.33783138596,-185213.67637758728,-0.16278858273906,-0.40036327711818,-0.22825562265263,405588.43007579166,0.4887652868274712
2026-04-06T17:29:51.319,-125904.58510111186,-338261.2717978735,-185268.39634892615,-0.1646183142298,-0.39908238040822,-0.22774265945641,405705.5967490475,0.48809082624899924
2026-04-06T17:33:51.319,-125944.31662240095,-338356.89538426924,-185322.99212863826,-0.16648371265043,-0.39777661075132,-0.22722062702163,405822.5855655106,0.487413861090122
2026-04-06T17:37:51.319,-125984.50020597043,-338452.20249991794,-185377.461492219,-0.16838564659731,-0.39644495051529,-0.22668912294263,405939.3931346067,0.48673430455389494
2026-04-06T17:41:51.319,-126025.14472690686,-338547.18680401845,-185431.80211613188,-0.17032500799352,-0.39508633233119,-0.22614772416277,406056.0158800619,0.4860520666419437
2026-04-06T17:45:51.319,-126066.25927719663,-338641.8416933538,-185486.0115727081,-0.17230271247697,-0.39369963628734,-0.22559598576159,406172.45002924884,0.4853670540234975
2026-04-06T17:49:51.319,-126107.85317146067,-338736.1602893268,-185540.08732474604,-0.17431969975259,-0.39228368694866,-0.22503343966335,406288.69160185294,0.48467916989962134
2026-04-06T17:53:51.319,-126149.93595276849,-338830.13542425854,-185594.0267197905,-0.17637693390101,-0.39083725018994,-0.22445959326152,406404.73639781226,0.48398831386251673
2026-04-06T17:57:51.319,-126192.51739852031,-338923.7596269025,-185647.8269840715,-0.17847540363542,-0.38935902983114,-0.22387392795367,406520.57998448,0.48329438175016864
2026-04-06T18:01:51.319,-126235.6075263836,-339017.0251071273,-185701.4852160799,-0.18061612249688,-0.38784766406172,-0.22327589758048,406636.21768295515,0.4825972654960964
2026-04-06T18:05:51.319,-126279.2166002682,-339109.9237397135,-185754.99837975614,-0.18280012897725,-0.38630172164061,-0.22266492676244,406751.64455352235,0.48189685297449425
2026-04-06T18:09:51.319,-126323.3551363207,-339202.4470472108,-185808.36329726712,-0.18502848655745,-0.38471969785748,-0.22204040912729,406866.8553801379,0.4811930278409128
2026-04-06T18:13:51.319,-126368.03390891699,-339294.58618179546,-185861.57664134353,-0.18730228364684,-0.38310001024017,-0.22140170542087,406981.8446538949,0.4804856693686185
2026-04-06T18:17:51.319,-126413.26395662627,-339386.33190606564,-185914.6349271492,-0.18962263340814,-0.38144099399243,-0.22074814149353,407096.6065553936,0.47977465228106664
2026-04-06T18:21:51.319,-126459.05658811788,-339477.67457270756,-185967.53450365126,-0.19199067344972,-0.37974089714518,-0.22007900615386,407211.1349359404,0.47905984658075235
2026-04-06T18:25:51.319,-126505.4233879763,-339568.6041029621,-186020.2715444587,-0.19440756536519,-0.37799787540387,-0.21939354888103,407325.42329749017,0.4783411173751146
2026-04-06T18:29:51.319,-126552.37622238498,-339659.1099638161,-186072.84203809366,-0.19687449409726,-0.37620998667358,-0.21869097738646,407439.4647712432,0.47761832469999776
2026-04-06T18:33:51.319,-126599.92724463396,-339749.18114383967,-186125.24177765867,-0.19939266710014,-0.37437518524291,-0.21797045501519,407553.2520948006,0.4768913233415968
2026-04-06T18:37:51.319,-126648.0889003994,-339838.8061275841,-186177.46634986004,-0.2019633132713,-0.37249131560687,-0.21723109797675,407666.7775877726,0.4761599626577632
2026-04-06T18:41:51.319,-126696.87393273562,-339927.9728684523,-186229.51112334488,-0.20458768161976,-0.37055610590859,-0.21647197239496,407780.0331257316,0.47542408639997485
2026-04-06T18:45:51.319,-126746.2953867126,-340016.66875994764,-186281.37123630758,-0.20726703963395,-0.36856716097893,-0.21569209116562,407893.0101123906,0.47468353253729795
2026-04-06T18:49:51.319,-126796.36661362145,-340104.88060520135,-186333.0415833176,-0.21000267130738,-0.36652195495314,-0.21489041061063,408005.6994498784,0.47393813308417404
2026-04-06T18:53:51.319,-126847.10127466,-340192.5945846754,-186384.51680131894,-0.21279587477552,-0.36441782344304,-0.21406582691688,408118.0915069783,0.4731877139339621
2026-04-06T18:57:51.319,-126898.51334400008,-340279.7962219313,-186435.79125474778,-0.21564795951096,-0.36225195524404,-0.21321717234789,408230.17608518404,0.47243209470081565
2026-04-06T19:01:51.319,-126950.61711112231,-340366.4703473505,-186486.85901971243,-0.21856024301799,-0.36002138355605,-0.21234321121618,408341.9423824189,0.47167108857263507
2026-04-06T19:05:51.319,-127003.4271822909,-340452.60105968796,-186537.71386717673,-0.22153404696004,-0.35772297669887,-0.21144263560416,408453.37895425374,0.470904502178549
2026-04-06T19:09:51.319,-127056.95848102396,-340538.17168533383,-186588.34924508524,-0.2245706926458,-0.3553534283036,-0.21051406082182,408564.473672448,0.47013213547494187
2026-04-06T19:13:51.319,-127111.22624739504,-340623.16473515803,-186638.75825936528,-0.22767149579055,-0.35290924696378,-0.20955602058966,408675.2136806304,0.46935378165454544
2026-04-06T19:17:51.319,-127166.24603598141,-340707.5618588037,-186688.93365373905,-0.23083776045965,-0.35038674533284,-0.20856696193618,408785.58534692053,0.4685692270841686
2026-04-06T19:21:51.319,-127222.03371224998,-340791.3437962969,-186738.86778827573,-0.23407077209011,-0.34778202865807,-0.20754523980021,408895.57421328715,0.4677782512773649
2026-04-06T19:25:51.319,-127278.60544714675,-340874.4903268368,-186788.55261661208,-0.23737178947392,-0.34509098274609,-0.20648911133003,409005.1649414223,0.46698062690927417
2026-04-06T19:29:51.319,-127335.97770962455,-340956.98021462857,-186837.97966176775,-0.2407420355741,-0.34230926136123,-0.20539672987306,409114.3412549061,0.4661761198823669
2026-04-06T19:33:51.319,-127394.16725681236,-341038.7911516253,-186887.13999048035,-0.24418268702932,-0.3394322730659,-0.20426613865278,409223.08587742207,0.4653644894527937
2026-04-06T19:37:51.319,-127453.19112149275,-341119.8996970461,-186936.0241859859,-0.24769486218778,-0.33645516752181,-0.20309526413296,409331.38046677783,0.4645454884288398
2026-04-06T19:41:51.319,-127513.06659651331,-341200.2812135451,-186984.6223191691,-0.25127960749347,-0.33337282128321,-0.20188190907376,409439.2055444757,0.4637188634546424
2026-04-06T19:45:51.319,-127573.81121571377,-341279.9097999138,-187032.92391801148,-0.2549378820299,-0.33017982312785,-0.20062374528961,409546.5404205736,0.4628843553941522
2026-04-06T19:49:51.319,-127635.4427309013,-341358.75822021405,-187080.91793526674,-0.2586705400065,-0.32687045898979,-0.19931830612624,409653.36311357404,0.4620416998329088
2026-04-06T19:53:51.319,-127697.97908435234,-341436.79782925494,-187128.59271429988,-0.26247831095223,-0.32343869657976,-0.1979629786821,409759.6502650762,0.46119062771725877
2026-04-06T19:57:51.319,-127761.4383762603,-341513.9984943527,-187175.93595303202,-0.26636177735909,-0.31987816980548,-0.19655499581037,409865.3770489345,0.4603308661539127
2026-04-06T20:01:51.319,-127825.83882648357,-341590.32851334085,-187222.93466594396,-0.27032134949578,-0.31618216313535,-0.19509142795032,409970.51707467285,0.4594621393954714
2026-04-06T20:05:51.319,-127891.19872987988,-341665.7545288389,-187269.57514410542,-0.27435723708914,-0.31234359608698,-0.19356917485184,410075.0422849215,0.45858417004139523
2026-04-06T20:09:51.319,-127957.5364044355,-341740.24143883516,-187315.8429132129,-0.27846941754858,-0.30835500806599,-0.19198495727571,410178.9228466685,0.45769668048761103
2026-04-06T20:13:51.319,-128024.87013131926,-341813.7523037003,-187361.72268964336,-0.28265760038727,-0.30420854383298,-0.19033530877373,410282.1270361498,0.45679939466210207
2026-04-06T20:17:51.319,-128093.21808590503,-341886.24824982136,-187407.19833455698,-0.28692118747514,-0.2998959399376,-0.1886165676788,410384.62111725105,0.4558920400885854
2026-04-06T20:21:51.319,-128162.59825871665,-341957.68837013637,-187452.2528061188,-0.29125922874286,-0.29540851252999,-0.18682486946564,410486.3692133535,0.45497435032529066
2026-04-06T20:25:51.319,-128233.02836515674,-342028.0296219575,-187496.86810995045,-0.29567037294584,-0.29073714704221,-0.18495613967828,410587.33317263686,0.4540460678310816
2026-04-06T20:29:51.319,-128304.52574278727,-342097.2267225994,-187541.02524797586,-0.30015281309443,-0.28587229032665,-0.18300608766212,410687.4724269503,0.4531069473165246
2026-04-06T20:33:51.319,-128377.10723483367,-342165.23204348446,-187584.70416588738,-0.30470422616431,-0.28080394594659,-0.18097020138588,410786.7438444905,0.4521567596433922
2026-04-06T20:37:51.319,-128450.78905849706,-342231.99550357583,-187627.883699533,-0.30932170672197,-0.2755216734357,-0.17884374369356,410885.10157667624,0.45119529634131683
2026-04-06T20:41:51.319,-128525.58665657276,-342297.4644632037,-187670.54152061557,-0.31400169413946,-0.27001459247954,-0.1766217503884,410982.49689980166,0.45022237481560745
2026-04-06T20:45:51.319,-128601.51453080415,-342361.58361959347,-187712.65408219828,-0.31873989313464,-0.26427139312305,-0.17429903062013,411078.878052273,0.4492378443250261
2026-04-06T20:49:51.319,-128678.58605534658,-342424.29490569315,-187754.1965646332,-0.32353118746352,-0.258280353272,-0.1718701701238,411174.1900685101,0.4482415928115645
2026-04-06T20:53:51.319,-128756.81326868989,-342485.537394218,-187795.14282267218,-0.32836954671802,-0.25202936493254,-0.16932953794216,411268.37461091316,0.4472335546666895
2026-04-06T20:57:51.319,-128836.20664239467,-342545.24720920227,-187835.46533467993,-0.33324792635148,-0.24550597081716,-0.16667129735339,411361.3698016758,0.4462137195177887
2026-04-06T21:01:51.319,-128916.77482505451,-342603.357447761,-187875.13515505526,-0.33815816127623,-0.23869741313323,-0.16388942181979,411453.1100566654,0.44518214211560836
2026-04-06T21:05:51.319,-128998.52436000916,-342659.79811522004,-187914.12187117254,-0.34309085365975,-0.23159069655367,-0.16097771686831,411543.52592409606,0.44413895339558296
2026-04-06T21:09:51.319,-129081.45937552671,-342714.4960772769,-187952.39356638587,-0.34803525589977,-0.22417266753813,-0.15792984890608,411632.543931297,0.44308437277326385
2026-04-06T21:13:51.319,-129165.58124645805,-342767.37503338995,-187989.916790889,-0.35297915019139,-0.21643011231382,-0.15473938205846,411720.0864435221,0.44201872171418555
2026-04-06T21:17:51.319,-129250.88822676573,-342818.3555161628,-188026.65654249422,-0.35790872662097,-0.20834987591858,-0.15139982418478,411806.0715394604,0.4409424385902475
2026-04-06T21:21:51.319,-129337.37505286699,-342867.35492206836,-188062.57625967587,-0.36280846233596,-0.19991900473375,-0.14790468326998,411890.4129088804,0.4398560947963662
2026-04-06T21:25:51.319,-129425.03251842485,-342914.2875794376,-188097.63782951355,-0.36766100505026,-0.19112491486164,-0.14424753539459,411973.0197786639,0.43876041205064287
2026-04-06T21:29:51.319,-129513.84702209802,-342959.0648601777,-188131.80161345375,-0.37244706494504,-0.18195558849999,-0.14042210543833,412053.796874334,0.43765628073670554
2026-04-06T21:33:51.319,-129603.80009083978,-343001.5953421635,-188165.02649407403,-0.37714531990456,-0.17239980009605,-0.13642236155501,412132.64442503365,0.436544779067757
2026-04-06T21:37:51.319,-129694.86788263042,-343041.78502960695,-188197.26994625956,-0.38173233995796,-0.16244737348478,-0.1322426242508,412209.4582207173,0.4354271927551395
2026-04-06T21:41:51.319,-129787.02067405381,-343079.53763890546,-188228.48813636653,-0.38618253774553,-0.15208947038751,-0.12787769058287,412284.12973103236,0.4343050347522341
2026-04-06T21:45:51.319,-129880.22233987201,-343114.7549574322,-188258.63605302022,-0.39046815273237,-0.14131890952986,-0.12332297355086,412356.5462959171,0.43318006451632135
2026-04-06T21:49:51.319,-129974.42983370539,-343147.3372823879,-188287.66767314513,-0.3945592776782,-0.13013051419824,-0.11857465616195,412426.5913982541,0.432054306090526
2026-04-06T21:53:51.319,-130069.59268103997,-343177.18394610233,-188315.53616661316,-0.3984239364408,-0.11852148427635,-0.11362985889842,412494.1450288811,0.4309300641604465
2026-04-06T21:57:51.319,-130165.65249799921,-343204.19393297844,-188342.19414248367,-0.40202822242323,-0.1064917866904,-0.10848681840028,412559.08415379777,0.4298099370930261
2026-04-06T22:01:51.319,-130262.54255153335,-343228.2665915301,-188367.59393915877,-0.40533650673532,-0.09404455578348,-0.10314507410514,412621.2832923725,0.4286968258303985
2026-04-06T22:05:51.319,-130360.18737876797,-343249.3024426178,-188391.6879598544,-0.40831172428371,-0.0811864925133,-0.09760565838959,412680.6152136714,0.42759393740301543
2026-04-06T22:09:51.319,-130458.50248504676,-343267.2040819951,-188414.4290535652,-0.41091574439139,-0.06792824865554,-0.09187128448137,412736.95175558486,0.4265047817626385
2026-04-06T22:13:51.319,-130557.39414150907,-343281.87717164727,-188435.77094017237,-0.413109830059,-0.05428477958347,-0.08594652513604,412790.16476816445,0.42543316063602954
2026-04-06T22:17:51.319,-130656.75930363504,-343293.2315101745,-188455.66867651863,-0.41485518654554,-0.04027564692777,-0.07983797389881,412840.1271784758,0.42438314718595066
2026-04-06T22:21:51.319,-130756.48567184781,-343301.18216777814,-188474.079158191,-0.416113595567,-0.0259252507899,-0.07355437982978,412886.7141693641,0.4233590554557202
2026-04-06T22:25:51.319,-130856.451913762,-343305.65066642343,-188490.96164948726,-0.41684812619095,-0.01126297051016,-0.06710674600649,412929.8044589462,0.4223653988825298
2026-04-06T22:29:51.319,-130956.5280648354,-343306.56618075835,-188506.2783317007,-0.41702390766872,0.00367680640529,-0.06050838208147,412969.28166158806,0.4214068375984759
2026-04-06T22:33:51.319,-131056.57611990825,-343303.86673069757,-188519.99485758506,-0.41660894335375,0.01885478544069,-0.05377490180473,413005.0357049242,0.42048811479095444
2026-04-06T22:37:51.319,-131156.4508223966,-343297.5003326323,-188532.08089783238,-0.41557493899471,0.034227010673,-0.04692415782329,413036.9642715143,0.4196139830457174
2026-04-06T22:41:51.319,-131256.0006508682,-343287.4260734224,-188542.5106638021,-0.41389811365091,0.04974526354764,-0.03997610828593,413064.97422849364,0.4187891223072707
2026-04-06T22:45:51.319,-131355.0689946424,-343273.6150700711,-188551.26338976904,-0.4115599578895,0.06535761632832,-0.03295261277181,413088.9830045588,0.41801805180950713
2026-04-06T22:49:51.319,-131453.49550134415,-343256.051278614,-188558.32375778878,-0.40854790238913,0.08100913328472,-0.02587715868903,413108.9198713282,0.4173050389869704
2026-04-06T22:53:51.319,-131551.11757055554,-343234.73211850337,-188563.6822490308,-0.40485586107119,0.09664270362679,-0.01877452331953,413124.72708594473,0.4166540089017095
2026-04-06T22:57:51.319,-131647.77195949803,-343209.66888368357,-188567.33540716898,-0.40048461666846,0.11219998128604,-0.01167038079586,413136.36085402535,0.41606845804097126
2026-04-06T23:01:51.319,-131743.29645970804,-343180.88691850955,-188569.28600211337,-0.39544202319722,0.12762239873588,-0.00459086710818,413143.7920767928,0.4155513764027447
2026-04-06T23:05:51.319,-131837.53159857544,-343148.42554530577,-188569.54308590497,-0.38974300876706,0.14285221597463,0.00243788063133,413147.0068533168,0.4151051815547904
2026-04-06T23:09:51.319,-131930.3223168977,-343112.3377401729,-188568.1219367642,-0.38340937287641,0.1578335622689,0.00939019233832,413146.00671787374,0.4147316678288787
2026-04-06T23:13:51.319,-132021.51957357588,-343072.6895639531,-188565.04389180976,-0.37646938388322,0.17251342772979,0.01624132136592,413140.8086029275,0.4144319730283896
2026-04-06T23:17:51.319,-132110.9818313184,-343029.55936531286,-188560.33607352147,-0.36895719365554,0.18684256440238,0.0229678705826,413131.44452940766,0.41420656404954304
2026-04-06T23:21:51.319,-132198.57638253918,-342983.03678197606,-188554.0310192796,-0.3609120964482,0.20077626206963,0.02954817143462,413117.96103700914,0.414055241735227
2026-04-06T23:25:51.319,-132284.18048212244,-342933.22157357825,-188546.16622696977,-0.35237766691673,0.21427497185856,0.03596260236903,413100.4183773575,0.41397716419606717
2026-04-06T23:29:51.319,-132367.68226277345,-342880.2223249664,-188536.7836324589,-0.34340081723606,0.2273047601948,0.04219383688856,413078.88950139965,0.41397088684711614
2026-04-06T23:33:51.319,-132448.98141856224,-342824.1550617424,-188525.92903656498,-0.33403081524362,0.23983758575693,0.04822701584866,413053.4588787657,0.4140344166028919
2026-04-06T23:37:51.319,-132527.98965225628,-342765.14182042354,-188513.65149991077,-0.32431830443805,0.25185140190608,0.0540498429798,413024.2211908079,0.41416527710778767
2026-04-06T23:41:51.319,-132604.63089143584,-342703.3092139187,-188500.00272380016,-0.3143143629129,0.26333009579997,0.05965260664836,412991.279940506,0.41436058157999
2026-04-06T23:45:51.319,-132678.84128662036,-342638.78702944855,-188485.03643411188,-0.30406963250119,0.27426328243531,0.0650281342599,412954.74602157134,0.4146171098096688
2026-04-06T23:49:51.319,-132750.56901130723,-342571.7068910178,-188468.80778334328,-0.29363354229233,0.28464597684676,0.07017168826463,412914.736286229,0.41493138604846014
2026-04-06T23:53:51.319,-132819.77388870582,-342502.2010125895,-188451.37278357093,-0.28305364301469,0.29447817052211,0.07508081436464,412871.37214673485,0.4152997549043269
2026-04-06T23:57:51.319,-132886.42687299452,-342430.40106172406,-188432.78778044548,-0.27237506124363,0.30376433889863,0.07975515326434,412824.77824020607,0.41571845285747333
2026-04-07T00:01:51.319,-132950.5094142406,-342356.4371470772,-188413.10897560738,-0.26164007554551,0.31251290587452,0.08419622724956,412775.081180297,0.4161836735777322
2026-04-07T00:05:51.319,-133012.01273590888,-342280.43693717796,-188392.3920022759,-0.25088781088224,0.32073568899419,0.08840721217945,412722.408413091,0.4166916257968268
2026-04-07T00:09:51.319,-133070.93705243716,-342202.5249125993,-188370.6915563549,-0.24015404308679,0.32844734577658,0.09239270430654,412666.88718867576,0.41723858302856875
2026-04-07T00:13:51.319,-133127.29075197913,-342122.8217491559,-188348.0610833108,-0.22947110202679,0.335664837963,0.0961584898827,412608.64365450374,0.41782092490280787
2026-04-07T00:17:51.319,-133181.0895664292,-342041.4438262008,-188324.5525193582,-0.21886786013187,0.34240692662518,0.09971132392329,412547.80207199,0.41843517026911164
2026-04-07T00:21:51.319,-133232.35574752287,-341958.5028514327,-188300.21608414783,-0.20836979211426,0.34869370737719,0.10305872292125,412484.48415396735,0.41907800252500527
2026-04-07T00:25:51.319,-133281.11726439558,-341874.1055918215,-188275.10012118466,-0.19799909175967,0.35454619157905,0.10620877482601,412418.80851762276,0.41974628783457363
2026-04-07T00:29:51.319,-133327.40703466942,-341788.35369919933,-188249.25098156597,-0.18777483238797,0.35998593652775,0.10916996829419,412350.89024533227,0.4204370870337748
2026-04-07T00:33:51.319,-133371.2621980556,-341701.3436186458,-188222.71294628739,-0.17771315877172,0.36503472525975,0.1119510421157,412280.8405443441,0.4211476620816919
2026-04-07T00:37:51.319,-133412.7234385912,-341613.1665678424,-188195.52818224236,-0.16782749784167,0.36971429528127,0.11456085506624,412208.7664953326,0.42187547769529093
2026-04-07T00:41:51.319,-133451.83435904782,-341523.90857598593,-188167.73672710074,-0.15812878637065,0.37404611159241,0.11700827463187,412134.77087939647,0.42261820004441764
2026-04-07T00:45:51.319,-133488.64091151673,-341433.65057227865,-188139.37649877212,-0.14862570026949,0.37805118269405,0.1193020844082,412058.9520746558,0.4233736917441937
2026-04-07T00:49:51.319,-133523.19088096265,-341342.46851336106,-188110.4833247976,-0.13932487584246,0.38174991654186,0.12145090914583,411981.40401056677,0.42414000417383724
2026-04-07T00:53:51.319,-133555.53342262976,-341250.4335415665,-188081.09098804422,-0.13023113162115,0.38516200842741,0.12346315417611,411902.2161719493,0.4249153690069064
2026-04-07T00:57:51.319,-133585.7186511428,-341157.6121663335,-188051.2312852308,-0.12134767784686,0.38830635911419,0.12534695864504,411821.4736441849,0.4256981882612433
2026-04-07T01:01:51.319,-133613.79727843008,-341064.0664621341,-188020.93409522652,-0.11267631352478,0.39120101838973,0.12711016055462,411739.2571918422,0.42648702364188956
2026-04-07T01:05:51.319,-133639.82029729133,-340969.8542772974,-187990.22745448965,-0.10421760955461,0.39386315009007,0.12876027195594,411655.64336392196,0.4272805855340467
2026-04-07T01:09:51.319,-133663.8387071606,-340875.029449015,-187959.13763739742,-0.09597107714686,0.39630901497887,0.13030446274532,411570.7046197467,0.4280777219309564
2026-04-07T01:13:51.319,-133685.90327849533,-340779.6420206432,-187927.68923957582,-0.08793532128748,0.39855396822809,0.13174955164656,411484.509470322,0.42887740751799847
2026-04-07T01:17:51.319,-133706.06435221736,-340683.7384581481,-187895.90526266003,-0.08010817943683,0.4006124686249,0.13310200310629,411397.12263074185,0.429678733080108
2026-04-07T01:21:51.319,-133724.3716707175,-340587.36186318786,-187863.80719920446,-0.07248684595906,0.40249809700118,0.13436792897695,411308.6051798991,0.43048089535334605
2026-04-07T01:25:51.319,-133740.87423708008,-340490.55218088423,-187831.41511671373,-0.06506798299625,0.40422358173574,0.13555309400601,411219.0147243792,0.43128318740367444
2026-04-07T01:29:51.319,-133755.62019937558,-340393.3464008095,-187798.74773998547,-0.05784781864389,0.405800829507,0.13666292428659,411128.4055639646,0.4320849895853684
2026-04-07T01:33:51.319,-133768.65675719193,-340295.7787501482,-187765.8225311556,-0.05082223522969,0.40724095924734,0.1377025177236,411036.82885672746,0.432885760761259
2026-04-07T01:37:51.319,-133780.0300880095,-340197.88087838335,-187732.65576702062,-0.04398684171064,0.40855433999145,0.13867665675946,410944.3327822275,0.43368503098390115
2026-04-07T01:41:51.319,-133789.78528880313,-340099.6820324415,-187699.26261304418,-0.03733703803257,0.40975062966154,0.13958982201949,410850.9627001893,0.4344823947279187
2026-04-07T01:45:51.319,-133797.96633397284,-340001.20922299265,-187665.65719423429,-0.03086807729658,0.41083881258704,0.14044620586684,410756.7613057003,0.43527750328532655
2026-04-07T01:49:51.319,-133804.6160457367,-339902.4873813234,-187631.85266253346,-0.02457511244171,0.41182723908757,0.14124972726278,410661.7687790433,0.43607005911644864
2026-04-07T01:53:51.319,-133809.77607525964,-339803.53950688086,-187597.86126067254,-0.01845323819825,0.41272366382971,0.14200404645655,410566.02292967937,0.43685981034544114
2026-04-07T01:57:51.319,-133813.48689308192,-339704.38680571876,-187563.69438250654,-0.01249752675838,0.41353528322686,0.14271257957865,410469.55933412246,0.4376465457633457
2026-04-07T02:01:51.319,-133815.78778742874,-339605.04882011295,-187529.3626298767,-0.00670305789901,0.41426877159293,0.14337851297263,410372.4114674977,0.4384300903046634
2026-04-07T02:05:51.319,-133816.71686915134,-339505.54354967026,-187494.8758660774,-0.00106494422712,0.41493031584315,0.14400481713993,410274.6108286881,0.43921030096231545
2026-04-07T02:09:51.319,-133816.31108220274,-339405.8875642982,-187460.2432660318,0.0044216478454,0.41552564860347,0.14459426020575,410176.1870590706,0.4399870631069183
2026-04-07T02:13:51.319,-133814.6062186907,-339306.09610942815,-187425.47336330015,0.00976148085129,0.41606007964387,0.14514942084045,410077.1680549173,0.4407602871765917
2026-04-07T02:17:51.319,-133811.63693767248,-339206.1832039009,-187390.57409405717,0.01495923225327,0.41653852559465,0.14567270059335,409977.58007359155,0.4415299057055274
2026-04-07T02:21:51.319,-133807.43678696983,-339106.161730926,-187355.55283818181,0.02001948322991,0.41696553793821,0.14616633561331,409877.44783371605,0.44229587066071085
2026-04-07T02:25:51.319,-133802.0382273774,-339006.04352252977,-187320.41645760965,0.02494670987631,0.41734532929562,0.14663240774453,409776.79460951936,0.4430581510586171
2026-04-07T02:29:51.319,-133795.47265872845,-338905.83943789435,-187285.1713320968,0.02974527647885,0.41768179804657,0.147072854997,409675.6423195907,0.44381673083513595
2026-04-07T02:33:51.319,-133787.77044735558,-338805.55943598325,-187249.82339254575,0.0344194305641,0.41797855133632,0.14748948139979,409574.01161028695,0.4445716069444208
2026-04-07T02:37:51.319,-133778.96095455388,-338705.2126428325,-187214.3781520388,0.03897329945877,0.41823892653343,0.14788396625154,409471.92193404544,0.4453227876639881
2026-04-07T02:41:51.319,-133769.07256571134,-338604.8074138706,-187178.84073472169,0.0434108881308,0.41846601120923,0.14825787278749,409369.3916228585,0.4460702910855416
2026-04-07T02:45:51.319,-133758.1327198242,-338504.35139161337,-187143.21590267538,0.0477360781107,0.41866266171411,0.14861265628571,409266.4379571654,0.44681414377258555
2026-04-07T02:49:51.319,-133746.1679391593,-338403.8515590614,-187107.50808090667,0.05195262731883,0.41883152042802,0.14894967163751,409163.0772304163,0.4475543795677775
2026-04-07T02:53:51.319,-133733.20385886417,-338303.3142891081,-187071.72138058383,0.05606417064706,0.41897503176293,0.14927018040847,409059.32480955176,0.4482910385344191
2026-04-07T02:57:51.319,-133719.26525636084,-338202.7453902498,-187035.8596206359,0.06007422116395,0.41909545699444,0.14957535741707,408955.19519164116,0.44902416601813083
2026-04-07T03:01:51.319,-133704.37608038646,-338102.1501488693,-186999.92634782844,0.06398617183036,0.41919488799773,0.14986629685834,408850.70205690886,0.44975381181593765
2026-04-07T03:05:51.319,-133688.55947957127,-338001.5333683459,-186963.92485542144,0.0678032976282,0.41927525996085,0.15014401799947,408745.8583183682,0.45048002944139687
2026-04-07T03:09:51.319,-133671.8378304643,-337900.899405231,-186927.85820050872,0.07152875801888,0.41933836314532,0.15040947047376,408640.67616827803,0.45120287547545246
2026-04-07T03:13:51.319,-133654.23276493678,-337800.252202709,-186891.72922013284,0.07516559965994,0.41938585376081,0.15066353919875,408535.167121619,0.45192240899386166
2026-04-07T03:17:51.319,-133635.76519690885,-337699.5953215468,-186855.54054626194,0.07871675931892,0.4194192640171,0.150907048943,408429.34205678164,0.4526386910627544
2026-04-07T03:21:51.319,-133616.45534835852,-337598.9319687247,-186819.2946197106,0.08218506693275,0.41944001141323,0.15114076856519,408323.2112536462,0.4533517842950962
2026-04-07T03:25:51.319,-133596.3227745832,-337498.26502392377,-186782.99370308017,0.08557324876854,0.41944940731984,0.15136541494791,408216.78442922235,0.4540617524611828
2026-04-07T03:29:51.319,-133575.38638869458,-337397.5970640324,-186746.63989278962,0.088883930649,0.41944866490751,0.15158165664751,408110.0707710108,0.45476866014745615
2026-04-07T03:33:51.319,-133553.66448533442,-337296.9303858238,-186710.2351302625,0.09211964121114,0.41943890647022,0.15179011727977,408003.07896823337,0.4554725724581113
2026-04-07T03:37:51.319,-133531.1747636072,-337196.2670269445,-186673.78121233097,0.09528281517257,0.41942117018975,0.15199137866047,407895.8172410753,0.456173554754832
2026-04-07T03:41:51.319,-133507.93434923017,-337095.60878534056,-186637.279800914,0.09837579658361,0.41939641638384,0.15218598371829,407788.2933680691,0.4568716724304219
2026-04-07T03:45:51.319,-133483.9598159059,-336994.95723724423,-186600.73243202193,0.10140084204768,0.41936553327756,0.15237443919669,407680.5147117452,0.45756699071246015
2026-04-07T03:49:51.319,-133459.26720592793,-336894.31375382736,-186564.1405241364,0.10436012389544,0.41932934233485,0.15255721816005,407572.48824266245,0.4582595744937387
2026-04-07T03:53:51.319,-133433.87205003097,-336793.67951662536,-186527.50538601086,0.10725573330092,0.41928860318403,0.15273476231852,407464.22056192823,0.45894948818625764
2026-04-07T03:57:51.319,-133407.78938650098,-336693.05553182453,-186490.82822393355,0.11008968333061,0.41924401816892,0.1529074841849,407355.71792230674,0.4596367955962742
2026-04-07T04:01:51.319,-133381.0337795628,-336592.442643499,-186454.11014849177,0.11286391191805,0.41919623655461,0.15307576907588,407246.98624801135,0.46032155981788
2026-04-07T04:05:51.319,-133353.61933706273,-336491.84154587676,-186417.35218087316,0.11558028475851,0.41914585841481,0.15323997696932,407138.03115326545,0.46100384314309567
2026-04-07T04:09:51.319,-133325.55972746696,-336391.25279470906,-186380.55525873773,0.1182405981198,0.41909343822535,0.15340044422809,407028.85795971716,0.46168370698634
2026-04-07T04:13:51.319,-133296.8681961954,-336290.6768178099,-186343.72024169101,0.12084658156631,0.41903948818706,0.15355748520049,406919.47171278024,0.4623612118219204
2026-04-07T04:17:51.319,-133267.5575813124,-336190.11392482824,-186306.84791638696,0.12339990059458,0.41898448129872,0.15371139370637,406809.8771969741,0.46303641713267474
2026-04-07T04:21:51.319,-133237.6403285958,-336089.5643163113,-186269.93900128713,0.12590215917958,0.4189288541998,0.15386244441741,406700.0789503285,0.4637093813686954
2026-04-07T04:25:51.319,-133207.12850600548,-335989.0280921109,-186232.99415110046,0.12835490223149,0.41887300980067,0.15401089413951,406590.0812779138,0.46438016191476017
2026-04-07T04:29:51.319,-133176.033817573,-335888.50525918225,-186196.01396092642,0.13075961796342,0.41881731971692,0.1541569830044,406479.8882645543,0.46504881506549745
2026-04-07T04:33:51.319,-133144.36761673357,-335787.9957388216,-186158.9989701221,0.13311774017114,0.41876212652285,0.1543009355774,406369.50378677866,0.46571539600733786
2026-04-07T04:37:51.319,-133112.14091912133,-335687.4993733817,-186121.94966591327,0.13543065042597,0.41870774583811,0.15444296188723,406258.9315240551,0.46637995880626454
2026-04-07T04:41:51.319,-133079.3644148486,-335587.0159325067,-186084.86648676664,0.13769968018275,0.41865446826043,0.15458325838399,406148.1749693606,0.4670425564008771
2026-04-07T04:45:51.319,-133046.04848028923,-335486.5451189193,-186047.74982554055,0.13992611280457,0.41860256115623,0.15472200883027,406037.2374391234,0.4677032405998773
2026-04-07T04:49:51.319,-133012.2031893858,-335386.08657379483,-186010.6000324294,0.1421111855066,0.4185522703199,0.15485938513047,405926.12208258273,0.46836206208340697
2026-04-07T04:53:51.319,-132977.83832449967,-335285.6398817518,-185973.41741771568,0.14425609122108,0.41850382151204,0.1549955481028,405814.8318906006,0.46901907040786023
2026-04-07T04:57:51.319,-132942.9633868228,-335185.20457548636,-185936.20225434352,0.14636198038609,0.41845742188565,0.15513064819821,405703.36970396107,0.46967431401357246
2026-04-07T05:01:51.319,-132907.58760636917,-335084.78014007787,-185898.95478032544,0.14842996266031,0.41841326130891,0.15526482616997,405591.73822119023,0.47032784023496865
2026-04-07T05:05:51.319,-132871.7199515631,-334984.3660169875,-185861.675200994,0.15046110856649,0.41837151359237,0.15539821369765,405479.9400059261,0.4709796953129171
2026-04-07T05:09:51.319,-132835.3691384416,-334883.9616077743,-185824.3636911091,0.15245645106592,0.41833233762772,0.15553093396867,405367.97749386774,0.47162992440880463
2026-04-07T05:13:51.319,-132798.543639487,-334783.5662775472,-185787.02039682993,0.15441698706667,0.41829587844487,0.15566310222052,405255.8529993289,0.472278571620214
2026-04-07T05:17:51.319,-132761.25169210494,-334683.17935817223,-185749.64543756194,0.15634367886789,0.4182622681934,0.15579482624646,405143.5687214211,0.4729256799978177
2026-04-07T05:21:51.319,-132723.5013067634,-334582.80015125364,-185712.23890768582,0.15823745554273,0.41823162705403,0.15592620686737,405031.1267498901,0.4735712915633131
2026-04-07T05:25:51.319,-132685.3002748071,-334482.42793090304,-185674.80087817778,0.16009921426231,0.41820406408542,0.15605733837201,404918.5290706248,0.4742154473282446
2026-04-07T05:29:51.319,-132646.65617596052,-334382.0619463135,-185637.33139812705,0.16192982156311,0.4181796780109,0.15618830892816,404805.77757086145,0.47485818731343254
2026-04-07T05:33:51.319,-132607.57638553373,-334281.7014241509,-185599.83049615857,0.16373011456011,0.41815855794981,0.15631920096642,404692.8740440992,0.47549955056898985
2026-04-07T05:37:51.319,-132568.0680813432,-334181.3455707767,-185562.29818176618,0.16550090210789,0.41814078409728,0.15645009153884,404579.8201947463,0.4761395751946323
2026-04-07T05:41:51.319,-132528.13825035986,-334080.99357431266,-185524.73444656306,0.16724296591194,0.41812642835648,0.15658105265398,404466.6176425122,0.4767782983603568
2026-04-07T05:45:51.319,-132487.7936950965,-333980.64460655954,-185487.13926545394,0.16895706159232,0.41811555492658,0.15671215159016,404353.2679265612,0.47741575632721867
2026-04-07T05:49:51.319,-132447.041039745,-333880.2978247799,-185449.51259773495,0.17064391970162,0.41810822084977,0.15684345118825,404239.77250944154,0.4780519844681475
2026-04-07T05:53:51.319,-132405.8867360749,-333779.95237335336,-185411.85438812524,0.17230424669934,0.41810447652034,0.15697501012565,404126.13278080354,0.47868701728887786
2026-04-07T05:57:51.319,-132364.337069103,-333679.6073853153,-185374.1645677353,0.17393872588443,0.41810436615841,0.1571068831725,404012.35006091965,0.479320888448649
2026-04-07T06:01:51.319,-132322.39816254383,-333579.2619837847,-185336.44305497548,0.17554801828804,0.41810792825102,0.15723912143155,403898.4256040167,0.479953630780916
2026-04-07T06:05:51.319,-132280.07598405093,-333478.91528329,-185298.68975640897,0.17713276352802,0.41811519596277,0.15737177256266,403784.3606014328,0.4805852763137595
2026-04-07T06:09:51.319,-132237.37635025688,-333378.56639100076,-185260.90456755258,0.17869358062703,0.41812619751833,0.15750488099303,403670.15618460847,0.4812158562901631
2026-04-07T06:13:51.319,-132194.3049316216,-333278.21440786903,-185223.0873736287,0.18023106879579,0.41814095655869,0.15763848811416,403555.813427921,0.4818454011879819
2026-04-07T06:17:51.319,-132150.86725709657,-333177.85842969007,-185185.2380502714,0.18174580818311,0.41815949247306,0.15777263246637,403441.3333513722,0.4824739407396292
2026-04-07T06:21:51.319,-132107.0687186128,-333077.49754808453,-185147.35646418988,0.18323836059402,0.41818182070816,0.15790734991168,403326.7169231371,0.483101503951401
2026-04-07T06:25:51.319,-132062.91457540035,-332977.13085141,-185109.44247379157,0.18470927017772,0.41820795305646,0.15804267379602,403211.9650619813,0.48372811912256597
2026-04-07T06:29:51.319,-132018.40995814593,-332876.7574256054,-185071.49592976744,0.1861590640864,0.41823789792484,0.15817863510118,403097.0786395559,0.48435381386398263
2026-04-07T06:33:51.319,-131973.55987299603,-332776.37635497295,-185033.51667564217,0.18758825310641,0.41827166058506,0.15831526258747,402982.0584825744,0.484978615116417
2026-04-07T06:37:51.319,-131928.36920541155,-332675.9867229024,-184995.50454829112,0.18899733226303,0.41830924340728,0.15845258292749,402866.9053748805,0.48560254916845963
2026-04-07T06:41:51.319,-131882.84272388046,-332575.587612541,-184957.45937842614,0.19038678139991,0.41835064607783,0.1585906208317,402751.62005941186,0.4862256416740472
2026-04-07T06:45:51.319,-131836.9850834943,-332475.1781074126,-184919.38099105208,0.19175706573451,0.41839586580226,0.15872939916631,402636.2032400652,0.4868479176696042
2026-04-07T06:49:51.319,-131790.8008293941,-332374.75729199074,-184881.26920589615,0.19310863639038,0.41844489749475,0.15886893906392,402520.6555834692,0.4874694015907453
2026-04-07T06:53:51.319,-131744.29440009122,-332274.3242522265,-184843.12383781126,0.19444193090753,0.4184977339548,0.15900926002751,402404.977720669,0.48809011728864937
2026-04-07T06:57:51.319,-131697.4701306684,-332173.87807603634,-184804.94469715536,0.19575737373176,0.41855436603201,0.15915038002809,402289.1702487284,0.4887100880459695
2026-04-07T07:01:51.319,-131650.33225586545,-332073.4178537511,-184766.73159014797,0.19705537668394,0.41861478277986,0.15929231559643,402173.23373225314,0.489329336592393
2026-04-07T07:05:51.319,-131602.88491305505,-331972.94267853023,-184728.48431920537,0.19833633941009,0.41867897159909,0.1594350819093,402057.1687048403,0.489947885119725
2026-04-07T07:09:51.319,-131555.13214511244,-331872.4516467416,-184690.20268325566,0.19960064981316,0.41874691837156,0.15957869287059,401940.975670457,0.49056575529667756
2026-04-07T07:13:51.319,-131507.07790318367,-331771.94385831116,-184651.88647803525,0.20084868446733,0.41881860758513,0.15972316118748,401824.65510475286,0.4911829682832314
2026-04-07T07:17:51.319,-131458.72604935666,-331671.41841704346,-184613.53549636708,0.20208080901559,0.4188940224501,0.15986849844217,401708.20745630993,0.49179954474457815
2026-04-07T07:21:51.319,-131410.08035923826,-331570.8744309149,-184575.1495284226,0.20329737855129,0.41897314500795,0.16001471515933,401591.63314783154,0.492415504864744
2026-04-07T07:25:51.319,-131361.1445244422,-331470.3110123417,-184536.7283619679,0.20449873798446,0.41905595623273,0.1601618208695,401474.9325772764,0.49303086835977966
2026-04-07T07:29:51.319,-131311.92215499052,-331369.72727842536,-184498.271782595,0.20568522239357,0.41914243612566,0.16030982416887,401358.10611893784,0.4936456544906471
2026-04-07T07:33:51.319,-131262.41678163223,-331269.12235117453,-184459.7795739393,0.20685715736327,0.41923256380341,0.16045873277544,401241.1541244724,0.4942598820757082
2026-04-07T07:37:51.319,-131212.63185808272,-331168.49535770784,-184421.25151788397,0.2080148593088,0.41932631758044,0.16060855358194,401124.0769238809,0.4948735695028729
2026-04-07T07:41:51.319,-131162.57076318676,-331067.8454304371,-184382.6873947519,0.20915863578768,0.4194236750458,0.16075929270568,401006.8748264431,0.49548673474142446
2026-04-07T07:45:51.319,-131112.2368030082,-330967.1717072324,-184344.0869834862,0.21028878579919,0.41952461313474,0.16091095553544,400889.548121609,0.4960993953534707
2026-04-07T07:49:51.319,-131061.63321284918,-330866.47333157127,-184305.45006181957,0.2114056000721,0.4196291081955,0.16106354677567,400772.0970798499,0.49671156850505677
2026-04-07T07:53:51.319,-131010.76315920155,-330765.7494526717,-184266.7764064337,0.21250936134138,0.41973713605165,0.16121707048813,400654.5219534688,0.497323270977075
2026-04-07T07:57:51.319,-130959.62974163341,-330664.99922561116,-184228.06579310857,0.21360034461409,0.41984867206007,0.16137153013113,400536.82297737506,0.4979345191756888
2026-04-07T08:01:51.319,-130908.23599461274,-330564.22181143216,-184189.3179968628,0.21467881742511,0.41996369116511,0.16152692859649,400419.00036982313,0.49854532914257976
2026-04-07T08:05:51.319,-130856.58488927124,-330463.4163772348,-184150.53279208558,0.21574504008312,0.42008216794901,0.16168326824435,400301.05433311773,0.4991557165648629
2026-04-07T08:09:51.319,-130804.67933510982,-330362.58209625824,-184111.70995266002,0.2167992659071,0.42020407667887,0.1618405509361,400182.9850542877,0.4997656967847028
2026-04-07T08:13:51.319,-130752.52218164885,-330261.718147951,-184072.84925207932,0.21784174145402,0.42032939135039,0.16199877806524,400064.792705729,0.5003752848086527
2026-04-07T08:17:51.319,-130700.11622002439,-330160.82371803105,-184033.95046355546,0.21887270673778,0.4204580857286,0.16215795058665,399946.47744581907,0.5009844953167149
2026-04-07T08:21:51.319,-130647.46418453322,-330059.8979985366,-183995.01336012108,0.21989239544005,0.42059013338578,0.1623180690441,399828.03941950394,0.501593342671169
2026-04-07T08:25:51.319,-130594.568754128,-329958.9401878681,-183956.037714725,0.22090103511316,0.42072550773672,0.16247913359618,399709.47875885945,0.5022018409250923
2026-04-07T08:29:51.319,-130541.43255386475,-329857.94949082204,-183917.0233003219,0.22189884737549,0.42086418207152,0.16264114404086,399590.7955836271,0.5028100038306919
2026-04-07T08:33:51.319,-130488.05815630432,-329756.92511861725,-183877.96988995562,0.22288604809957,0.42100612958607,0.16280409983852,399471.99000172695,0.503417844847317
2026-04-07T08:37:51.319,-130434.44808286938,-329655.8662889139,-183838.87725683805,0.22386284759331,0.42115132341035,0.16296800013378,399353.06210974744,0.5040253771492844
2026-04-07T08:41:51.319,-130380.60480515895,-329554.7722258262,-183799.74517442216,0.22482945077456,0.42129973663479,0.16313284377605,399234.01199341443,0.5046326136335174
2026-04-07T08:45:51.319,-130326.53074622178,-329453.6421599292,-183760.5734164705,0.22578605733926,0.42145134233458,0.16329862933894,399114.83972803946,0.5052395669268228
2026-04-07T08:49:51.319,-130272.22828178987,-329352.47532825917,-183721.3617571192,0.22673286192357,0.42160611359236,0.16346535513853,398995.54537894856,0.505846249393106
2026-04-07T08:53:51.319,-130217.699741474,-329251.27097430953,-183682.1099709377,0.22767005426004,0.42176402351919,0.16363301925069,398876.12900189264,0.5064526731403065
2026-04-07T08:57:51.319,-130162.94740992262,-329150.0283480219,-183642.8178329844,0.22859781932824,0.4219250452739,0.16380161952735,398756.5906434408,0.5070588500270871
2026-04-07T09:01:51.319,-130107.97352794468,-329048.7467057721,-183603.4851188587,0.22951633749996,0.42208915208113,0.16397115361187,398636.9303413555,0.5076647916694345
2026-04-07T09:05:51.319,-130052.78029359889,-328947.4253103525,-183564.11160474893,0.23042578467926,0.42225631724786,0.1641416189536,398517.1481249531,0.5082705094469744
2026-04-07T09:09:51.319,-129997.36986324954,-328846.06343095034,-183524.69706747768,0.23132633243749,0.42242651417876,0.16431301282154,398397.24401544814,0.5088760145091237
2026-04-07T09:13:51.319,-129941.74435259061,-328744.6603431226,-183485.24128454324,0.23221814814366,0.42259971639033,0.16448533231729,398277.21802628395,0.5094813177811209
2026-04-07T09:17:51.319,-129885.90583763923,-328643.21532876766,-183445.74403415836,0.23310139509012,0.42277589752386,0.16465857438725,398157.0701634479,0.510086429969772
2026-04-07T09:21:51.319,-129829.85635569938,-328541.7276760937,-183406.20509528613,0.23397623261391,0.42295503135748,0.16483273583415,398036.80042577494,0.5106913615691733
2026-04-07T09:25:51.319,-129773.59790629701,-328440.19667958457,-183366.62424767317,0.23484281621383,0.42313709181706,0.16500781332789,397916.4088052374,0.5112961228660878
2026-04-07T09:29:51.319,-129717.1324520876,-328338.62163996324,-183327.0012718802,0.2357012976636,0.42332205298634,0.16518380341585,397795.89528722304,0.5119007239453768
2026-04-07T09:33:51.319,-129660.46191973699,-328237.0018641527,-183287.3359493103,0.23655182512088,0.42350988911613,0.16536070253249,397675.2598508018,0.5125051746950607
2026-04-07T09:37:51.319,-129603.58820077658,-328135.3366652351,-183247.6280622349,0.23739454323283,0.42370057463271,0.1655385070086,397554.5024689808,0.5131094848114279
2026-04-07T09:41:51.319,-129546.51315243344,-328033.62536240794,-183207.87739381765,0.23822959323782,0.42389408414551,0.16571721307982,397433.6231089493,0.5137136638038358
2026-04-07T09:45:51.319,-129489.23859843664,-327931.8672809402,-183168.08372813617,0.23905711306386,0.42409039245408,0.16589681689481,397312.62173231365,0.5143177209994935
2026-04-07T09:49:51.319,-129431.76632980026,-327830.0617521253,-183128.24685020218,0.23987723742361,0.42428947455436,0.16607731452296,397191.4982953221,0.5149216655480289
2026-04-07T09:53:51.319,-129374.0981055839,-327728.20811323356,-183088.36654597946,0.24069009790624,0.4244913056444,0.16625870196157,397070.25274908106,0.5155255064259663
2026-04-07T09:57:51.319,-129316.23565363172,-327626.30570746306,-183048.44260240038,0.24149582306617,0.42469586112949,0.16644097514272,396948.88503976166,0.5161292524410774
2026-04-07T10:01:51.319,-129258.18067129038,-327524.35388388915,-183008.47480738084,0.24229453850891,0.42490311662672,0.16662412993971,396827.39510879887,0.5167329122365936
2026-04-07T10:05:51.319,-129199.93482610676,-327422.3519974133,-182968.46294983357,0.24308636697401,0.42511304796905,0.16680816217311,396705.7828930817,0.5173364942952792
2026-04-07T10:09:51.319,-129141.49975650609,-327320.2994087109,-182928.40681968015,0.24387142841527,0.42532563120895,0.16699306761651,396584.04832513654,0.5179400069434376
2026-04-07T10:13:51.319,-129082.8770724512,-327218.1954841779,-182888.30620786152,0.24464984007835,0.42554084262158,0.1671788420019,396462.19133330195,0.5185434583547871
2026-04-07T10:17:51.319,-129024.06835608347,-327116.0395958774,-182848.16090634748,0.24542171657583,0.42575865870752,0.16736548102479,396340.21184189786,0.5191468565542056
2026-04-07T10:21:51.319,-128965.07516234583,-327013.83112148487,-182807.97070814477,0.24618716995978,0.42597905619518,0.16755298034898,396218.1097713865,0.5197502094213793
2026-04-07T10:25:51.319,-128905.89901958902,-326911.56944423367,-182767.7354073042,0.24694630979206,0.42620201204284,0.16774133561107,396095.88503852807,0.520353524694382
2026-04-07T10:29:51.319,-128846.5414301609,-326809.25395285914,-182727.45479892657,0.2476992432123,0.42642750344033,0.16793054242476,395973.53755652957,0.5209568099731233
2026-04-07T10:33:51.319,-128787.0038709799,-326706.8840415433,-182687.12867916786,0.2484460750037,0.42665550781041,0.16812059638479,395851.0672351877,0.5215600727226735
2026-04-07T10:37:51.319,-128727.28779409282,-326604.4591098585,-182646.7568452431,0.24918690765676,0.4268860028099,0.16831149307077,395728.47398102627,0.5221633202765821
2026-04-07T10:41:51.319,-128667.39462721777,-326501.97856271156,-182606.3390954297,0.24992184143092,0.42711896633051,0.1685032280507,395605.75769742863,0.5227665598400222
2026-04-07T10:45:51.319,-128607.32577427222,-326399.4418102867,-182565.8752290698,0.25065097441436,0.42735437649938,0.16869579688433,395482.91828476335,0.5233697984928832
2026-04-07T10:49:51.319,-128547.08261588731,-326296.8482679897,-182525.36504657188,0.25137440258179,0.42759221167948,0.16888919512626,395359.9556405069,0.5239730431927744
2026-04-07T10:53:51.319,-128486.66650990816,-326194.19735639053,-182484.80834941164,0.25209221985053,0.42783245046973,0.16908341832896,395236.86965935974,0.5245763007779783
2026-04-07T10:57:51.319,-128426.07879188124,-326091.4885011674,-182444.20494013221,0.25280451813475,0.42807507170493,0.16927846204546,395113.66023335926,0.5251795779702408
2026-04-07T11:01:51.319,-128365.32077552873,-325988.72113304975,-182403.5546223436,0.25351138739813,0.42832005445548,0.16947432183201,394990.3272519872,0.5257828813775605
2026-04-07T11:05:51.319,-128304.39375321042,-325885.8946877619,-182362.85720072166,0.25421291570478,0.42856737802702,0.16967099325051,394866.8706022736,0.5263862174969011
2026-04-07T11:09:51.319,-128243.29899637372,-325783.0086059667,-182322.1124810066,0.25490918926869,0.42881702195978,0.16986847187082,394743.2901688963,0.5269895927167849
2026-04-07T11:13:51.319,-128182.03775599191,-325680.0623332092,-182281.32027000052,0.25560029250158,0.42906896602789,0.17006675327287,394619.5858342767,0.5275930133198421
2026-04-07T11:17:51.319,-128120.61126299106,-325577.0553198607,-182240.4803755651,0.25628630805938,0.42932319023849,0.17026583304869,394495.75747867156,0.5281964854853035
2026-04-07T11:21:51.319,-128059.02072866604,-325473.987021063,-182199.59260661816,0.25696731688721,0.42957967483073,0.17046570680435,394371.8049802618,0.5288000152914087
2026-04-07T11:25:51.319,-127997.26734508574,-325370.85689667263,-182158.65677313026,0.25764339826304,0.42983840027467,0.17066637016162,394247.7282152371,0.5294036087177324
2026-04-07T11:29:51.319,-127935.35228548819,-325267.6644112058,-182117.6726861207,0.25831462984009,0.43009934727006,0.17086781875973,394123.5270578778,0.5300072716475335
2026-04-07T11:33:51.319,-127873.27670466545,-325164.40903378336,-182076.64015765308,0.25898108768783,0.43036249674501,0.17107004825683,393999.2013806335,0.5306110098699087
2026-04-07T11:37:51.319,-127811.04173933904,-325061.09023807617,-182035.55900083063,0.25964284633191,0.43062782985459,0.17127305433147,393874.75105419825,0.5312148290820204
2026-04-07T11:41:51.319,-127748.64850852563,-324957.70750225073,-181994.42902979115,0.26029997879275,0.43089532797934,0.17147683268392,393750.1759475834,0.531818734891164
2026-04-07T11:45:51.319,-127686.09811389388,-324854.2603089153,-181953.2500597017,0.26095255662316,0.43116497272369,0.17168137903745,393625.4759281871,0.5324227328168702
2026-04-07T11:49:51.319,-127623.39164011226,-324750.74814506643,-181912.02190675275,0.26160064994468,0.43143674591433,0.17188668913944,393500.65086186165,0.5330268282928577
2026-04-07T11:53:51.319,-127560.53015518823,-324647.17050203576,-181870.74438815253,0.26224432748298,0.43171062959851,0.17209275876251,393375.70061297796,0.5336310266690214
2026-04-07T11:57:51.319,-127497.51471079918,-324543.5268754372,-181829.4173221206,0.26288365660216,0.43198660604228,0.17229958370549,393250.62504448736,0.5342353332133093
2026-04-07T12:01:51.319,-127434.34634261514,-324439.8167651148,-181788.04052788165,0.26351870333812,0.43226465772871,0.17250715979435,393125.42401798134,0.5348397531136184
2026-04-07T12:05:51.319,-127371.02607061373,-324336.03967509087,-181746.61382565877,0.26414953243087,0.43254476735597,0.17271548288308,393000.09739374905,0.5354442914795272
2026-04-07T12:09:51.319,-127307.5548993872,-324232.1951135145,-181705.13703666662,0.26477620735601,0.43282691783551,0.17292454885445,392874.6450308322,0.536048953344128
2026-04-07T12:13:51.319,-127243.93381844249,-324128.2825926106,-181663.6099831045,0.26539879035523,0.43311109229009,0.17313435362073,392749.0667870783,0.536653743665692
2026-04-07T12:17:51.319,-127180.16380249345,-324024.30162862944,-181622.03248814915,0.26601734246597,0.4333972740518,0.17334489312442,392623.3625191914,0.5372586673293459
2026-04-07T12:21:51.319,-127116.24581174667,-323920.25174179673,-181580.4043759474,0.26663192355029,0.43368544666011,0.17355616333879,392497.5320827813,0.5378637291487385
2026-04-07T12:25:51.319,-127052.1807921801,-323816.132456264,-181538.7254716088,0.2672425923228,0.43397559385979,0.17376816026846,392371.57533241075,0.5384689338675472
2026-04-07T12:29:51.319,-126987.96967581505,-323711.94330005965,-181496.99560119788,0.26784940637792,0.43426769959896,0.17398087994996,392245.49212164053,0.5390742861611366
2026-04-07T12:33:51.319,-126923.61338098202,-323607.68380504014,-181455.2145917266,0.26845242221633,0.43456174802693,0.17419431845211,392119.2823030734,0.5396797906379586
2026-04-07T12:37:51.319,-126859.11281257999,-323503.35350684245,-181413.38227114655,0.26905169527066,0.43485772349221,0.1744084718765,391992.9457283959,0.5402854518410979
2026-04-07T12:41:51.319,-126794.46886232978,-323398.951944836,-181371.4984683408,0.26964727993051,0.43515561054036,0.17462333635784,391866.48224841844,0.5408912742496589
2026-04-07T12:45:51.319,-126729.68240902145,-323294.47866207594,-181329.56301311625,0.27023922956676,0.43545539391195,0.17483890806428,391739.8917131144,0.5414972622802051
2026-04-07T12:49:51.319,-126664.75431875586,-323189.9332052564,-181287.57573619531,0.27082759655516,0.43575705854042,0.17505518319774,391613.17397165747,0.5421034202880829
2026-04-07T12:53:51.319,-126599.68544518086,-323085.31512466475,-181245.53646920781,0.27141243229939,0.43606058954998,0.17527215799415,391486.32887245703,0.5427097525687864
2026-04-07T12:57:51.319,-126534.47662972182,-322980.62397413567,-181203.44504468294,0.27199378725335,0.43636597225353,0.1754898287237,391359.3562631933,0.5433162633592544
2026-04-07T13:01:51.319,-126469.12870180688,-322875.8593110063,-181161.3012960409,0.27257171094296,0.43667319215048,0.17570819169098,391232.2559908498,0.5439229568390883
2026-04-07T13:05:51.319,-126403.64247908734,-322771.02069607197,-181119.10505758462,0.27314625198728,0.43698223492472,0.17592724323523,391105.02790174587,0.5445298371318597
2026-04-07T13:09:51.319,-126338.0187676526,-322666.1076935417,-181076.85616449142,0.27371745811914,0.43729308644245,0.1761469797304,390977.6718415668,0.5451369083062613
2026-04-07T13:13:51.319,-126272.2583622405,-322561.1198709951,-181034.55445280473,0.27428537620514,0.43760573275012,0.17636739758531,390850.1876553936,0.545744174377317
2026-04-07T13:17:51.319,-126206.36204644296,-322456.0567993392,-180992.19975942565,0.27485005226518,0.43792016007231,0.17658849324372,390722.5751877313,0.5463516393075225
2026-04-07T13:21:51.319,-126140.33059290671,-322350.91805276595,-180949.79192210463,0.27541153149141,0.43823635480963,0.17681026318438,390594.834282536,0.5469593070079396
2026-04-07T13:25:51.319,-126074.16476352996,-322245.7032087102,-180907.33077943296,0.27596985826673,0.43855430353666,0.1770327039211,390466.96478324133,0.5475671813393309
2026-04-07T13:29:51.319,-126007.8653096543,-322140.41184780817,-180864.8161708344,0.27652507618275,0.43887399299989,0.17725581200273,390338.9665327831,0.5481752661132117
2026-04-07T13:33:51.319,-125941.4329722525,-322035.0435538567,-180822.24793655684,0.27707722805736,0.43919541011561,0.17747958401319,390210.83937362424,0.5487835650928917
2026-04-07T13:37:51.319,-125874.86848211219,-321929.59791377245,-180779.62591766377,0.2776263559517,0.43951854196791,0.17770401657145,390082.5831477774,0.549392081994493
2026-04-07T13:41:51.319,-125808.17256001546,-321824.0745175519,-180736.9499560259,0.27817250118686,0.43984337580659,0.17792910633148,389954.1976968275,0.5500008204879424
2026-04-07T13:45:51.319,-125741.34591691455,-321718.472958232,-180694.2198943129,0.27871570435997,0.44016989904521,0.17815484998218,389825.6828619532,0.5506097841979541
2026-04-07T13:49:51.319,-125674.38925410368,-321612.79283185094,-180651.4355759848,0.27925600536003,0.44049809925901,0.17838124424737,389697.03848394746,0.5512189767049767
2026-04-07T13:53:51.319,-125607.3032633871,-321507.03373740957,-180608.59684528384,0.27979344338322,0.44082796418295,0.17860828588564,389568.26440323726,0.5518284015461056
2026-04-07T13:57:51.319,-125540.08862724365,-321401.19527683355,-180565.70354722592,0.28032805694787,0.44115948170972,0.17883597169029,389439.36045990285,0.5524380622159983
2026-04-07T14:01:51.319,-125472.74601898769,-321295.2770549355,-180522.75552759247,0.28085988390904,0.44149263988779,0.17906429848923,389310.3264936959,0.5530479621677755
2026-04-07T14:05:51.319,-125405.27610292645,-321189.27867937787,-180479.7526329221,0.28138896147271,0.44182742691946,0.17929326314483,389181.1623440567,0.5536581048138665
2026-04-07T14:09:51.319,-125337.6795345143,-321083.19976063626,-180436.69471050223,0.28191532620962,0.44216383115891,0.17952286255379,389051.8678501316,0.5542684935268363
2026-04-07T14:13:51.319,-125269.95696050346,-320977.03991196334,-180393.58160836104,0.28243901406878,0.4425018411103,0.17975309364703,388922.4428507886,0.5548791316402407
2026-04-07T14:17:51.319,-125202.10901909173,-320870.79874935286,-180350.41317525922,0.28296006039063,0.44284144542591,0.17998395338951,388792.8871846333,0.5554900224494546
2026-04-07T14:21:51.319,-125134.13634006688,-320764.4758915046,-180307.18926068177,0.2834784999198,0.44318263290422,0.18021543878008,388663.20069002337,0.5561011692123956
2026-04-07T14:25:51.319,-125066.03954494826,-320658.07095978915,-180263.90971482988,0.28399436681769,0.44352539248804,0.18044754685129,388533.38320508326,0.5567125751503186
2026-04-07T14:29:51.319,-124997.81924712526,-320551.58357821376,-180220.57438861293,0.28450769467462,0.44386971326275,0.18068027466926,388403.4345677174,0.5573242434486247
2026-04-07T14:33:51.319,-124929.47605199285,-320445.0133733884,-180177.18313364044,0.28501851652171,0.44421558445441,0.18091361933343,388273.3546156238,0.5579361772575162
2026-04-07T14:37:51.319,-124861.0105570846,-320338.3599744918,-180133.73580221413,0.28552686484253,0.44456299542797,0.18114757797645,388143.1431863062,0.558548379692778
2026-04-07T14:41:51.319,-124792.42335220246,-320231.62301323895,-180090.23224731977,0.28603277158431,0.44491193568552,0.18138214776389,388012.80011708644,0.5591608538364251
2026-04-07T14:45:51.319,-124723.71501954441,-320124.80212384777,-180046.6723226196,0.28653626816908,0.44526239486452,0.18161732589412,387882.325245116,0.5597736027374653
2026-04-07T14:49:51.319,-124654.88613382902,-320017.89694300725,-180003.05588244423,0.28703738550436,0.44561436273603,0.18185310959804,387751.71840738686,0.5603866294124918
2026-04-07T14:53:51.319,-124585.93726241778,-319910.9071098455,-179959.38278178513,0.2875361539937,0.44596782920302,0.18208949613893,387620.9794407423,0.5609999368464066
2026-04-07T14:57:51.319,-124516.86896543481,-319803.8322658982,-179915.65287628653,0.28803260354689,0.44632278429867,0.18232648281217,387490.1081818869,0.5616135279930261
2026-04-07T15:01:51.319,-124447.68179588398,-319696.67205507756,-179871.86602223807,0.28852676359001,0.44667921818467,0.18256406694505,387359.1044673965,0.5622274057757326
2026-04-07T15:05:51.319,-124378.37629976415,-319589.4261236419,-179828.02207656697,0.28901866307514,0.44703712114957,0.18280224589655,387227.96813372703,0.5628415730880755
2026-04-07T15:09:51.319,-124308.9530161815,-319482.09412016504,-179784.12089683054,0.28950833048992,0.44739648360715,0.18304101705711,387096.6990172241,0.5634560327944007
2026-04-07T15:13:51.319,-124239.41247745999,-319374.67569550674,-179740.16234120866,0.28999579386681,0.44775729609478,0.18328037784836,386965.29695413075,0.5640707877303942
2026-04-07T15:17:51.319,-124169.75520924956,-319267.1705027831,-179696.14626849623,0.29048108079222,0.44811954927181,0.18352032572297,386833.761780596,0.5646858407037061
2026-04-07T15:21:51.319,-124099.98173063197,-319159.57819733745,-179652.07253809585,0.29096421841533,0.44848323391802,0.18376085816432,386702.0933326826,0.5653011944944895
2026-04-07T15:25:51.319,-124030.09255422483,-319051.8984367117,-179607.94101001046,0.29144523345675,0.44884834093205,0.18400197268633,386570.2914463743,0.5659168518559721
2026-04-07T15:29:51.319,-123960.08818628332,-318944.13088061806,-179563.75154483598,0.29192415221699,0.44921486132984,0.18424366683318,386438.3559575829,0.566532815514981
2026-04-07T15:33:51.319,-123889.96912680018,-318836.27519091085,-179519.50400375418,0.29240100058469,0.44958278624312,0.1844859381791,386306.2867021551,0.5671490881724818
2026-04-07T15:37:51.319,-123819.73586960346,-318728.33103155915,-179475.19824852532,0.29287580404468,0.4499521069179,0.1847287843281,386174.0835158789,0.5677656725040823
2026-04-07T15:41:51.319,-123749.38890245244,-318620.29806861933,-179430.83414148132,0.29334858768588,0.45032281471303,0.18497220291374,386041.7462344896,0.5683825711605944
2026-04-07T15:45:51.319,-123678.92870713188,-318512.17597020837,-179386.41154551835,0.29381937620894,0.45069490109864,0.18521619159889,385909.27469367575,0.5689997867684312
2026-04-07T15:49:51.319,-123608.35575954424,-318403.96440647705,-179341.93032409012,0.29428819393381,0.45106835765482,0.18546074807546,385776.6687290847,0.5696173219302145
2026-04-07T15:53:51.319,-123537.67052980006,-318295.663049584,-179297.39034120075,0.29475506480704,0.45144317607008,0.1857058700642,385643.9281763278,0.5702351792251554
2026-04-07T15:57:51.319,-123466.8734823069,-318187.27157366974,-179252.79146139795,0.29522001240895,0.45181934814002,0.1859515553144,385511.05287098535,0.5708533612095645
2026-04-07T16:01:51.319,-123395.96507585613,-318078.789654831,-179208.13354976627,0.29568305996066,0.45219686576592,0.18619780160367,385378.0426486115,0.5714718704173114
2026-04-07T16:05:51.319,-123324.94576370865,-317970.2169710958,-179163.4164719202,0.29614423033093,0.45257572095334,0.18644460673771,385244.89734473854,0.5720907093602497
2026-04-07T16:09:51.319,-123253.81599367832,-317861.5532023985,-179118.6400939975,0.29660354604286,0.45295590581083,0.18669196855003,385111.6167948816,0.5727098805286965
2026-04-07T16:13:51.319,-123182.57620821442,-317752.7980305549,-179073.80428265262,0.2970610292804,0.45333741254854,0.18693988490173,384978.200834542,0.5733293863918086
2026-04-07T16:17:51.319,-123111.22684448201,-317643.9511392386,-179028.90890505002,0.2975167018948,0.45372023347695,0.18718835368123,384844.6492992117,0.5739492293980597
2026-04-07T16:21:51.319,-123039.7683344412,-317535.0122139567,-178983.95382885775,0.2979705854108,0.45410436100553,0.18743737280406,384710.96202437655,0.5745694119755974
2026-04-07T16:25:51.319,-122968.20110492484,-317425.9809420261,-178938.9389222408,0.2984227010328,0.45448978764152,0.18768694021257,384577.13884551974,0.5751899365327098
2026-04-07T16:29:51.319,-122896.52557771432,-317316.8570125505,-178893.86405385492,0.2988730696508,0.45487650598861,0.18793705387574,384443.1795981252,0.5758108054581736
2026-04-07T16:33:51.319,-122824.74216961475,-317207.6401163974,-178848.72909284005,0.29932171184625,0.45526450874573,0.18818771178887,384309.0841176804,0.5764320211216507
2026-04-07T16:37:51.319,-122752.85129252818,-317098.329946175,-178803.53390881413,0.29976864789778,0.45565378870583,0.18843891197341,384174.8522396791,0.5770535858741049
2026-04-07T16:41:51.319,-122680.85335352542,-316988.9261962102,-178758.2783718669,0.30021389778676,0.45604433875463,0.18869065247667,384040.48379962426,0.5776755020481121
2026-04-07T16:45:51.319,-122608.74875491697,-316879.4285625262,-178712.96235255362,0.30065748120279,0.45643615186948,0.18894293137159,383905.9786330303,0.5782977719582831
2026-04-07T16:49:51.319,-122536.53789432229,-316769.8367428208,-178667.58572188896,0.30109941754905,0.45682922111816,0.18919574675651,383771.3365754255,0.5789203979016073
2026-04-07T16:53:51.319,-122464.22116473792,-316660.15043644485,-178622.14835134102,0.30153972594752,0.45722353965773,0.18944909675493,383636.5574623542,0.5795433821578053
2026-04-07T16:57:51.319,-122391.79895460431,-316550.3693443809,-178576.65011282524,0.30197842524408,0.45761910073335,0.18970297951527,383501.6411293786,0.5801667269896347
2026-04-07T17:01:51.319,-122319.27164787159,-316440.4931692221,-178531.09087869848,0.30241553401355,0.45801589767721,0.18995739321065,383366.58741208055,0.5807904346432943
2026-04-07T17:05:51.319,-122246.63962406397,-316330.5216151516,-178485.47052175313,0.30285107056457,0.45841392390741,0.19021233603862,383231.3961460638,0.5814145073487277
2026-04-07T17:09:51.319,-122173.90325834302,-316220.45438792213,-178439.78891521122,0.30328505294438,0.45881317292681,0.19046780622097,383096.0671669549,0.582038947319912
2026-04-07T17:13:51.319,-122101.06292156989,-316110.2911948354,-178394.04593271867,0.30371749894354,0.45921363832201,0.19072380200349,382960.6003104049,0.5826637567552349
2026-04-07T17:17:51.319,-122028.11898036627,-316000.0317447226,-178348.24144833957,0.30414842610051,0.45961531376229,0.1909803216557,382824.99541209085,0.5832889378377926
2026-04-07T17:21:51.319,-121955.0717971745,-315889.6757479245,-178302.37533655053,0.30457785170612,0.46001819299851,0.19123736347069,382689.25230771635,0.5839144927356662
2026-04-07T17:25:51.319,-121881.92173031642,-315779.2229162718,-178256.44747223493,0.30500579280801,0.46042226986213,0.19149492576486,382553.37083301344,0.5845404236022758
2026-04-07T17:29:51.319,-121808.66913404451,-315668.67296305974,-178210.45773070084,0.30543226623039,0.46082753832529,0.19175300668503,382417.35082374624,0.5851667325697246
2026-04-07T17:33:51.319,-121735.31435861491,-315558.02560303366,-178164.40598765167,0.30585728853174,0.46123399231644,0.1920116047862,382281.19211571006,0.5857934217697581
2026-04-07T17:37:51.319,-121661.85775033088,-315447.2805523804,-178118.29211915823,0.3062808760555,0.46164162590271,0.19227071845335,382144.89454472595,0.5864204933134496
2026-04-07T17:41:51.319,-121588.29965160052,-315336.43752870144,-178072.11600167624,0.3067030449186,0.46205043322782,0.1925303460939,382008.4579466461,0.5870479492983464
2026-04-07T17:45:51.319,-121514.64040099067,-315225.4962509946,-178025.87751204098,0.30712381101537,0.46246040851111,0.19279048613748,381871.8821573541,0.5876757918087092
2026-04-07T17:49:51.319,-121440.88033327983,-315114.4564396361,-177979.57652746196,0.30754319002146,0.4628715460466,0.1930511370357,381735.16701276554,0.5883040229158069
2026-04-07T17:53:51.319,-121367.0197795102,-315003.31781636283,-177933.21292551767,0.3079611973976,0.46328384020208,0.19331229726199,381598.31234882853,0.5889326446781992
2026-04-07T17:57:51.319,-121293.05906703885,-314892.0801042545,-177886.78658415042,0.30837784839332,0.46369728541814,0.19357396531132,381461.31800152356,0.589561659141937
2026-04-07T18:01:51.319,-121218.99851958793,-314780.74302771647,-177840.29738166113,0.30879315805062,0.4641118762073,0.19383613970004,381324.18380686373,0.5901910683408795
2026-04-07T18:05:51.319,-121144.83845729406,-314669.3063124626,-177793.7451967043,0.30920714120747,0.46452760715312,0.19409881896564,381186.909600895,0.5908208742969022
2026-04-07T18:09:51.319,-121070.57919675685,-314557.7696854983,-177747.12990828283,0.30961981250137,0.46494447290929,0.1943620016666,381049.4952196961,0.5914510790201744
2026-04-07T18:13:51.319,-120996.22105108669,-314446.1328751037,-177700.4513957432,0.31003118637272,0.46536246819879,0.1946256863821,380911.940499378,0.592081684509367
2026-04-07T18:17:51.319,-120921.76432995152,-314334.3956108171,-177653.70953877034,0.31044127706821,0.465781587813,0.1948898717119,380774.2452760846,0.5927126927519112
2026-04-07T18:21:51.319,-120847.20933962302,-314222.5576234189,-177606.9042173828,0.31085009864406,0.46620182661092,0.19515455627611,380636.40938599146,0.5933441057242462
2026-04-07T18:25:51.319,-120772.55638302192,-314110.6186449153,-177560.0353119279,0.31125766496928,0.46662317951825,0.19541973871497,380498.4326653064,0.5939759253919948
2026-04-07T18:29:51.319,-120697.80575976253,-313998.57840852224,-177513.10270307687,0.31166398972878,0.46704564152666,0.1956854176887,380360.3149502684,0.5946081537102493
2026-04-07T18:33:51.319,-120622.95776619656,-313886.43664865004,-177466.10627182017,0.31206908642652,0.46746920769291,0.19595159187726,380222.05607714766,0.5952407926237516
2026-04-07T18:37:51.319,-120548.0126954562,-313774.1931008875,-177419.04589946268,0.31247296838845,0.46789387313811,0.19621825998021,380083.65588224464,0.595873844067125
2026-04-07T18:41:51.319,-120472.97083749644,-313661.84750198683,-177371.92146761907,0.31287564876556,0.46831963304691,0.19648542071645,379945.1142018899,0.5965073099650857
2026-04-07T18:45:51.319,-120397.83247913676,-313549.3995898483,-177324.73285820914,0.31327714053674,0.46874648266672,0.19675307282413,379806.4308724431,0.5971411922326539
2026-04-07T18:49:51.319,-120322.59790410206,-313436.8491035054,-177277.47995345326,0.31367745651166,0.46917441730697,0.19702121506036,379667.6057302925,0.5977754927753561
2026-04-07T18:53:51.319,-120247.26739306297,-313324.19578310987,-177230.16263586786,0.31407660933353,0.46960343233834,0.19728984620111,379528.6386118543,0.5984102134894209
2026-04-07T18:57:51.319,-120171.84122367542,-313211.4393699174,-177182.78078826086,0.31447461148186,0.47003352319204,0.19755896504096,379389.5293535716,0.5990453562619812
2026-04-07T19:01:51.319,-120096.31967061966,-313098.5796062728,-177135.33429372727,0.31487147527518,0.47046468535907,0.197828570393,379250.2777919138,0.5996809229713042
2026-04-07T19:05:51.319,-120020.70300563853,-312985.6162355961,-177087.82303564477,0.3152672128736,0.47089691438949,0.19809866108858,379110.8837633752,0.6003169154869106
2026-04-07T19:09:51.319,-119944.99149757517,-312872.5490023683,-177040.24689766936,0.31566183628145,0.47133020589174,0.19836923597715,378971.34710447496,0.6009533356698216
2026-04-07T19:13:51.319,-119869.18541241018,-312759.3776521172,-176992.60576373097,0.3160553573498,0.47176455553193,0.19864029392612,378831.66765175527,0.6015901853727375
2026-04-07T19:17:51.319,-119793.28501329801,-312646.1019314042,-176944.89951802924,0.31644778777894,0.47219995903314,0.19891183382067,378691.84524178057,0.6022274664402031
2026-04-07T19:21:51.319,-119717.2905606029,-312532.7215878102,-176897.12804502924,0.31683913912079,0.47263641217477,0.19918385456355,378551.87971113675,0.6028651807087848
2026-04-07T19:25:51.319,-119641.20231193416,-312419.2363699224,-176849.2912294573,0.31722942278135,0.47307391079184,0.19945635507497,378411.7708964297,0.6035033300072725
2026-04-07T19:29:51.319,-119565.02052218099,-312305.646027321,-176801.3889562968,0.31761865002298,0.47351245077436,0.19972933429238,378271.5186342842,0.6041419161568234
2026-04-07T19:33:51.319,-119488.74544354659,-312191.95031056606,-176753.42111078414,0.31800683196674,0.47395202806667,0.20000279117033,378131.12276134297,0.6047809409711541
2026-04-07T19:37:51.319,-119412.37732558187,-312078.1489711845,-176705.38757840454,0.31839397959462,0.47439263866678,0.20027672468032,377990.58311426506,0.6054204062566823
2026-04-07T19:41:51.319,-119335.91641521848,-311964.2417616574,-176657.288244888,0.31878010375178,0.4748342786258,0.20055113381062,377849.899529725,0.6060603138127465
2026-04-07T19:45:51.319,-119259.36295680149,-311850.2284354073,-176609.12299620546,0.31916521514869,0.47527694404726,0.2008260175661,377709.0718444113,0.6067006654317032
2026-04-07T19:49:51.319,-119182.71719212136,-311736.10874678544,-176560.8917185646,0.31954932436326,0.47572063108652,0.20110137496812,377568.0998950249,0.6073414628991185
2026-04-07T19:53:51.319,-119105.97936044558,-311621.88245105994,-176512.5942984061,0.31993244184296,0.47616533595016,0.20137720505431,377426.9835182784,0.6079827079939143
2026-04-07T19:57:51.319,-119029.14969854968,-311507.549304403,-176464.23062239957,0.32031457790685,0.47661105489542,0.20165350687849,377285.7225508941,0.6086244024885642
2026-04-07T20:01:51.319,-118952.22844074781,-311393.1090638792,-176415.80057743986,0.32069574274758,0.47705778422956,0.20193027951045,377144.3168296028,0.6092665481491725
2026-04-07T20:05:51.319,-118875.21581892291,-311278.5614874333,-176367.30405064314,0.3210759464334,0.47750552030933,0.20220752203585,377002.76619114255,0.6099091467356972
2026-04-07T20:09:51.319,-118798.1120625562,-311163.90633387875,-176318.74092934313,0.32145519891005,0.47795425954037,0.20248523355604,376861.0704722568,0.6105522000020368
2026-04-07T20:13:51.319,-118720.91739875649,-311049.14336288563,-176270.11110108736,0.32183351000271,0.47840399837666,0.20276341318794,376719.22950969334,0.6111957096962175
2026-04-07T20:17:51.319,-118643.6320522888,-310934.2723349695,-176221.41445363345,0.32221088941783,0.47885473331998,0.20304206006388,376577.24314020236,0.6118396775605212
2026-04-07T20:21:51.319,-118566.25624560266,-310819.29301147966,-176172.65087494542,0.32258734674497,0.47930646091936,0.20332117333146,376435.1112005353,0.6124841053316267
2026-04-07T20:25:51.319,-118488.79019885999,-310704.20515458815,-176123.82025319006,0.32296289145862,0.47975917777051,0.2036007521534,376292.83352744294,0.6131289947407302
2026-04-07T20:29:51.319,-118411.23412996242,-310589.00852727843,-176074.92247673328,0.32333753291996,0.48021288051536,0.20388079570742,376150.40995767404,0.6137743475137392
2026-04-07T20:33:51.319,-118333.58825457834,-310473.7028933344,-176025.95743413657,0.32371128037855,0.48066756584145,0.2041613031861,376007.84032797377,0.6144201653713129
2026-04-07T20:37:51.319,-118255.85278616947,-310358.2880173295,-175976.92501415344,0.3240841429741,0.48112323048151,0.20444227379673,375865.124475082,0.615066450029099
2026-04-07T20:41:51.319,-118178.02793601702,-310242.7636646161,-175927.82510572587,0.32445612973809,0.48157987121289,0.20472370676118,375722.2622357314,0.6157132031977889
2026-04-07T20:45:51.319,-118100.11391324745,-310127.12960131443,-175878.6575979809,0.32482724959545,0.48203748485706,0.20500560131578,375579.25344664644,0.6163604265832693
2026-04-07T20:49:51.319,-118022.11092485787,-310011.38559430256,-175829.42238022707,0.32519751136613,0.48249606827917,0.20528795671118,375436.09794454114,0.617008121886765
2026-04-07T20:53:51.319,-117944.01917574105,-309895.53141120565,-175780.11934195113,0.32556692376671,0.4829556183875,0.20557077221222,375292.79556611757,0.6176562908049263
2026-04-07T20:57:51.319,-117865.83886871001,-309779.5668203857,-175730.7483728145,0.32593549541195,0.48341613213304,0.2058540470978,375149.346148064,0.6183049350299942
2026-04-07T21:01:51.319,-117787.57020452232,-309663.49159093143,-175681.30936265003,0.32630323481632,0.48387760650898,0.20613778066076,375005.7495270536,0.6189540562498943
2026-04-07T21:05:51.319,-117709.21338190393,-309547.3054926482,-175631.80220145866,0.32667015039549,0.48434003855026,0.20642197220775,374862.0055397423,0.6196036561483611
2026-04-07T21:09:51.319,-117630.76859757277,-309431.00829604804,-175582.22677940602,0.3270362504678,0.4848034253331,0.20670662105911,374718.114022767,0.6202537364050448
2026-04-07T21:13:51.319,-117552.23604626188,-309314.5997723397,-175532.58298681927,0.32740154325573,0.48526776397458,0.20699172654877,374574.0748127443,0.620904298695671
2026-04-07T21:17:51.319,-117473.61592074228,-309198.07969341904,-175482.8707141838,0.32776603688729,0.48573305163216,0.20727728802409,374429.8877462681,0.6215553446920978
2026-04-07T21:21:51.319,-117394.90841184545,-309081.4478318593,-175433.08985214005,0.32812973939744,0.48619928550325,0.20756330484575,374285.5526599083,0.6222068760624495
2026-04-07T21:25:51.319,-117316.11370848551,-308964.70396090153,-175383.24029148027,0.32849265872944,0.4866664628248,0.20784977638767,374141.0693902087,0.6228588944712463
2026-04-07T21:29:51.319,-117237.2319976811,-308847.84785444534,-175333.3219231454,0.32885480273624,0.48713458087284,0.20813670203686,373996.4377736853,0.6235114015794976
2026-04-07T21:33:51.319,-117158.2634645768,-308730.87928703934,-175283.33463822203,0.32921617918174,0.48760363696208,0.20842408119331,373851.6576468246,0.6241643990447924
2026-04-07T21:37:51.319,-117079.20829246443,-308613.7980338721,-175233.27832793907,0.32957679574215,0.48807362844552,0.20871191326988,373706.7288460817,0.6248178885214573
2026-04-07T21:41:51.319,-117000.06666280396,-308496.6038707628,-175183.15288366488,0.32993666000723,0.48854455271397,0.2090001976922,373561.65120787814,0.6254718716605873
2026-04-07T21:45:51.319,-116920.83875524401,-308379.2965741524,-175132.95819690413,0.33029577948156,0.48901640719572,0.20928893389856,373416.42456860066,0.6261263501102132
2026-04-07T21:49:51.319,-116841.52474764221,-308261.8759210947,-175082.69415929483,0.3306541615858,0.48948918935611,0.20957812133976,373271.04876459873,0.6267813255153772
2026-04-07T21:53:51.319,-116762.12481608518,-308144.3416892472,-175032.36066260524,0.33101181365785,0.48996289669715,0.20986775947909,373125.5236321832,0.6274367995182418
2026-04-07T21:57:51.319,-116682.63913490828,-308026.69365686266,-174981.957598731,0.33136874295408,0.49043752675712,0.21015784779212,372979.849007624,0.6280927737581636
2026-04-07T22:01:51.319,-116603.067876715,-307908.9316027804,-174931.48485969214,0.3317249566505,0.4909130771102,0.21044838576668,372834.0247271488,0.628749249871825
2026-04-07T22:05:51.319,-116523.41121239608,-307791.05530641763,-174880.9423376301,0.33208046184392,0.4913895453661,0.21073937290271,372688.0506269404,0.6294062294933227
2026-04-07T22:09:51.319,-116443.66931114846,-307673.06454776094,-174830.329924805,0.33243526555303,0.49186692916968,0.21103080871218,372541.9265431355,0.6300637142542341
2026-04-07T22:13:51.319,-116363.84234049384,-307554.95910735807,-174779.64751359253,0.33278937471959,0.49234522620058,0.21132269271898,372395.6523118223,0.6307217057837445
2026-04-07T22:17:51.319,-116283.930466297,-307436.73876630946,-174728.89499648128,0.33314279620947,0.49282443417289,0.21161502445882,372249.22776903916,0.6313802057087319
2026-04-07T22:21:51.319,-116203.93385278394,-307318.40330626,-174678.07226606988,0.33349553681376,0.49330455083477,0.21190780347916,372102.65275077196,0.6320392156538662
2026-04-07T22:25:51.319,-116123.85266255966,-307199.9525093911,-174627.17921506416,0.33384760324979,0.49378557396811,0.21220102933907,371955.927092953,0.6326987372416717
2026-04-07T22:29:51.319,-116043.68705662574,-307081.38615841244,-174576.21573627435,0.3341990021622,0.49426750138818,0.21249470160915,371809.0506314583,0.6333587720926318
2026-04-07T22:33:51.319,-115963.43719439767,-306962.70403655403,-174525.1817226124,0.33454974012397,0.49475033094329,0.21278881987146,371662.02320210624,0.6340193218252891
2026-04-07T22:37:51.319,-115883.10323372192,-306843.90592755843,-174474.07706708924,0.33489982363739,0.49523406051447,0.2130833837194,371514.84464065544,0.6346803880563143
2026-04-07T22:41:51.319,-115802.6853308928,-306724.9916156728,-174422.90166281193,0.3352492591351,0.49571868801513,0.21337839275763,371367.5147828029,0.6353419724006156
2026-04-07T22:45:51.319,-115722.18364066904,-306605.9608856413,-174371.65540298112,0.33559805298099,0.49620421139072,0.21367384660198,371220.0334641816,0.6360040764713731
2026-04-07T22:49:51.319,-115641.5983162902,-306486.8135226972,-174320.33818088836,0.33594621147125,0.49669062861845,0.21396974487935,371072.40052035946,0.6366667018801996
2026-04-07T22:53:51.319,-115560.92950949277,-306367.54931255564,-174268.94988991338,0.33629374083523,0.49717793770693,0.21426608722765,370924.61578683654,0.637329850237156
2026-04-07T22:57:51.319,-115480.17737052613,-306248.1680414059,-174217.49042352152,0.3366406472364,0.49766613669589,0.21456287329569,370776.67909904366,0.6379935231508678
2026-04-07T23:01:51.319,-115399.34204816826,-306128.669495904,-174165.9596752611,0.33698693677326,0.49815522365583,0.21486010274308,370628.59029234,0.6386577222285674
2026-04-07T23:05:51.319,-115318.42368974118,-306009.0534631654,-174114.35753876087,0.33733261548025,0.49864519668779,0.21515777524019,370480.3492020117,0.6393224490762538
2026-04-07T23:09:51.319,-115237.42244112625,-305889.3197307577,-174062.6839077274,0.33767768932858,0.49913605392297,0.21545589046802,370331.9556632694,0.6399877052986647
2026-04-07T23:13:51.319,-115156.33844677926,-305769.4680866933,-174010.93867594248,0.33802216422716,0.4996277935225,0.21575444811817,370183.4095112464,0.6406534924994565
2026-04-07T23:17:51.319,-115075.17184974524,-305649.49831942254,-173959.12173726075,0.33836604602342,0.5001204136771,0.21605344789269,370034.71058099694,0.6413198122812019
2026-04-07T23:21:51.319,-114993.9227916731,-305529.4102178264,-173907.23298560706,0.33870934050413,0.50061391260684,0.21635288950408,369885.85870749416,0.6419866662455196
2026-04-07T23:25:51.319,-114912.59141283018,-305409.2035712094,-173855.27231497405,0.33905205339626,0.5011082885608,0.21665277267515,369736.85372562776,0.6426540559931017
2026-04-07T23:29:51.319,-114831.1778521164,-305288.87816929305,-173803.23961941962,0.33939419036778,0.50160353981687,0.21695309713895,369587.6954702026,0.6433219831238459
2026-04-07T23:33:51.319,-114749.68224707837,-305168.4338022087,-173751.1347930645,0.33973575702846,0.50209966468139,0.21725386263873,369438.3837759365,0.6439904492368759
2026-04-07T23:37:51.319,-114668.10473392326,-305047.8702604906,-173698.9577300899,0.34007675893065,0.50259666148894,0.21755506892783,369288.91847745806,0.6446594559306459
2026-04-07T23:41:51.319,-114586.44544753252,-304927.18733506964,-173646.70832473497,0.34041720157004,0.50309452860205,0.21785671576962,369139.2994093051,0.6453290048029928
2026-04-07T23:45:51.319,-114504.70452147533,-304806.3848172661,-173594.38647129445,0.34075709038647,0.50359326441093,0.2181588029374,368989.52640592225,0.6459990974512186
2026-04-07T23:49:51.319,-114422.88208802193,-304685.4624987834,-173541.99206411632,0.34109643076463,0.50409286733324,0.2184613302144,368839.5993016595,0.6466697354721825
2026-04-07T23:53:51.319,-114340.97827815679,-304564.4201717016,-173489.5249975994,0.3414352280348,0.50459333581379,0.2187642973936,368689.5179307697,0.6473409204623014
2026-04-07T23:57:51.319,-114258.99322159159,-304443.2576284705,-173436.985166191,0.34177348747362,0.50509466832433,0.21906770427775,368539.28212740703,0.6480126540177046
2026-04-08T00:01:51.319,-114176.92704677794,-304321.9746619037,-173384.3724643847,0.34211121430474,0.50559686336327,0.21937155067926,368388.8917256248,0.6486849377342316
2026-04-08T00:05:51.319,-114094.77988092008,-304200.5710651719,-173331.68678671785,0.34244841369959,0.50609991945545,0.21967583642015,368238.34655937337,0.6493577732075524
2026-04-08T00:09:51.319,-114012.55184998731,-304079.0466317968,-173278.9280277694,0.34278509077803,0.5066038351519,0.21998056133196,368087.64646249864,0.6500311620332059
2026-04-08T00:13:51.319,-113930.24307872629,-303957.40115564456,-173226.0960821576,0.34312125060901,0.50710860902959,0.22028572525568,367936.79126873956,0.6507051058066453
2026-04-08T00:17:51.319,-113847.85369067315,-303835.63443091995,-173173.19084453772,0.34345689821131,0.50761423969121,0.22059132804173,367785.78081172635,0.6513796061233676
2026-04-08T00:21:51.319,-113765.38380816548,-303713.7462521599,-173120.21220959982,0.34379203855415,0.5081207257649,0.22089736954983,367634.61492497876,0.6520546645788995
2026-04-08T00:25:51.319,-113682.83355235416,-303591.7364142276,-173067.16007206653,0.34412667655783,0.5086280659041,0.22120384964901,367483.29344190384,0.6527302827689433
2026-04-08T00:29:51.319,-113600.20304321496,-303469.60471230646,-173014.03432669077,0.34446081709442,0.50913625878721,0.22151076821746,367331.8161957939,0.6534064622893484
2026-04-08T00:33:51.319,-113517.49239956013,-303347.35094189405,-172960.83486825365,0.34479446498834,0.50964530311749,0.22181812514255,367180.1830198249,0.6540832047362705
2026-04-08T00:37:51.319,-113434.70173904966,-303224.9748987962,-172907.56159156215,0.345127625017,0.51015519762275,0.22212592032071,367028.3937470541,0.6547605117061539
2026-04-08T00:41:51.319,-113351.83117820258,-303102.4763791211,-172854.21439144705,0.34546030191143,0.51066594105516,0.2224341536574,366876.4482104183,0.6554383847958345
2026-04-08T00:45:51.319,-113268.88083240797,-302979.8551792735,-172800.7931627608,0.34579250035684,0.51117753219107,0.22274282506704,366724.3462427318,0.6561168256026007
2026-04-08T00:49:51.319,-113185.8508159359,-302857.11109594913,-172747.2978003752,0.34612422499324,0.51168996983074,0.22305193447297,366572.08767668455,0.6567958357242293
2026-04-08T00:53:51.319,-113102.7412419482,-302734.2439261286,-172693.72819917952,0.34645548041603,0.51220325279818,0.22336148180734,366419.67234484,0.6574754167590673
2026-04-08T00:57:51.319,-113019.55222250908,-302611.25346707203,-172640.08425407816,0.34678627117655,0.51271737994092,0.22367146701111,366267.1000796334,0.6581555703060785
2026-04-08T01:01:51.319,-112936.2838685957,-302488.1395163133,-172586.36585998867,0.34711660178267,0.51323235012983,0.22398189003397,366114.37071336946,0.6588362979649244
2026-04-08T01:05:51.319,-112852.93629010845,-302364.90187165455,-172532.57291183967,0.34744647669932,0.5137481622589,0.22429275083429,365961.4840782208,0.6595176013359925
2026-04-08T01:09:51.319,-112769.50959588127,-302241.54033116053,-172478.7053045687,0.34777590034905,0.51426481524504,0.22460404937905,365808.4400062256,0.6601994820204528
2026-04-08T01:13:51.319,-112686.0038936917,-302118.05469315324,-172424.76293312016,0.3481048771126,0.51478230802792,0.22491578564379,365655.23832928593,0.6608819416203578
2026-04-08T01:17:51.319,-112602.41929027086,-301994.4447562065,-172370.74569244336,0.34843341132938,0.51530063956974,0.22522795961259,365501.8788791658,0.6615649817386516
2026-04-08T01:21:51.319,-112518.75589131334,-301870.71031914034,-172316.6534774904,0.34876150729803,0.51581980885505,0.22554057127797,365348.36148748884,0.6622486039792361
2026-04-08T01:25:51.319,-112435.01380148689,-301746.85118101607,-172262.48618321418,0.34908916927694,0.51633981489061,0.22585362064085,365194.6859857367,0.6629328099470673
2026-04-08T01:29:51.319,-112351.193124442,-301622.8671411306,-172208.2437045663,0.34941640148472,0.51686065670512,0.22616710771054,365040.85220524715,0.663617601248136
2026-04-08T01:33:51.319,-112267.29396282145,-301498.7579990113,-172153.9259364952,0.34974320810074,0.51738233334912,0.22648103250463,364886.8599772116,0.6643029794895856
2026-04-08T01:37:51.319,-112183.31641826963,-301374.52355441096,-172099.53277394408,0.35006959326562,0.51790484389479,0.22679539504898,364732.70913267386,0.6649889462797605
2026-04-08T01:41:51.319,-112099.26059144177,-301250.1636073023,-172045.06411184897,0.3503955610817,0.51842818743573,0.22711019537765,364578.39950252755,0.6656755032282096
2026-04-08T01:45:51.319,-112015.12658201306,-301125.6779578731,-171990.5198451367,0.35072111561352,0.51895236308684,0.22742543353288,364423.9309175146,0.6663626519457899
2026-04-08T01:49:51.319,-111930.91448868775,-301001.066406521,-171935.89986872306,0.35104626088831,0.51947736998415,0.22774110956501,364269.3032082231,0.6670503940447189
2026-04-08T01:53:51.319,-111846.62440920791,-300876.3287538485,-171881.20407751072,0.35137100089644,0.5200032072846,0.22805722353244,364114.51620508515,0.667738731138581
2026-04-08T01:57:51.319,-111762.25644036237,-300751.46480065794,-171826.43236638737,0.35169533959189,0.52052987416593,0.22837377550162,363959.5697383755,0.6684276648424405
2026-04-08T02:01:51.319,-111677.81067799528,-300626.4743479465,-171771.58463022386,0.35201928089268,0.52105736982647,0.22869076554694,363804.4636382089,0.6691171967728252
2026-04-08T02:05:51.319,-111593.28721701476,-300501.3571969014,-171716.66076387218,0.35234282868134,0.52158569348504,0.22900819375075,363649.1977345387,0.6698073285478588
2026-04-08T02:09:51.319,-111508.68615140131,-300376.11314889474,-171661.66066216363,0.35266598680536,0.52211484438071,0.22932606020327,363493.7718571546,0.6704980617872398
2026-04-08T02:13:51.319,-111424.00757421624,-300250.742005479,-171606.5842199069,0.35298875907756,0.52264482177271,0.22964436500257,363338.1858356808,0.671189398112319
2026-04-08T02:17:51.319,-111339.25157760986,-300125.2435683819,-171551.43133188618,0.3533111492766,0.52317562494025,0.22996310825453,363182.43949957396,0.6718813391461753
2026-04-08T02:21:51.319,-111254.41825282965,-299999.61763950175,-171496.20189285942,0.35363316114733,0.52370725318235,0.23028229007277,363026.53267812147,0.6725738865136045
2026-04-08T02:25:51.319,-111169.50769022839,-299873.8640209029,-171440.89579755627,0.35395479840125,0.52423970581773,0.23060191057866,362870.4652004393,0.6732670418412429
2026-04-08T02:29:51.319,-111084.51997927202,-299747.98251481075,-171385.51294067636,0.3542760647169,0.52477298218462,0.23092196990121,362714.2368954703,0.6739608067575502
2026-04-08T02:33:51.319,-110999.45520854757,-299621.9729236072,-171330.05321688743,0.35459696374025,0.52530708164065,0.2312424681771,362557.84759198176,0.674655182892904
2026-04-08T02:37:51.319,-110914.3134657709,-299495.835049826,-171274.51652082356,0.35491749908511,0.52584200356267,0.23156340555059,362401.2971185641,0.6753501718796102
2026-04-08T02:41:51.319,-110829.09483779436,-299369.5686961482,-171218.90274708322,0.35523767433355,0.52637774734664,0.2318847821735,362244.58530362847,0.676045775351998
2026-04-08T02:45:51.319,-110743.79941061437,-299243.17366539757,-171163.2117902276,0.35555749303623,0.52691431240746,0.23220659820518,362087.71197540517,0.6767419949464175
2026-04-08T02:49:51.319,-110658.42726937897,-299116.64976053586,-171107.4435447787,0.35587695871282,0.52745169817887,0.23252885381245,361930.67696194135,0.6774388323013317
2026-04-08T02:53:51.319,-110572.97849839511,-298989.9967846587,-171051.59790521764,0.35619607485234,0.52798990411328,0.2328515491696,361773.4800910993,0.6781362890573303
2026-04-08T02:57:51.319,-110487.45318113604,-298863.2145409908,-170995.67476598278,0.35651484491357,0.52852892968164,0.23317468445831,361616.1211905545,0.678834366857188
2026-04-08T03:01:51.319,-110401.85140024847,-298736.3028328817,-170939.674021468,0.3568332723254,0.52906877437331,0.23349825986764,361458.6000877936,0.6795330673459132
2026-04-08T03:05:51.319,-110316.17323755978,-298609.2614638012,-170883.59556602096,0.35715136048717,0.52960943769595,0.23382227559399,361300.91661011253,0.6802323921707998
2026-04-08T03:09:51.319,-110230.41877408496,-298482.0902373351,-170827.43929394125,0.35746911276903,0.53015091917537,0.23414673184106,361143.0705846147,0.6809323429814569
2026-04-08T03:13:51.319,-110144.58809003366,-298354.788957181,-170771.20509947874,0.35778653251233,0.5306932183554,0.23447162881983,360985.06183820876,0.68163292142988
2026-04-08T03:17:51.319,-110058.68126481703,-298227.35742714355,-170714.89287683176,0.35810362302989,0.53123633479777,0.23479696674851,360826.89019760705,0.6823341291704548
2026-04-08T03:21:51.319,-109972.69837705452,-298099.7954511307,-170658.50252014544,0.35842038760642,0.531780268082,0.23512274585251,360668.5554893233,0.6830359678600565
2026-04-08T03:25:51.319,-109886.63950458061,-297972.1028331491,-170602.03392350994,0.35873682949878,0.53232501780526,0.23544896636442,360510.05753967096,0.6837384391580459
2026-04-08T03:29:51.319,-109800.50472445143,-297844.2793772999,-170545.48698095873,0.35905295193637,0.53287058358226,0.23577562852397,360351.3961747612,0.6844415447263503
2026-04-08T03:33:51.319,-109714.29411295129,-297716.32488777477,-170488.8615864669,0.35936875812142,0.53341696504512,0.23610273257799,360192.57122050103,0.6851452862294773
2026-04-08T03:37:51.319,-109628.00774559924,-297588.23916885146,-170432.15763394945,0.35968425122932,0.53396416184327,0.23643027878039,360033.58250259113,0.68584966533458
2026-04-08T03:41:51.319,-109541.64569715541,-297460.0220248899,-170375.3750172596,0.35999943440895,0.53451217364332,0.23675826739213,359874.42984652426,0.6865546837114972
2026-04-08T03:45:51.319,-109455.20804162734,-297331.6732603279,-170318.51363018705,0.36031431078297,0.53506100012897,0.23708669868118,359715.1130775833,0.6872603430327993
2026-04-08T03:49:51.319,-109368.69485227624,-297203.19267967716,-170261.57336645646,0.36062888344814,0.53561064100085,0.23741557292251,359555.63202083885,0.6879666449738078
2026-04-08T03:53:51.319,-109282.10620162319,-297074.58008751925,-170204.55411972554,0.36094315547563,0.53616109597649,0.23774489039804,359395.98650114797,0.6886735912126961
2026-04-08T03:57:51.319,-109195.44216145521,-296945.83528850146,-170147.45578358357,0.36125712991132,0.53671236479012,0.23807465139662,359236.17634315183,0.6893811834304656
2026-04-08T04:01:51.319,-109108.70280283137,-296816.9580873329,-170090.27825154967,0.36157080977606,0.53726444719262,0.23840485621401,359076.201371274,0.6900894233110156
2026-04-08T04:05:51.319,-109021.88819608862,-296687.9482887805,-170033.02141707114,0.36188419806602,0.53781734295141,0.23873550515283,358916.06140971836,0.6907983125412062
2026-04-08T04:09:51.319,-108934.99841084785,-296558.8056976651,-169975.68517352184,0.36219729775293,0.53837105185034,0.23906659852257,358755.75628246734,0.6915078528108829
2026-04-08T04:13:51.319,-108848.03351601958,-296429.5301188572,-169918.26941420053,0.36251011178439,0.53892557368955,0.23939813663953,358595.2858132798,0.692218045812893
2026-04-08T04:17:51.319,-108760.99357980982,-296300.1213572736,-169860.77403232927,0.36282264308415,0.53948090828546,0.23973011982681,358434.6498256893,0.692928893243203
2026-04-08T04:21:51.319,-108673.87866972566,-296170.5792178731,-169803.1989210517,0.36313489455235,0.54003705547057,0.24006254841428,358273.84814300213,0.6936403968008412
2026-04-08T04:25:51.319,-108586.688852581,-296040.9035056528,-169745.5439734315,0.36344686906584,0.54059401509342,0.24039542273856,358112.8805882953,0.6943525581880127
2026-04-08T04:29:51.319,-108499.42419450206,-295911.0940256442,-169687.80908245078,0.36375856947845,0.54115178701849,0.24072874314298,357951.74698441464,0.6950653791101326
2026-04-08T04:33:51.319,-108412.08476093288,-295781.1505829094,-169629.99414100847,0.36406999862119,0.54171037112608,0.24106250997759,357790.4471539731,0.6957788612758254
2026-04-08T04:37:51.319,-108324.67061664074,-295651.07298253744,-169572.0990419186,0.3643811593026,0.54226976731225,0.24139672359909,357628.98091934837,0.6964930063970233
2026-04-08T04:41:51.319,-108237.18182572158,-295520.86102964036,-169514.1236779089,0.36469205430893,0.5428299754887,0.24173138437085,357467.3481026816,0.6972078161889594
2026-04-08T04:45:51.319,-108149.61845160526,-295390.5145293495,-169456.067941619,0.36500268640447,0.54339099558268,0.24206649266286,357305.54852587474,0.6979232923702393
2026-04-08T04:49:51.319,-108061.98055706084,-295260.0332868119,-169397.931725599,0.36531305833172,0.54395282753692,0.24240204885172,357143.58201058937,0.6986394366628588
2026-04-08T04:53:51.319,-107974.26820420175,-295129.4171071864,-169339.7149223078,0.36562317281171,0.54451547130953,0.24273805332062,356981.4483782441,0.6993562507922735
2026-04-08T04:57:51.319,-107886.48145449096,-294998.66579564003,-169281.41742411154,0.36593303254421,0.54507892687391,0.24307450645931,356819.14745001314,0.7000737364874162
2026-04-08T05:01:51.319,-107798.62036874598,-294867.7791573445,-169223.03912328207,0.36624264020797,0.54564319421867,0.24341140866407,356656.67904682417,0.7007918954807374
2026-04-08T05:05:51.319,-107710.68500714394,-294736.7569974724,-169164.5799119953,0.36655199846097,0.54620827334754,0.24374876033772,356494.04298935644,0.7015107295082572
2026-04-08T05:09:51.319,-107622.67542922653,-294605.5991211935,-169106.03968232972,0.36686110994065,0.5467741642793,0.24408656188957,356331.2390980388,0.7022302403096036
2026-04-08T05:13:51.319,-107534.59169390486,-294474.30533367145,-169047.4183262648,0.36716997726416,0.54734086704769,0.24442481373543,356168.2671930479,0.7029504296280645
2026-04-08T05:17:51.319,-107446.43385946439,-294342.87544005987,-168988.71573567943,0.36747860302855,0.54790838170131,0.24476351629757,356005.1270943062,0.7036712992105858
2026-04-08T05:21:51.319,-107358.20198356966,-294211.30924549897,-168929.9318023504,0.36778698981104,0.54847670830358,0.24510267000468,355841.8186214801,0.7043928508078566
2026-04-08T05:25:51.319,-107269.89612326899,-294079.60655511206,-168871.0664179508,0.36809514016922,0.54904584693264,0.24544227529191,355678.3415939778,0.7051150861743404
2026-04-08T05:29:51.319,-107181.51633499927,-293947.7671740018,-168812.11947404855,0.36840305664126,0.54961579768125,0.24578233260079,355514.6958309478,0.7058380070682688
2026-04-08T05:33:51.319,-107093.0626745905,-293815.79090724693,-168753.09086210484,0.36871074174616,0.55018656065678,0.24612284237928,355350.88115127647,0.7065616152517741
2026-04-08T05:37:51.319,-107004.53519727042,-293683.6775598987,-168693.9804734726,0.36901819798394,0.55075813598105,0.24646380508166,355186.89737358666,0.7072859124908154
2026-04-08T05:41:51.319,-106915.93395766903,-293551.4269369773,-168634.78819939488,0.36932542783588,0.55133052379034,0.24680522116863,355022.74431623524,0.7080109005553394
2026-04-08T05:45:51.319,-106827.259009823,-293419.03884346853,-168575.51393100352,0.36963243376468,0.55190372423524,0.24714709110717,354858.4217973115,0.708736581219189
2026-04-08T05:49:51.319,-106738.51040718022,-293286.51308432035,-168516.15755931745,0.36993921821472,0.55247773748066,0.24748941537063,354693.92963463534,0.7094629562602712
2026-04-08T05:53:51.319,-106649.68820260408,-293153.84946443944,-168456.71897524127,0.37024578361222,0.55305256370569,0.24783219443865,354529.2676457549,0.7101900274604959
2026-04-08T05:57:51.319,-106560.79244837785,-293021.0477886878,-168397.1980695637,0.3705521323655,0.55362820310357,0.24817542879717,354364.43564794504,0.7109177966058846
2026-04-08T06:01:51.319,-106471.82319620889,-292888.10786187934,-168337.59473295603,0.3708582668651,0.5542046558816,0.24851911893841,354199.43345820525,0.7116462654865491
2026-04-08T06:05:51.319,-106382.780497233,-292755.0294887766,-168277.90885597077,0.37116418948405,0.55478192226109,0.24886326536085,354034.2608932578,0.7123754358967797
2026-04-08T06:09:51.319,-106293.6644020185,-292621.8124740872,-168218.14032903998,0.37146990257803,0.55536000247729,0.24920786856922,353868.9177695455,0.7131053096350638
2026-04-08T06:13:51.319,-106204.47496057043,-292488.4566224607,-168158.28904247383,0.37177540848554,0.55593889677934,0.2495529290745,353703.4039032303,0.713835888504131
2026-04-08T06:17:51.319,-106115.2122223346,-292354.96173848526,-168098.35488645913,0.37208070952816,0.55651860543016,0.24989844739388,353537.71911019087,0.7145671743109817
2026-04-08T06:21:51.319,-106025.87623620167,-292221.3276266842,-168038.33775105778,0.37238580801064,0.55709912870645,0.25024442405077,353371.8632060211,0.7152991688669326
2026-04-08T06:25:51.319,-105936.46705051119,-292087.5540915129,-167978.2375262054,0.37269070622119,0.55768046689858,0.25059085957477,353205.83600602753,0.7160318739876665
2026-04-08T06:29:51.319,-105846.98471305547,-291953.64093735535,-167918.05410170968,0.37299540643157,0.55826262031055,0.25093775450169,353039.63732522825,0.7167652914932501
2026-04-08T06:33:51.319,-105757.42927108356,-291819.5879685209,-167857.78736724902,0.37329991089732,0.55884558925992,0.25128510937348,352873.26697835035,0.7174994232081696
2026-04-08T06:37:51.319,-105667.80077130512,-291685.39498924115,-167797.437212371,0.37360422185794,0.55942937407778,0.25163292473827,352706.7247798281,0.7182342709614109
2026-04-08T06:41:51.319,-105578.09925989422,-291551.0618036666,-167737.0035264909,0.37390834153705,0.56001397510865,0.25198120115036,352540.0105438013,0.7189698365864573
2026-04-08T06:45:51.319,-105488.32478249319,-291416.5882158634,-167676.48619889026,0.37421227214254,0.56059939271047,0.25232993917015,352373.1240841127,0.719706121921331
2026-04-08T06:49:51.319,-105398.47738421627,-291281.9740298102,-167615.88511871532,0.3745160158668,0.56118562725449,0.2526791393642,352206.0652143068,0.7204431288086446
2026-04-08T06:53:51.319,-105308.55710965341,-291147.2190493951,-167555.2001749757,0.37481957488686,0.56177267912528,0.25302880230519,352038.8337476276,0.7211808590956641
2026-04-08T06:57:51.319,-105218.56400287391,-291012.32307841216,-167494.4312565428,0.37512295136452,0.56236054872062,0.25337892857189,351871.42949701636,0.7219193146342767
2026-04-08T07:01:51.319,-105128.49810743004,-290877.2859205584,-167433.57825214838,0.37542614744659,0.56294923645147,0.2537295187492,351703.85227511014,0.7226584972811033
2026-04-08T07:05:51.319,-105038.3594663606,-290742.1073794307,-167372.64105038307,0.37572916526499,0.56353874274194,0.25408057342809,351536.1018942395,0.7233984088975034
2026-04-08T07:09:51.319,-104948.14812219453,-290606.7872585225,-167311.619539695,0.37603200693695,0.56412906802918,0.25443209320562,351368.1781664269,0.7241390513495974
2026-04-08T07:13:51.319,-104857.86411695434,-290471.3253612209,-167250.51360838825,0.37633467456513,0.56472021276341,0.25478407868492,351200.0809033842,0.7248804265083427
2026-04-08T07:17:51.319,-104767.50749215967,-290335.7214908033,-167189.3231446214,0.37663717023782,0.5653121774078,0.2551365304752,351031.80991651124,0.7256225362495456
2026-04-08T07:21:51.319,-104677.07828883066,-290199.9754504343,-167128.04803640608,0.37693949602908,0.56590496243847,0.25548944919171,350863.3650168936,0.7263653824539178
2026-04-08T07:25:51.319,-104586.57654749138,-290064.08704316284,-167066.68817160558,0.37724165399888,0.5664985683444,0.25584283545577,350694.74601530074,0.7271089670070875
2026-04-08T07:29:51.319,-104496.00230817319,-289928.05607191887,-167005.24343793333,0.37754364619326,0.56709299562743,0.25619668989472,350525.95272218407,0.7278532917996627
2026-04-08T07:33:51.319,-104405.35561041803,-289791.88233951037,-166943.71372295148,0.37784547464451,0.5676882448022,0.25655101314196,350356.98494767485,0.7285983587272921
2026-04-08T07:37:51.319,-104314.63649328175,-289655.5656486203,-166882.09891406941,0.37814714137124,0.56828431639606,0.25690580583691,350187.84250158217,0.7293441696906131
2026-04-08T07:41:51.319,-104223.84499533735,-289519.1058018035,-166820.39889854233,0.37844864837863,0.5688812109491,0.25726106862501,350018.5251933914,0.7300907265954064
2026-04-08T07:45:51.319,-104132.98115467819,-289382.5026014838,-166758.61356346984,0.37874999765849,0.56947892901406,0.25761680215774,349849.0328322618,0.7308380313525611
2026-04-08T07:49:51.319,-104042.04500892117,-289245.7558499506,-166696.74279579447,0.37905119118943,0.5700774711563,0.25797300709256,349679.3652270246,0.7315860858781187
2026-04-08T07:53:51.319,-103951.0365952099,-289108.8653493564,-166634.7864823002,0.37935223093703,0.57067683795375,0.25832968409296,349509.5221861812,0.7323348920933379
2026-04-08T07:57:51.319,-103859.95595021782,-288971.83090171317,-166572.74450961108,0.37965311885394,0.5712770299969,0.25868683382842,349339.5035179011,0.7330844519247257
2026-04-08T08:01:51.319,-103768.80311015125,-288834.65230888996,-166510.61676418973,0.37995385688003,0.57187804788872,0.25904445697444,349169.3090300199,0.7338347673040614
2026-04-08T08:05:51.319,-103677.57811075245,-288697.32937260944,-166448.403132336,0.38025444694254,0.57247989224464,0.25940255421248,348998.9385300373,0.7345858401684382
2026-04-08T08:09:51.319,-103586.2809873027,-288559.8618944452,-166386.10350018542,0.38055489095619,0.57308256369252,0.25976112623002,348828.39182511525,0.7353376724603176
2026-04-08T08:13:51.319,-103494.91177462517,-288422.2496758185,-166323.71775370778,0.38085519082335,0.57368606287261,0.2601201737205,348657.6687220757,0.7360902661275652
2026-04-08T08:17:51.319,-103403.47050708797,-288284.4925179956,-166261.2457787058,0.38115534843411,0.57429039043749,0.26047969738337,348486.76902739896,0.736843623123458
2026-04-08T08:21:51.319,-103311.95721860703,-288146.59022208455,-166198.68746081358,0.3814553656665,0.57489554705207,0.26083969792402,348315.6925472213,0.7375977454067739
2026-04-08T08:25:51.319,-103220.371942649,-288008.54258903244,-166136.04268549517,0.38175524438653,0.57550153339353,0.26120017605385,348144.4390873334,0.7383526349417912
2026-04-08T08:29:51.319,-103128.71471223411,-287870.34941962233,-166073.31133804322,0.38205498644835,0.5761083501513,0.26156113249022,347973.008453178,0.7391082936983376
2026-04-08T08:33:51.319,-103036.98555993901,-287732.0105144704,-166010.49330357747,0.38235459369442,0.57671599802702,0.26192256795646,347801.40044984804,0.7398647236518533
2026-04-08T08:37:51.319,-102945.18451789956,-287593.52567402285,-165947.5884670434,0.38265406795554,0.57732447773451,0.26228448318188,347629.61488208454,0.740621926783385
2026-04-08T08:41:51.319,-102853.31161781357,-287454.89469855325,-165884.59671321063,0.38295341105108,0.57793378999972,0.26264687890173,347457.65155427495,0.7413799050796548
2026-04-08T08:45:51.319,-102761.36689094361,-287316.1173881594,-165821.51792667172,0.38325262478901,0.57854393556074,0.26300975585726,347285.51027045056,0.7421386605331048
2026-04-08T08:49:51.319,-102669.35036811967,-287177.19354276045,-165758.35199184052,0.38355171096607,0.57915491516774,0.26337311479565,347113.19083428493,0.7428981951419147
2026-04-08T08:53:51.319,-102577.26207974188,-287038.1229620942,-165695.0987929509,0.38385067136787,0.57976672958293,0.26373695647008,346940.6930490918,0.7436585109100491
2026-04-08T08:57:51.319,-102485.1020557831,-286898.9054457141,-165631.75821405527,0.38414950776904,0.58037937958057,0.26410128163966,346768.01671782293,0.7444196098473186
2026-04-08T09:01:51.319,-102392.87032579166,-286759.5407929861,-165568.33013902308,0.38444822193328,0.5809928659469,0.26446609106948,346595.1616430662,0.7451814939693708
2026-04-08T09:05:51.319,-102300.56691889383,-286620.02880308626,-165504.81445153945,0.38474681561354,0.58160718948014,0.26483138553059,346422.12762704346,0.7459441652977781
2026-04-08T09:09:51.319,-102208.19186379648,-286480.3692749975,-165441.21103510377,0.3850452905521,0.58222235099046,0.2651971658,346248.9144716086,0.7467076258600567
2026-04-08T09:13:51.319,-102115.7451887896,-286340.56200750696,-165377.51977302818,0.38534364848068,0.58283835129993,0.26556343266068,346075.52197824547,0.7474718776896867
2026-04-08T09:17:51.319,-102023.22692174882,-286200.6067992029,-165313.74054843624,0.38564189112058,0.58345519124254,0.26593018690158,345901.9499480659,0.7482369228262098
2026-04-08T09:21:51.319,-101930.63709013791,-286060.50344847224,-165249.87324426143,0.38594002018276,0.58407287166412,0.26629742931759,345728.19818180765,0.7490027633151947
2026-04-08T09:25:51.319,-101837.97572101123,-285920.2517534972,-165185.91774324572,0.38623803736794,0.58469139342238,0.26666516070958,345554.2664798322,0.7497694012083373
2026-04-08T09:29:51.319,-101745.24284101618,-285779.851512253,-165121.8739279382,0.38653594436674,0.58531075738681,0.26703338188439,345380.1546421228,0.7505368385634533
2026-04-08T09:33:51.319,-101652.43847639563,-285639.3025225046,-165057.74168069358,0.38683374285977,0.58593096443873,0.26740209365484,345205.86246828263,0.7513050774445696
2026-04-08T09:37:51.319,-101559.56265299028,-285498.604581804,-164993.52088367075,0.38713143451774,0.58655201547122,0.26777129683969,345031.38975753245,0.752074119921915
2026-04-08T09:41:51.319,-101466.61539624103,-285357.75748748763,-164929.2114188314,0.38742902100154,0.58717391138914,0.2681409922637,344856.73630870844,0.7528439680720003
2026-04-08T09:45:51.319,-101373.59673119136,-285216.76103667315,-164864.81316793858,0.38772650396237,0.58779665310905,0.26851118075759,344681.9019202607,0.7536146239776123
2026-04-08T09:49:51.319,-101280.50668248958,-285075.61502625694,-164800.32601255525,0.38802388504184,0.58842024155924,0.26888186315809,344506.88639025047,0.754386089727908
2026-04-08T09:53:51.319,-101187.34527439119,-284934.31925291114,-164735.74983404277,0.38832116587205,0.58904467767971,0.26925304030787,344331.6895163486,0.7551583674184198
2026-04-08T09:57:51.319,-101094.1125307611,-284792.87351308094,-164671.08451355965,0.3886183480757,0.58966996242212,0.26962471305563,344156.311095833,0.7559314591511066
2026-04-08T10:01:51.319,-101000.80847507587,-284651.2776029817,-164606.3299320599,0.38891543326619,0.59029609674979,0.26999688225602,343980.7509255872,0.7567053670343806
2026-04-08T10:05:51.319,-100907.43313042601,-284509.5313185963,-164541.48597029172,0.38921242304772,0.59092308163768,0.27036954876972,343805.00880209764,0.7574800931831751
2026-04-08T10:09:51.319,-100813.98651951806,-284367.63445567194,-164476.55250879604,0.38950931901537,0.59155091807239,0.27074271346338,343629.0845214517,0.7582556397189661
2026-04-08T10:13:51.319,-100720.46866467684,-284225.58680971793,-164411.5294279051,0.38980612275521,0.59217960705211,0.27111637720966,343452.9778793359,0.7590320087698094
2026-04-08T10:17:51.319,-100626.87958784758,-284083.38817600254,-164346.41660774092,0.39010283584441,0.59280914958663,0.27149054088725,343276.6886710335,0.7598092024704135
2026-04-08T10:21:51.319,-100533.21931059808,-283941.0383495503,-164281.21392821395,0.39039945985127,0.59343954669732,0.27186520538081,343100.2166914227,0.7605872229621229
2026-04-08T10:25:51.319,-100439.48785412077,-283798.53712513915,-164215.9212690216,0.39069599633539,0.5940707994171,0.27224037158107,342923.56173497404,0.7613660723930206
2026-04-08T10:29:51.319,-100345.68523923482,-283655.8842972978,-164150.53850964678,0.3909924468477,0.59470290879046,0.27261604038473,342746.7235957488,0.7621457529179274
2026-04-08T10:33:51.319,-100251.81148638821,-283513.07966030296,-164085.06552935645,0.39128881293059,0.59533587587341,0.27299221269457,342569.7020673965,0.7629262666984719
2026-04-08T10:37:51.319,-100157.86661565976,-283370.1230081764,-164019.50220720022,0.39158509611796,0.59596970173349,0.27336888941936,342392.49694315303,0.7637076159030963
2026-04-08T10:41:51.319,-100063.85064676116,-283227.01413468237,-163953.8484220088,0.39188129793536,0.59660438744976,0.27374607147394,342215.10801583837,0.7644898027071526
2026-04-08T10:45:51.319,-99969.76359903898,-283083.7528333248,-163888.10405239268,0.39217741990003,0.59723993411276,0.27412375977919,342037.5350778545,0.7652728292928853
2026-04-08T10:49:51.319,-99875.60549147663,-282940.33889734437,-163822.2689767406,0.39247346352099,0.59787634282454,0.27450195526204,341859.7779211832,0.7660566978495076
2026-04-08T10:53:51.319,-99781.37634269631,-282796.77211971604,-163756.34307321807,0.39276943029916,0.59851361469862,0.2748806588555,341681.83633738407,0.766841410573248
2026-04-08T10:57:51.319,-99687.07617096101,-282653.0522931461,-163690.326219766,0.39306532172742,0.59915175085998,0.27525987149863,341503.71011759207,0.7676269696673651
2026-04-08T11:01:51.319,-99592.70499417634,-282509.1792100694,-163624.21829409915,0.39336113929066,0.59979075244509,0.27563959413656,341325.3990525158,0.7684133773422095
2026-04-08T11:05:51.319,-99498.26282989251,-282365.1526626468,-163558.01917370476,0.39365688446595,0.60043062060184,0.27601982772054,341146.9029324349,0.7692006358152765
2026-04-08T11:09:51.319,-99403.74969530616,-282220.9724427621,-163491.72873584102,0.39395255872253,0.60107135648958,0.27640057320788,340968.22154719813,0.7699887473112167
2026-04-08T11:13:51.319,-99309.16560726226,-282076.6383420197,-163425.34685753565,0.39424816352193,0.6017129612791,0.27678183156201,340789.35468622117,0.7707777140619071
2026-04-08T11:17:51.319,-99214.51058225588,-281932.15015174146,-163358.87341558438,0.39454370031808,0.60235543615261,0.27716360375245,340610.3021384843,0.7715675383064848
2026-04-08T11:21:51.319,-99119.78463643411,-281787.5076629642,-163292.30828654955,0.39483917055732,0.60299878230376,0.27754589075486,340431.0636925305,0.7723582222913915
2026-04-08T11:25:51.319,-99024.98778559778,-281642.71066643705,-163225.6513467586,0.39513457567854,0.6036430009376,0.27792869355101,340251.6391364629,0.773149768270406
2026-04-08T11:29:51.319,-98930.12004520331,-281497.7589526183,-163158.90247230255,0.39542991711321,0.6042880932706,0.27831201312882,340072.0282579428,0.7739421785046955
2026-04-08T11:33:51.319,-98835.1814303644,-281352.65231167304,-163092.0615390347,0.39572519628551,0.60493406053065,0.27869585048235,339892.23084418755,0.7747354552628826
2026-04-08T11:37:51.319,-98740.17195585388,-281207.3905334703,-163025.12842256896,0.39602041461234,0.60558090395703,0.27908020661181,339712.24668196816,0.7755296008210348
2026-04-08T11:41:51.319,-98645.09163610532,-281061.97340758034,-162958.10299827845,0.39631557350345,0.60622862480042,0.2794650825236,339532.075557607,0.7763246174627592
2026-04-08T11:45:51.319,-98549.94048521484,-280916.4007232718,-162890.98514129405,0.3966106743615,0.60687722432292,0.27985047923028,339351.7172569759,0.7771205074792409
2026-04-08T11:49:51.319,-98454.71851694277,-280770.6722695092,-162823.77472650283,0.39690571858211,0.60752670379801,0.28023639775058,339171.1715654936,0.7779172731692473
2026-04-08T11:53:51.319,-98359.4257447153,-280624.7878349498,-162756.4716285467,0.39720070755395,0.60817706451056,0.28062283910946,338990.43826812383,0.7787149168392077
2026-04-08T11:57:51.319,-98264.06218162621,-280478.74720794143,-162689.07572182073,0.39749564265883,0.60882830775685,0.28100980433807,338809.51714937284,0.7795134408032657
2026-04-08T12:01:51.319,-98168.62784043842,-280332.55017651926,-162621.58688047185,0.39779052527172,0.60948043484452,0.28139729447379,338628.407993287,0.7803128473832691
2026-04-08T12:05:51.319,-98073.12273358567,-280186.19652840326,-162554.00497839725,0.39808535676088,0.61013344709265,0.28178531056023,338447.1105834511,0.7811131389089048
2026-04-08T12:09:51.319,-97977.54687317414,-280039.68605099554,-162486.32988924292,0.3983801384879,0.61078734583168,0.28217385364723,338265.6247029855,0.7819143177176608
2026-04-08T12:13:51.319,-97881.90027098403,-279893.0185313775,-162418.56148640206,0.39867487180775,0.61144213240344,0.2825629247909,338083.9501345443,0.7827163861548957
2026-04-08T12:17:51.319,-97786.1829384711,-279746.19375630707,-162350.69964301377,0.39896955806889,0.61209780816117,0.28295252505362,337902.0866603127,0.7835193465739141
2026-04-08T12:21:51.319,-97690.39488676828,-279599.21151221613,-162282.74423196132,0.39926419861331,0.61275437446951,0.28334265550405,337720.03406200506,0.78432320133599
2026-04-08T12:25:51.319,-97594.53612668718,-279452.0715852076,-162214.6951258708,0.3995587947766,0.61341183270449,0.28373331721712,337537.7921208623,0.7851279528103946
2026-04-08T12:29:51.319,-97498.60666871964,-279304.7737610529,-162146.5521971096,0.39985334788803,0.61407018425354,0.28412451127411,337355.3606176499,0.7859336033744799
2026-04-08T12:33:51.319,-97402.60652303923,-279157.3178251889,-162078.31531778473,0.40014785927059,0.61472943051549,0.28451623876258,337172.73933265544,0.786740155413679
2026-04-08T12:37:51.319,-97306.53569950271,-279009.7035627156,-162009.98435974153,0.40044233024108,0.61538957290061,0.28490850077644,336989.92804568616,0.787547611321614
2026-04-08T12:41:51.319,-97210.3942076516,-278861.9307583931,-161941.559194562,0.40073676211017,0.61605061283055,0.28530129841595,336806.92653606704,0.7883559735000846
2026-04-08T12:45:51.319,-97114.18205671356,-278713.99919663876,-161873.0396935633,0.40103115618244,0.61671255173839,0.28569463278773,336623.7345826381,0.7891652443591373
2026-04-08T12:49:51.319,-97017.89925560387,-278565.9086615249,-161804.42572779628,0.40132551375647,0.61737539106864,0.28608850500476,336440.35196375224,0.7899754263171161
2026-04-08T12:53:51.319,-96921.54581292688,-278417.6589367756,-161735.71716804386,0.4016198361249,0.61803913227725,0.28648291618642,336256.7784572728,0.7907865218007215
2026-04-08T12:57:51.319,-96825.12173697741,-278269.2498057642,-161666.91388481957,0.40191412457447,0.61870377683157,0.28687786745851,336073.01384057145,0.791598533245012
2026-04-08T13:01:51.319,-96728.62703574216,-278120.6810515105,-161598.015748366,0.40220838038612,0.61936932621044,0.28727335995322,335889.0578905256,0.7924114630935198
2026-04-08T13:05:51.319,-96632.06171690108,-277971.95245667803,-161529.02262865315,0.40250260483499,0.62003578190412,0.28766939480921,335704.9103835161,0.7932253137982314
2026-04-08T13:09:51.319,-96535.4257878288,-277823.0638035712,-161459.9343953771,0.40279679919055,0.62070314541435,0.28806597317154,335520.5710954249,0.7940400878196808
2026-04-08T13:13:51.319,-96438.71925559596,-277674.01487413276,-161390.7509179582,0.40309096471661,0.62137141825432,0.2884630961918,335336.0398016327,0.7948557876269833
2026-04-08T13:17:51.319,-96341.94212697052,-277524.8054499408,-161321.47206553977,0.40338510267139,0.62204060194871,0.288860765028,335151.31627701654,0.7956724156978692
2026-04-08T13:21:51.319,-96245.09440841916,-277375.43531220616,-161252.09770698633,0.4036792143076,0.62271069803368,0.28925898084469,334966.4002959474,0.796489974518765
2026-04-08T13:25:51.319,-96148.17610610856,-277225.9042417696,-161182.6277108822,0.40397330087245,0.62338170805691,0.28965774481292,334781.2916322878,0.7973084665848219
2026-04-08T13:29:51.319,-96051.18722590672,-277076.21201909904,-161113.0619455298,0.40426736360777,0.62405363357755,0.29005705811026,334595.99005938944,0.7981278943999506
2026-04-08T13:33:51.319,-95954.12777338426,-276926.35842428694,-161043.40027894822,0.40456140375002,0.62472647616629,0.29045692192086,334410.49535009085,0.798948260476908
2026-04-08T13:37:51.319,-95856.99775381565,-276776.34323704726,-160973.64257887148,0.40485542253034,0.62540023740535,0.2908573374354,334224.8072767147,0.799769567337304
2026-04-08T13:41:51.319,-95759.79717218055,-276626.1662367129,-160903.78871274713,0.40514942117466,0.62607491888849,0.29125830585117,334038.92561106564,0.8005918175116987
2026-04-08T13:45:51.319,-95662.52603316502,-276475.82720223285,-160833.83854773454,0.4054434009037,0.62675052222103,0.29165982837204,333852.8501244278,0.8014150135396142
2026-04-08T13:49:51.319,-95565.18434116275,-276325.32591216953,-160763.79195070334,0.40573736293303,0.62742704901986,0.29206190620852,333666.58058756223,0.8022391579696003
2026-04-08T13:53:51.319,-95467.7721002763,-276174.6621446958,-160693.64878823186,0.40603130847317,0.62810450091342,0.29246454057773,333480.1167707046,0.8030642533592649
2026-04-08T13:57:51.319,-95370.28931431832,-276023.8356775924,-160623.40892660554,0.40632523872959,0.62878287954179,0.29286773270347,333293.4584435627,0.8038903022753756
2026-04-08T14:01:51.319,-95272.73598681274,-275872.8462882449,-160553.07223181525,0.40661915490278,0.62946218655663,0.2932714838162,333106.6053753137,0.8047173072938474
2026-04-08T14:05:51.319,-95175.11212099598,-275721.6937536412,-160482.63856955583,0.40691305818833,0.63014242362125,0.29367579515308,332919.5573346023,0.8055452709998587
2026-04-08T14:09:51.319,-95077.41771981808,-275570.37785036874,-160412.10780522434,0.40720694977692,0.63082359241056,0.29408066795797,332732.3140895376,0.8063741959878138
2026-04-08T14:13:51.319,-94979.65278594392,-275418.8983546113,-160341.4798039185,0.40750083085446,0.63150569461118,0.29448610348149,332544.87540769076,0.8072040848615268
2026-04-08T14:17:51.319,-94881.81732175432,-275267.25504214666,-160270.75443043516,0.40779470260203,0.63218873192135,0.29489210298098,332357.2410560929,0.8080349402341135
2026-04-08T14:21:51.319,-94783.91132934722,-275115.4476883435,-160199.93154926845,0.40808856619604,0.63287270605103,0.29529866772057,332169.41080123186,0.8088667647281823
2026-04-08T14:25:51.319,-94685.93481053876,-274963.47606815887,-160129.01102460842,0.40838242280821,0.63355761872189,0.29570579897118,331981.38440905046,0.8096995609758222
2026-04-08T14:29:51.319,-94587.88776686444,-274811.3399561351,-160057.9927203392,0.40867627360564,0.63424347166731,0.29611349801052,331793.16164494347,0.8105333316186448
2026-04-08T14:33:51.319,-94489.77019958022,-274659.03912639705,-159986.87650003753,0.40897011975086,0.63493026663242,0.29652176612317,331604.74227375496,0.8113680793078766
2026-04-08T14:37:51.319,-94391.58210966356,-274506.57335264946,-159915.66222697095,0.40926396240188,0.63561800537411,0.29693060460053,331416.1260597763,0.81220380670438
2026-04-08T14:41:51.319,-94293.32349781456,-274353.9424081739,-159844.34976409626,0.40955780271222,0.63630668966105,0.2973400147409,331227.3127667431,0.8130405164787202
2026-04-08T14:45:51.319,-94194.99436445702,-274201.1460658261,-159772.93897405788,0.409851641831,0.63699632127372,0.29774999784947,331038.30215783283,0.8138782113112367
2026-04-08T14:49:51.319,-94096.59470973942,-274048.1840980331,-159701.42971918613,0.41014548090293,0.63768690200441,0.29816055523833,330849.0939956623,0.8147168938920483
2026-04-08T14:53:51.319,-93998.1245335361,-273895.0562767903,-159629.82186149555,0.41043932106842,0.63837843365727,0.29857168822654,330659.68804228475,0.8155565669211801
2026-04-08T14:57:51.319,-93899.5838354482,-273741.7623736586,-159558.11526268336,0.41073316346357,0.63907091804828,0.2989833981401,330470.08405918785,0.8163972331085306
2026-04-08T15:01:51.319,-93800.97261480466,-273588.30215976184,-159486.30978412766,0.41102700922023,0.63976435700535,0.29939568631201,330280.2818072905,0.8172388951740093
2026-04-08T15:05:51.319,-93702.29087066333,-273434.6754057836,-159414.40528688577,0.41132085946608,0.64045875236826,0.29980855408226,330090.2810469404,0.8180815558475318
2026-04-08T15:09:51.319,-93603.5386018119,-273280.8818819645,-159342.40163169257,0.41161471532464,0.64115410598874,0.30022200279789,329900.0815379116,0.8189252178691172
2026-04-08T15:13:51.319,-93504.71580676892,-273126.9213580993,-159270.29867895885,0.41190857791532,0.64185041973048,0.30063603381299,329709.6830394017,0.8197698839889276
2026-04-08T15:17:51.319,-93405.82248378474,-272972.79360353417,-159198.0962887695,0.41220244835346,0.64254769546912,0.30105064848872,329519.08531002916,0.8206155569672943
2026-04-08T15:21:51.319,-93306.85863084254,-272818.49838716345,-159125.79432088195,0.41249632775041,0.64324593509232,0.30146584819335,329328.28810783074,0.8214622395748344
2026-04-08T15:25:51.319,-93207.82424565924,-272664.0354774271,-159053.39263472435,0.41279021721351,0.64394514049977,0.30188163430227,329137.2911902587,0.8223099345924594
2026-04-08T15:29:51.319,-93108.71932568647,-272509.4046423079,-158980.89108939393,0.4130841178462,0.6446453136032,0.30229800819802,328946.09431417834,0.8231586448114553
2026-04-08T15:33:51.319,-93009.54386811152,-272354.60564932803,-158908.2895436552,0.41337803074802,0.64534645632643,0.30271497127032,328754.69723586505,0.8240083730335404
2026-04-08T15:37:51.319,-92910.29786985823,-272199.63826554676,-158835.58785593833,0.41367195701465,0.64604857060537,0.30313252491609,328563.0997110019,0.8248591220709002
2026-04-08T15:41:51.319,-92810.98132758794,-272044.5022575572,-158762.7858843373,0.41396589773799,0.64675165838806,0.30355067053947,328371.3014946767,0.8257108947462711
2026-04-08T15:45:51.319,-92711.5942377004,-271889.1973914834,-158689.88348660828,0.41425985400617,0.6474557216347,0.30396940955186,328179.30234137917,0.8265636938929932
2026-04-08T15:49:51.319,-92612.13659633463,-271733.7234329776,-158616.88052016782,0.41455382690357,0.64816076231769,0.30438874337193,327987.10200499854,0.8274175223550604
2026-04-08T15:53:51.319,-92512.60839936987,-271578.08014721726,-158543.7768420911,0.41484781751094,0.64886678242161,0.30480867342564,327794.7002388207,0.82827238298718
2026-04-08T15:57:51.319,-92413.0096424264,-271422.26729890186,-158470.57230911017,0.41514182690534,0.6495737839433,0.3052292011463,327602.09679552517,0.8291282786548344
2026-04-08T16:01:51.319,-92313.34032086645,-271266.28465225035,-158397.26677761227,0.41543585616027,0.65028176889188,0.30565032797456,327409.2914271828,0.8299852122343657
2026-04-08T16:05:51.319,-92213.60042979503,-271110.13197099796,-158323.86010363794,0.41572990634565,0.65099073928874,0.30607205535846,327216.2838852525,0.8308431866129825
2026-04-08T16:09:51.319,-92113.78996406078,-270953.8090183933,-158250.35214287933,0.41602397852788,0.65170069716762,0.30649438475345,327023.0739205788,0.831702204688868
2026-04-08T16:13:51.319,-92013.90891825686,-270797.31555719534,-158176.7427506784,0.41631807376987,0.65241164457461,0.30691731762241,326829.66128338897,0.8325622693712089
2026-04-08T16:17:51.319,-91913.95728672169,-270640.6513496706,-158103.03178202506,0.41661219313112,0.65312358356821,0.30734085543569,326636.0457232901,0.8334233835803049
2026-04-08T16:21:51.319,-91813.93506353989,-270483.81615759,-158029.2190915555,0.41690633766768,0.65383651621931,0.30776499967112,326442.2269892664,0.8342855502475434
2026-04-08T16:25:51.319,-91713.84224254296,-270326.8097422261,-157955.30453355034,0.41720050843226,0.65455044461128,0.30818975181406,326248.20482967625,0.8351487723155513
2026-04-08T16:29:51.319,-91613.6788173102,-270169.6318643497,-157881.28796193274,0.41749470647425,0.65526537083997,0.30861511335742,326053.97899224947,0.8360130527382195
2026-04-08T16:33:51.319,-91513.44478116943,-270012.2822842273,-157807.16923026674,0.41778893283972,0.65598129701373,0.30904108580168,325859.5492240843,0.8368783944807328
2026-04-08T16:37:51.319,-91413.14012719781,-269854.76076161786,-157732.94819175525,0.41808318857152,0.65669822525348,0.30946767065493,325664.9152716449,0.8377448005196975
2026-04-08T16:41:51.319,-91312.7648482226,-269697.06705576973,-157658.6246992384,0.41837747470924,0.65741615769274,0.30989486943291,325470.0768807579,0.8386122738431668
2026-04-08T16:45:51.319,-91212.31893682198,-269539.20092541777,-157584.1986051916,0.41867179228934,0.65813509647762,0.31032268365899,325275.0337966099,0.8394808174506979
2026-04-08T16:49:51.319,-91111.80238532567,-269381.16212878015,-157509.66976172375,0.41896614234508,0.6588550437669,0.31075111486427,325079.78576374456,0.8403504343534239
2026-04-08T16:53:51.319,-91011.21518581586,-269222.95042355557,-157435.03802057533,0.41926052590667,0.65957600173206,0.31118016458755,324884.3325260594,0.841221127574149
2026-04-08T16:57:51.319,-90910.55733012783,-269064.56556692,-157360.30323311657,0.41955494400119,0.66029797255728,0.31160983437541,324688.6738268033,0.8420929001473451
2026-04-08T17:01:51.319,-90809.82880985073,-268906.0073155236,-157285.46525034565,0.41984939765272,0.66102095843954,0.3120401257822,324492.809408573,0.8429657551192997
2026-04-08T17:05:51.319,-90709.02961632828,-268747.2754254877,-157210.52392288667,0.42014388788232,0.66174496158858,0.31247104037008,324296.73901331075,0.8438396955480957
2026-04-08T17:09:51.319,-90608.15974065951,-268588.36965240195,-157135.47910098796,0.42043841570809,0.66246998422702,0.31290257970908,324100.4623823008,0.8447147245037664
2026-04-08T17:13:51.319,-90507.21917369947,-268429.2897513208,-157060.33063452,0.42073298214519,0.66319602859031,0.3133347453771,323903.97925616684,0.8455908450682731
2026-04-08T17:17:51.319,-90406.20790605992,-268270.03547676076,-156985.07837297377,0.42102758820589,0.66392309692685,0.31376753895996,323707.2893748686,0.8464680603356503
2026-04-08T17:21:51.319,-90305.12592811,-268110.6065826972,-156909.72216545857,0.42132223489958,0.66465119149796,0.3142009620514,323510.39247769926,0.847346373411995
2026-04-08T17:25:51.319,-90203.97322997695,-267951.0028225611,-156834.2618607003,0.42161692323283,0.66538031457799,0.31463501625316,323313.28830328217,0.8482257874156204
2026-04-08T17:29:51.319,-90102.74980154677,-267791.2239492361,-156758.69730703946,0.4219116542094,0.66611046845428,0.315069703175,323115.9765895677,0.849106305477044
2026-04-08T17:33:51.319,-90001.45563246489,-267631.26971505536,-156683.02835242928,0.42220642883029,0.66684165542728,0.31550502443469,322918.45707383065,0.8499879307391113
2026-04-08T17:37:51.319,-89900.09071213682,-267471.1398717982,-156607.25484443372,0.42250124809376,0.66757387781052,0.31594098165811,322720.7294926666,0.8508706663570266
2026-04-08T17:41:51.319,-89798.65502972882,-267310.83417068736,-156531.37663022557,0.42279611299538,0.6683071379307,0.31637757647922,322522.7935819893,0.8517545154984447
2026-04-08T17:45:51.319,-89697.14857416855,-267150.35236238537,-156455.39355658452,0.42309102452805,0.66904143812772,0.31681481054015,322324.6490770274,0.8526394813435476
2026-04-08T17:49:51.319,-89595.57133414564,-266989.6941969917,-156379.3054698951,0.42338598368202,0.6697767807547,0.3172526854912,322126.29571232136,0.8535255670850754
2026-04-08T17:53:51.319,-89493.92329811245,-266828.85942403943,-156303.11221614486,0.42368099144495,0.67051316817807,0.31769120299087,321927.73322172015,0.8544127759284471
2026-04-08T17:57:51.319,-89392.20445428454,-266667.84779249213,-156226.81364092228,0.42397604880192,0.67125060277755,0.31813036470594,321728.9613383785,0.8553011110917877
2026-04-08T18:01:51.319,-89290.4147906414,-266506.65905074065,-156150.4095894148,0.42427115673546,0.67198908694626,0.31857017231144,321529.97979475337,0.8561905758060259
2026-04-08T18:05:51.319,-89188.55429492699,-266345.2929465999,-156073.8999064069,0.42456631622561,0.67272862309071,0.31901062749074,321330.7883226013,0.8570811733149568
2026-04-08T18:09:51.319,-89086.62295465037,-266183.7492273055,-155997.28443627805,0.4248615282499,0.67346921363088,0.31945173193555,321131.3866529744,0.8579729068753039
2026-04-08T18:13:51.319,-88984.62075708629,-266022.0276395108,-155920.56302300064,0.42515679378343,0.67421086100025,0.31989348734599,320931.77451621805,0.858865779756816
2026-04-08T18:17:51.319,-88882.54768927576,-265860.12792928336,-155843.73551013807,0.42545211379888,0.67495356764585,0.3203358954306,320731.95164196717,0.8597597952423226
2026-04-08T18:21:51.319,-88780.40373802664,-265698.0498421019,-155766.80174084267,0.42574748926653,0.6756973360283,0.32077895790638,320531.91775914305,0.860654956627799
2026-04-08T18:25:51.319,-88678.1888899142,-265535.7931228529,-155689.7615578537,0.4260429211543,0.67644216862187,0.32122267649884,320331.6725959504,0.8615512672224596
2026-04-08T18:29:51.319,-88575.90313128171,-265373.3575158275,-155612.6148034952,0.42633841042778,0.67718806791453,0.32166705294202,320131.21587987384,0.8624487303488275
2026-04-08T18:33:51.319,-88473.54644824094,-265210.74276471796,-155535.3613196741,0.42663395805028,0.67793503640796,0.32211208897855,319930.54733767454,0.8633473493427981
2026-04-08T18:37:51.319,-88371.11882667277,-265047.9486126145,-155458.00094787797,0.42692956498279,0.67868307661766,0.32255778635967,319729.66669538734,0.8642471275537208
2026-04-08T18:41:51.319,-88268.62025222769,-264884.9748020019,-155380.53352917312,0.42722523218411,0.67943219107294,0.32300414684526,319528.57367831696,0.8651480683444753
2026-04-08T18:45:51.319,-88166.05071032635,-264721.8210747564,-155302.95890420242,0.42752096061078,0.68018238231702,0.32345117220393,319327.2680110353,0.8660501750915574
2026-04-08T18:49:51.319,-88063.41018616012,-264558.4871721421,-155225.27691318322,0.42781675121719,0.68093365290705,0.32389886421299,319125.74941737746,0.8669534511851457
2026-04-08T18:53:51.319,-87960.69866469155,-264394.9728348077,-155147.48739590528,0.42811260495553,0.68168600541414,0.32434722465853,318924.0176204388,0.8678579000291393
2026-04-08T18:57:51.319,-87857.9161306549,-264231.2778027832,-155069.59019172864,0.42840852277591,0.68243944242349,0.32479625533545,318722.0723425716,0.8687635250413384
2026-04-08T19:01:51.319,-87755.0625685567,-264067.40181547636,-154991.58513958147,0.42870450562628,0.68319396653434,0.32524595804752,318519.91330538143,0.8696703296533964
2026-04-08T19:05:51.319,-87652.1379626762,-263903.34461166954,-154913.47207795802,0.42900055445256,0.68394958036011,0.32569633460738,318317.54022972396,0.8705783173110027
2026-04-08T19:09:51.319,-87549.14229706589,-263739.10592951614,-154835.25084491642,0.42929667019861,0.6847062865284,0.32614738683662,318114.9528357015,0.871487491473906
2026-04-08T19:13:51.319,-87446.07555555194,-263574.6855065372,-154756.92127807648,0.42959285380625,0.68546408768106,0.32659911656579,317912.15084265976,0.8723978556159916
2026-04-08T19:17:51.319,-87342.93772173476,-263410.08307961805,-154678.4832146177,0.42988910621532,0.68622298647425,0.32705152563446,317709.133969184,0.8733094132253889
2026-04-08T19:21:51.319,-87239.72877898943,-263245.29838500475,-154599.93649127692,0.43018542836371,0.68698298557849,0.32750461589128,317505.9019330958,0.8742221678045572
2026-04-08T19:25:51.319,-87136.44871046617,-263080.33115830075,-154521.28094434625,0.43048182118733,0.68774408767871,0.32795838919396,317302.45445145,0.8751361228703101
2026-04-08T19:29:51.319,-87033.09749909077,-262915.1811344634,-154442.51640967082,0.4307782856202,0.68850629547431,0.3284128474094,317098.79124053026,0.8760512819539655
2026-04-08T19:33:51.319,-86929.67512756515,-262749.8480478004,-154363.64272264665,0.43107482259446,0.68926961167921,0.32886799241366,316894.9120158466,0.8769676486013867
2026-04-08T19:37:51.319,-86826.18157836769,-262584.3316319664,-154284.65971821835,0.43137143304036,0.69003403902193,0.32932382609202,316690.81649213104,0.8778852263730715
2026-04-08T19:41:51.319,-86722.61683375375,-262418.63161995943,-154205.567230877,0.43166811788633,0.69079958024563,0.32978035033906,316486.5043833347,0.8788040188442576
2026-04-08T19:45:51.319,-86618.9808757561,-262252.7477441174,-154126.3650946578,0.43196487805899,0.69156623810814,0.33023756705866,316281.97540262394,0.8797240296049583
2026-04-08T19:49:51.319,-86515.2736861853,-262086.67973611463,-154047.053143138,0.43226171448316,0.69233401538209,0.33069547816407,316077.2292623767,0.8806452622601066
2026-04-08T19:53:51.319,-86411.4952466302,-261920.42732695813,-153967.63120943442,0.43255862808191,0.69310291485489,0.33115408557794,315872.265674179,0.8815677204295825
2026-04-08T19:57:51.319,-86307.64553845831,-261753.99024698423,-153888.09912620136,0.43285561977658,0.69387293932886,0.33161339123239,315667.0843488216,0.8824914077483617
2026-04-08T20:01:51.319,-86203.7245428162,-261587.36822585485,-153808.45672562832,0.43315269048678,0.69464409162123,0.33207339706902,315461.68499629584,0.883416327866527
2026-04-08T20:05:51.319,-86099.73224062996,-261420.56099255403,-153728.7038394376,0.43344984113045,0.69541637456424,0.33253410503897,315256.06732579053,0.8843424844494087
2026-04-08T20:09:51.319,-85995.6686126056,-261253.56827538423,-153648.8402988821,0.43374707262385,0.6961897910052,0.332995517103,315050.23104568786,0.8852698811776654
2026-04-08T20:13:51.319,-85891.53363922937,-261086.38980196274,-153568.86593474302,0.43404438588162,0.69696434380653,0.33345763523147,314844.1758635601,0.8861985217473475
2026-04-08T20:17:51.319,-85787.32730076823,-260919.02529921808,-153488.78057732747,0.43434178181677,0.69774003584583,0.33392046140446,314637.9014861657,0.8871284098699997
2026-04-08T20:21:51.319,-85683.04957727021,-260751.4744933863,-153408.58405646618,0.43463926134073,0.69851687001597,0.33438399761174,314431.40761944547,0.8880595492727562
2026-04-08T20:25:51.319,-85578.70044856478,-260583.73711000735,-153328.27620151115,0.43493682536337,0.69929484922511,0.33484824585291,314224.6939685191,0.8889919436984267
2026-04-08T20:29:51.319,-85474.27989426322,-260415.8128739213,-153247.85684133336,0.435234474793,0.70007397639681,0.33531320813736,314017.7602376812,0.8899255969055775
2026-04-08T20:33:51.319,-85369.78789375903,-260247.7015092648,-153167.32580432025,0.43553221053641,0.70085425447005,0.33577888648436,313810.60613039765,0.8908605126686097
2026-04-08T20:37:51.319,-85265.22442622822,-260079.40273946722,-153086.68291837355,0.43583003349892,0.70163568639934,0.33624528292314,313603.23134930176,0.8917966947779102
2026-04-08T20:41:51.319,-85160.58947062971,-259910.91628724703,-153005.9280109067,0.43612794458434,0.70241827515475,0.33671239949287,313395.63559619046,0.8927341470398571
2026-04-08T20:45:51.319,-85055.8830057057,-259742.241874608,-152925.0609088426,0.43642594469505,0.70320202372201,0.33718023824275,313187.8185720206,0.893672873276981
2026-04-08T20:49:51.319,-84951.10500998198,-259573.37922283544,-152844.08143861106,0.43672403473201,0.70398693510253,0.33764880123207,312979.77997690474,0.894612877328017
2026-04-08T20:53:51.319,-84846.25546176828,-259404.3280524924,-152762.98942614652,0.43702221559476,0.70477301231353,0.33811809053024,312771.5195101077,0.8955541630480289
2026-04-08T20:57:51.319,-84741.33433915858,-259235.0880834159,-152681.7846968855,0.43732048818145,0.70556025838806,0.33858810821685,312563.03687004256,0.8964967343084709
2026-04-08T21:01:51.319,-84636.34162003151,-259065.65903471317,-152600.4670757642,0.43761885338889,0.70634867637511,0.33905885638172,312354.33175426646,0.8974405949973271
2026-04-08T21:05:51.319,-84531.2772820506,-258896.0406247577,-152519.03638721604,0.43791731211254,0.70713826933962,0.33953033712495,312145.4038594771,0.8983857490191431
2026-04-08T21:09:51.319,-84426.14130266466,-258726.2325711855,-152437.49245516915,0.43821586524654,0.70792904036263,0.34000255255696,311936.2528815085,0.8993322002951837
2026-04-08T21:13:51.319,-84320.933659108,-258556.23459089122,-152355.83510304397,0.43851451368375,0.70872099254127,0.34047550479858,311726.87851532723,0.900279952763487
2026-04-08T21:17:51.319,-84215.65432840087,-258386.0464000242,-152274.0641537506,0.43881325831575,0.70951412898892,0.34094919598107,311517.28045502823,0.9012290103790096
2026-04-08T21:21:51.319,-84110.30328734963,-258215.66771398467,-152192.17942968645,0.43911210003285,0.71030845283519,0.34142362824619,311307.4583938309,0.90217937711365
2026-04-08T21:25:51.319,-84004.88051254716,-258045.09824741978,-152110.18075273366,0.43941103972415,0.71110396722607,0.34189880374623,311097.4120240751,0.9031310569564184
2026-04-08T21:29:51.319,-83899.38598037307,-257874.33771421964,-152028.06794425647,0.43971007827753,0.71190067532396,0.34237472464411,310887.14103721705,0.904084053913502
2026-04-08T21:33:51.319,-83793.81966699404,-257703.38582751344,-151945.8408250988,0.4400092165797,0.71269858030777,0.34285139311338,310676.64512382523,0.9050383720083793
2026-04-08T21:37:51.319,-83688.18154836407,-257532.24229966543,-151863.49921558163,0.44030845551619,0.71349768537296,0.34332881133833,310465.92397357634,0.9059940152818973
2026-04-08T21:41:51.319,-83582.47160022477,-257360.90684227098,-151781.0429355004,0.44060779597137,0.71429799373168,0.34380698151399,310254.9772752513,0.9069509877924014
2026-04-08T21:45:51.319,-83476.68979810565,-257189.3791661525,-151698.4718041224,0.4409072388285,0.71509950861277,0.34428590584624,310043.80471673066,0.9079092936158123
2026-04-08T21:49:51.319,-83370.83611732436,-257017.65898135546,-151615.78564018436,0.44120678496975,0.7159022332619,0.34476558655184,309832.4059849912,0.9088689368457661
2026-04-08T21:53:51.319,-83264.91053298696,-256845.74599714437,-151532.9842618895,0.44150643527616,0.71670617094162,0.34524602585847,309620.78076610103,0.9098299215936615
2026-04-08T21:57:51.319,-83158.91301998819,-256673.63992199872,-151450.06748690517,0.44180619062774,0.71751132493142,0.34572722600482,309408.92874521564,0.9107922519887972
2026-04-08T22:01:51.319,-83052.84355301171,-256501.34046360882,-151367.03513236006,0.44210605190346,0.71831769852787,0.34620918924066,309196.849606574,0.9117559321785167
2026-04-08T22:05:51.319,-82946.70210653037,-256328.84732887178,-151283.88701484166,0.44240601998124,0.71912529504463,0.34669191782682,308984.54303349374,0.9127209663282125
2026-04-08T22:09:51.319,-82840.48865480641,-256156.16022388736,-151200.62295039344,0.442706095738,0.7199341178126,0.34717541403536,308772.00870836724,0.9136873586215437
2026-04-08T22:13:51.319,-82734.20317189174,-255983.27885395385,-151117.24275451226,0.4430062800497,0.72074417017992,0.34765968014955,308559.2463126574,0.9146551132604585
2026-04-08T22:17:51.319,-82627.84563162817,-255810.20292356386,-151033.74624214566,0.44330657379129,0.72155545551214,0.34814471846393,308346.2555268929,0.9156242344653365
2026-04-08T22:21:51.319,-82521.41600764761,-255636.93213640022,-150950.1332276891,0.44360697783682,0.72236797719225,0.34863053128443,308133.0360306646,0.9165947264751221
2026-04-08T22:25:51.319,-82414.91427337233,-255463.46619533174,-150866.40352498327,0.44390749305938,0.72318173862076,0.34911712092839,307919.58750262024,0.9175665935473767
2026-04-08T22:29:51.319,-82308.34040201516,-255289.80480240897,-150782.5569473113,0.44420812033116,0.72399674321583,0.34960448972461,307705.9096204609,0.9185398399584395
2026-04-08T22:33:51.319,-82201.69436657973,-255115.94765885998,-150698.59330739608,0.44450886052347,0.72481299441331,0.35009264001343,307492.00206093607,0.9195144700035099
2026-04-08T22:37:51.319,-82094.97613986062,-254941.89446508614,-150614.51241739735,0.44480971450674,0.72563049566684,0.35058157414682,307277.86449983955,0.9204904879967711
2026-04-08T22:41:51.319,-81988.18569444364,-254767.64492065774,-150530.31408890898,0.44511068315055,0.72644925044795,0.35107129448838,307063.4966120045,0.921467898271494
2026-04-08T22:45:51.319,-81881.323002706,-254593.1987243098,-150445.99813295627,0.44541176732365,0.72726926224614,0.35156180341345,306848.89807129966,0.9224467051801634
2026-04-08T22:49:51.319,-81774.38803681651,-254418.55557393766,-150361.56435999292,0.44571296789397,0.72809053456896,0.35205310330918,306634.06855062424,0.9234269130945824
2026-04-08T22:53:51.319,-81667.38076873575,-254243.7151665927,-150277.01257989832,0.44601428572865,0.7289130709421,0.35254519657456,306419.00772190373,0.9244085264059803
2026-04-08T22:57:51.319,-81560.30117021629,-254068.67719847796,-150192.3426019747,0.44631572169405,0.7297368749095,0.3530380856205,306203.71525608527,0.9253915495251464
2026-04-08T23:01:51.319,-81453.14921280289,-253893.4413649437,-150107.55423494423,0.44661727665576,0.73056195003343,0.3535317728699,305988.19082313287,0.9263759868825348
2026-04-08T23:05:51.319,-81345.92486783263,-253718.007360483,-150022.6472869461,0.44691895147866,0.73138829989456,0.35402626075773,305772.4340920231,0.92736184292839
2026-04-08T23:09:51.319,-81238.6281064351,-253542.37487872742,-149937.62156553371,0.44722074702687,0.7322159280921,0.35452155173106,305556.4447307404,0.9283491221328567
2026-04-08T23:13:51.319,-81131.25889953262,-253366.5436124425,-149852.47687767167,0.44752266416382,0.73304483824383,0.35501764824917,305340.2224062723,0.9293378289860892
2026-04-08T23:17:51.319,-81023.81721784035,-253190.51325352318,-149767.21302973287,0.44782470375225,0.73387503398626,0.35551455278357,305123.76678460476,0.930327967998397
2026-04-08T23:21:51.319,-80916.30303186645,-253014.28349298946,-149681.8298274956,0.44812686665423,0.73470651897467,0.35601226781812,304907.0775307176,0.9313195437003435
2026-04-08T23:25:51.319,-80808.71631191231,-252837.8540209818,-149596.3270761405,0.44842915373118,0.73553929688326,0.35651079584906,304690.1543085796,0.9323125606428956
2026-04-08T23:29:51.319,-80701.05702807262,-252661.2245267565,-149510.70458024766,0.44873156584387,0.73637337140519,0.35701013938509,304472.99678114377,0.9333070233974985
2026-04-08T23:33:51.319,-80593.32515023557,-252484.3946986813,-149424.9621437936,0.44903410385248,0.7372087462527,0.35751030094746,304255.60461034277,0.9343029365562441
2026-04-08T23:37:51.319,-80485.52064808298,-252307.3642242307,-149339.0995701481,0.44933676861656,0.73804542515725,0.35801128307,304037.9774570838,0.9353003047319859
2026-04-08T23:41:51.319,-80377.64349109046,-252130.13278998126,-149253.11666207146,0.44963956099508,0.73888341186953,0.35851308829925,303820.114981244,0.9362991325584317
2026-04-08T23:45:51.319,-80269.69364852752,-251952.70008160715,-149167.0132217112,0.44994248184646,0.73972271015964,0.35901571919445,303602.01684166543,0.9372994246903084
2026-04-08T23:49:51.319,-80161.67108945771,-251775.0657838753,-149080.78905059912,0.45024553202856,0.74056332381718,0.35951917832771,303383.6826961502,0.9383011858035043
2026-04-08T23:53:51.319,-80053.57578273877,-251597.22958064082,-148994.44394964812,0.45054871239868,0.74140525665128,0.36002346828399,303165.1122014557,0.9393044205950977
2026-04-08T23:57:51.319,-79945.40769702275,-251419.1911548423,-148907.97771914917,0.45085202381365,0.74224851249081,0.36052859166124,302946.3050132893,0.9403091337836305
2026-04-09T00:01:51.319,-79837.16680075612,-251240.95018849696,-148821.39015876822,0.45115546712977,0.74309309518439,0.36103455107043,302727.26078630396,0.9413153301091111
2026-04-09T00:05:51.319,-79728.8530621799,-251062.50636269603,-148734.68106754293,0.45145904320284,0.74393900860056,0.36154134913568,302507.97917409247,0.9423230143332251
2026-04-09T00:09:51.319,-79620.46644932976,-250883.85935759987,-148647.85024387966,0.45176275288824,0.74478625662785,0.36204898849426,302288.4598291831,0.94333219123944
2026-04-09T00:13:51.319,-79512.00693003616,-250705.00885243315,-148560.8974855502,0.45206659704084,0.74563484317488,0.36255747179673,302068.70240303426,0.9443428656331078
2026-04-09T00:17:51.319,-79403.47447192442,-250525.9545254801,-148473.82258968864,0.45237057651513,0.74648477217051,0.36306680170698,301848.70654602913,0.9453550423416722
2026-04-09T00:21:51.319,-79294.86904241484,-250346.69605407954,-148386.62535278808,0.45267469216513,0.74733604756388,0.36357698090233,301628.4719074711,0.9463687262147087
2026-04-09T00:25:51.319,-79186.1906087228,-250167.2331146201,-148299.30557069747,0.45297894484449,0.7481886733246,0.36408801207359,301407.99813557824,0.9473839221241572
2026-04-09T00:29:51.319,-79077.43913785886,-249987.5653825352,-148211.86303861835,0.45328333540645,0.74904265344279,0.36459989792515,301187.28487747826,0.9484006349643813
2026-04-09T00:33:51.319,-78968.61459662886,-249807.69253229816,-148124.29755110157,0.45358786470388,0.74989799192923,0.36511264117504,300966.33177920314,0.9494188696523419
2026-04-09T00:37:51.319,-78859.71695163396,-249627.61423741723,-148036.60890204395,0.45389253358932,0.75075469281546,0.36562624455506,300745.1384856842,0.9504386311277568
2026-04-09T00:41:51.319,-78750.74616927077,-249447.33017043062,-147948.7968846851,0.45419734291492,0.75161276015387,0.36614071081079,300523.70464074635,0.9514599243531611
2026-04-09T00:45:51.319,-78641.70221573143,-249266.8400029014,-147860.861291604,0.45450229353254,0.75247219801787,0.36665604270172,300302.0298871035,0.95248275431415
2026-04-09T00:49:51.319,-78532.58505700367,-249086.1434054125,-147772.80191471564,0.45480738629372,0.75333301050194,0.36717224300132,300080.1138663524,0.9535071260194449
2026-04-09T00:53:51.319,-78423.39465887086,-248905.24004756165,-147684.61854526773,0.45511262204969,0.7541952017218,0.3676893144971,299857.956218968,0.954533044501068
2026-04-09T00:57:51.319,-78314.13098691215,-248724.12959795626,-147596.31097383724,0.45541800165142,0.75505877581448,0.36820725999074,299635.5565842976,0.9555605148144843
2026-04-09T01:01:51.319,-78204.79400650246,-248542.81172420824,-147507.8789903271,0.45572352594959,0.75592373693847,0.36872608229814,299412.9146005558,0.9565895420387381
2026-04-09T01:05:51.319,-78095.3836828126,-248361.28609292893,-147419.32238396266,0.45602919579464,0.75679008927383,0.36924578424949,299190.0299048184,0.9576201312766032
2026-04-09T01:09:51.319,-77985.89998080926,-248179.55236972382,-147330.6409432883,0.45633501203678,0.75765783702229,0.36976636868941,298966.9021330178,0.9586522876547344
2026-04-09T01:13:51.319,-77876.34286525517,-247997.61021918737,-147241.83445616398,0.45664097552599,0.75852698440741,0.37028783847697,298743.5309199367,0.9596860163238149
2026-04-09T01:17:51.319,-77766.71230070904,-247815.45930489775,-147152.9027097617,0.45694708711204,0.75939753567465,0.37081019648582,298519.91589920304,0.9607213224586836
2026-04-09T01:21:51.319,-77657.00825152568,-247633.09928941162,-147063.84549056206,0.45725334764451,0.76026949509154,0.37133344560427,298296.0567032844,0.9617582112585239
2026-04-09T01:25:51.319,-77547.23068185602,-247450.52983425872,-146974.66258435068,0.4575597579728,0.76114286694778,0.37185758873537,298071.9529634818,0.9627966879469917
2026-04-09T01:29:51.319,-77437.37955564713,-247267.75059993664,-146885.35377621467,0.45786631894615,0.76201765555536,0.372382628797,297847.6043099248,0.9638367577723673
2026-04-09T01:33:51.319,-77327.45483664233,-247084.76124590536,-146795.91885053908,0.45817303141363,0.7628938652487,0.37290856872197,297623.01037156564,0.9648784260077147
2026-04-09T01:37:51.319,-77217.45648838114,-246901.5614305819,-146706.35759100327,0.45847989622421,0.76377150038476,0.37343541145807,297398.170776173,0.9659216979510337
2026-04-09T01:41:51.319,-77107.38447419935,-246718.15081133493,-146616.66978057733,0.4587869142267,0.7646505653432,0.37396315996822,297173.08515032695,0.9669665789254297
2026-04-09T01:45:51.319,-76997.23875722906,-246534.52904447925,-146526.8552015184,0.45909408626983,0.76553106452645,0.37449181723054,296947.7531194127,0.9680130742792487
2026-04-09T01:49:51.319,-76887.0193003987,-246350.69578527028,-146436.91363536706,0.45940141320221,0.7664130023599,0.37502138623842,296722.1743076149,0.9690611893862482
2026-04-09T01:53:51.319,-76776.72606643298,-246166.65068789865,-146346.84486294366,0.4597088958724,0.767296383292,0.37555187000061,296496.3483379121,0.9701109296457596
2026-04-09T01:57:51.319,-76666.35901785304,-245982.39340548456,-146256.64866434454,0.46001653512886,0.7681812117944,0.37608327154137,296270.2748320702,0.9711623004828464
2026-04-09T02:01:51.319,-76555.91811697636,-245797.9235900722,-146166.3248189384,0.46032433182001,0.76906749236208,0.37661559390049,296043.9534106373,0.9722153073484574
2026-04-09T02:05:51.319,-76445.40332591679,-245613.24089262413,-146075.87310536244,0.46063228679423,0.76995522951347,0.37714884013346,295817.3836929369,0.973269955719602
2026-04-09T02:09:51.319,-76334.81460658461,-245428.34496301573,-145985.29330151874,0.46094040089989,0.77084442779063,0.3776830133115,295590.5652970628,0.9743262510995327
2026-04-09T02:13:51.319,-76224.15192068646,-245243.23545002937,-145894.58518457037,0.46124867498531,0.77173509175932,0.37821811652169,295363.4978398724,0.9753841990178459
2026-04-09T02:17:51.319,-76113.4152297254,-245057.91200134883,-145803.74853093756,0.46155710989884,0.7726272260092,0.37875415286706,295136.1809369809,0.9764438050307276
2026-04-09T02:21:51.319,-76002.6044950009,-244872.37426355344,-145712.7831162939,0.46186570648882,0.77352083515394,0.3792911254667,294908.61420275504,0.9775050747210787
2026-04-09T02:25:51.319,-75891.71967760878,-244686.6218821124,-145621.68871556243,0.46217446560364,0.77441592383136,0.37982903745585,294680.7972503074,0.9785680136987038
2026-04-09T02:29:51.319,-75780.76073844128,-244500.6545013789,-145530.46510291184,0.46248338809172,0.77531249670355,0.38036789198599,294452.7296914895,0.9796326276004461
2026-04-09T02:33:51.319,-75669.72763818702,-244314.47176458425,-145439.11205175248,0.4627924748015,0.77621055845707,0.38090769222495,294224.4111368862,0.9806989220903992
2026-04-09T02:37:51.319,-75558.62033733094,-244128.07331383214,-145347.62933473245,0.46310172658153,0.77711011380304,0.38144844135704,293995.84119580925,0.9817669028600847
2026-04-09T02:41:51.319,-75447.43879615437,-243941.45879009258,-145256.01672373363,0.46341114428042,0.77801116747732,0.38199014258308,293767.0194762909,0.9828365756285999
2026-04-09T02:45:51.319,-75336.18297473494,-243754.627833196,-145164.2739898677,0.46372072874685,0.7789137242406,0.38253279912059,293537.9455850777,0.9839079461427807
2026-04-09T02:49:51.319,-75224.85283294658,-243567.58008182718,-145072.40090347215,0.46403048082963,0.77981778887864,0.38307641420383,293308.61912762385,0.9849810201774515
2026-04-09T02:53:51.319,-75113.44833045949,-243380.31517351946,-144980.39723410617,0.46434040137767,0.78072336620231,0.38362099108394,293079.03970808536,0.986055803535513
2026-04-09T02:57:51.319,-75001.96942674015,-243192.8327446484,-144888.2627505467,0.46465049124,0.78163046104785,0.38416653302904,292849.20692931314,0.9871323020482109
2026-04-09T03:01:51.319,-74890.41608105121,-243005.13243042587,-144795.99722078428,0.4649607512658,0.78253907827691,0.3847130433243,292619.1203928464,0.9882105215752248
2026-04-09T03:05:51.319,-74778.78825245154,-242817.21386489389,-144703.6004120189,0.46527118230439,0.7834492227768,0.38526052527211,292388.77969890676,0.9892904680049429
2026-04-09T03:09:51.319,-74667.08589979613,-242629.07668091837,-144611.0720906559,0.46558178520527,0.78436089946058,0.38580898219216,292158.18444639095,0.9903721472545998
2026-04-09T03:13:51.319,-74555.30898173606,-242440.72051018305,-144518.41202230193,0.4658925608181,0.78527411326723,0.38635841742152,291927.3342328646,0.9914555652704475
2026-04-09T03:17:51.319,-74443.45745671849,-242252.14498318313,-144425.6199717605,0.46620350999273,0.78618886916182,0.38690883431481,291696.2286545557,0.9925407280279877
2026-04-09T03:21:51.319,-74331.5312829866,-242063.3497292191,-144332.69570302797,0.4665146335792,0.78710517213566,0.38746023624426,291464.86730634747,0.9936276415321285
2026-04-09T03:25:51.319,-74219.53041857951,-241874.33437639032,-144239.63897928922,0.46682593242777,0.78802302720645,0.38801262659984,291233.249781772,0.9947163118173851
2026-04-09T03:29:51.319,-74107.45482133227,-241685.09855158877,-144146.4495629134,0.46713740738892,0.78894243941846,0.38856600878938,291001.3756730035,0.9958067449480852
2026-04-09T03:33:51.319,-73995.30444887577,-241495.64188049256,-144053.12721544958,0.46744905931336,0.78986341384265,0.3891203862387,290769.2445708511,0.9968989470185359
2026-04-09T03:37:51.319,-73883.07925863672,-241305.96398755957,-143959.67169762257,0.46776088905205,0.79078595557689,0.38967576239168,290536.85606475244,0.9979929241532509
2026-04-09T03:41:51.319,-73770.77920783755,-241116.06449602093,-143866.08276932838,0.46807289745619,0.79171006974608,0.3902321407104,290304.20974276634,0.9990886825071122
2026-04-09T03:45:51.319,-73658.4042534964,-240925.94302787457,-143772.36018962995,0.46838508537727,0.79263576150233,0.39078952467527,290071.3051915664,1.0001862282656038
2026-04-09T03:49:51.319,-73545.95435242697,-240735.59920387858,-143678.50371675272,0.46869745366703,0.79356303602514,0.39134791778514,289838.1419964333,1.001285567644995
2026-04-09T03:53:51.319,-73433.42946123856,-240545.0326435447,-143584.51310808017,0.46901000317752,0.79449189852153,0.39190732355741,289604.7197412485,1.002386706892532
2026-04-09T03:57:51.319,-73320.8295363359,-240354.24296513165,-143490.38812014935,0.46932273476109,0.79542235422626,0.39246774552815,289371.03800848674,1.0034896522866705
2026-04-09T04:01:51.319,-73208.15453391917,-240163.22978563848,-143396.12850864645,0.46963564927039,0.79635440840196,0.39302918725223,289137.0963792087,1.004594410137248
2026-04-09T04:05:51.319,-73095.40440998382,-239971.99272079786,-143301.73402840216,0.4699487475584,0.79728806633932,0.39359165230345,288902.89443305455,1.005700986785715
2026-04-09T04:09:51.319,-72982.57912032057,-239780.53138506925,-143207.20443338723,0.47026203047841,0.79822333335729,0.39415514427465,288668.431748236,1.006809388605346
2026-04-09T04:13:51.319,-72869.67862051532,-239588.8453916322,-143112.5394767078,0.47057549888409,0.79916021480318,0.39471966677782,288433.70790152956,1.0079196220014115
2026-04-09T04:17:51.319,-72756.70286594903,-239396.9343523795,-143017.73891060086,0.47088915362943,0.80009871605292,0.39528522344426,288198.7224682689,1.0090316934114363
2026-04-09T04:21:51.319,-72643.65181179767,-239204.7978779102,-142922.80248642951,0.47120299556881,0.80103884251119,0.39585181792468,287963.47502233775,1.0101456093053918
2026-04-09T04:25:51.319,-72530.5254130321,-239012.43557752282,-142827.72995467833,0.47151702555696,0.80198059961163,0.39641945388935,287727.96513616206,1.011261376185921
2026-04-09T04:29:51.319,-72417.32362441802,-238819.8470592083,-142732.52106494873,0.471831244449,0.80292399281699,0.3969881350282,287492.19238070335,1.0123790005885336
2026-04-09T04:33:51.319,-72304.04640051583,-238627.03192964298,-142637.17556595412,0.47214565310046,0.80386902761933,0.39755786505097,287256.1563254504,1.0134984890818497
2026-04-09T04:37:51.319,-72190.69369568057,-238433.9897941816,-142541.6932055152,0.47246025236727,0.8048157095402,0.39812864768734,287019.85653841216,1.0146198482678082
2026-04-09T04:41:51.319,-72077.26546406181,-238240.72025685018,-142446.0737305552,0.47277504310575,0.80576404413085,0.39870048668704,286783.29258610995,1.0157430847818893
2026-04-09T04:45:51.319,-71963.76165960354,-238047.2229203388,-142350.31688709484,0.47309002617267,0.80671403697238,0.39927338582003,286546.46403356997,1.016868205293352
2026-04-09T04:49:51.319,-71850.18223604407,-237853.49738599453,-142254.42242024775,0.47340520242523,0.80766569367595,0.39984734887658,286309.3704443156,1.0179952165054391
2026-04-09T04:53:51.319,-71736.52714691596,-237659.54325381413,-142158.3900742154,0.47372057272106,0.80861901988296,0.40042237966744,286072.01138035953,1.019124125155608
2026-04-09T04:57:51.319,-71622.79634554585,-237465.36012243677,-142062.21959228217,0.47403613791825,0.80957402126528,0.40099848202397,285834.3864021961,1.0202549380157953
2026-04-09T05:01:51.319,-71508.98978505441,-237270.94758913666,-141965.9107168105,0.47435189887537,0.81053070352539,0.40157565979827,285596.49506879324,1.021387661892608
2026-04-09T05:05:51.319,-71395.10741835616,-237076.30524981578,-141869.46318923577,0.47466785645144,0.81148907239661,0.40215391686331,285358.33693758515,1.0225223036275626
2026-04-09T05:09:51.319,-71281.14919815943,-236881.43269899633,-141772.87675006138,0.47498401150597,0.81244913364329,0.4027332571131,285119.9115644635,1.0236588700973397
2026-04-09T05:13:51.319,-71167.11507696622,-236686.32952981337,-141676.15113885354,0.47530036489895,0.81341089306101,0.40331368446282,284881.2185037702,1.0247973682140092
2026-04-09T05:17:51.319,-71053.00500707203,-236490.99533400728,-141579.28609423636,0.47561691749088,0.81437435647678,0.40389520284894,284642.2573082888,1.0259378049252705
2026-04-09T05:21:51.319,-70938.8189405658,-236295.4297019161,-141482.28135388656,0.47593367014277,0.81533952974924,0.40447781622939,284403.02752923686,1.027080187214696
2026-04-09T05:25:51.319,-70824.55682932978,-236099.63222246798,-141385.1366545284,0.47625062371615,0.81630641876888,0.40506152858369,284163.5287162575,1.028224522101983
2026-04-09T05:29:51.319,-70710.21862503937,-235903.60248317354,-141287.85173192844,0.47656777907306,0.81727502945822,0.40564634391311,283923.76041741105,1.0293708166431748
2026-04-09T05:33:51.319,-70595.80427916303,-235707.34007011814,-141190.4263208903,0.47688513707608,0.81824536777205,0.4062322662408,283683.72217916726,1.0305190779309354
2026-04-09T05:37:51.319,-70481.31374296211,-235510.8445679541,-141092.86015524945,0.47720269858836,0.81921743969761,0.40681929961195,283443.4135463967,1.031669313094791
2026-04-09T05:41:51.319,-70366.74696749078,-235314.11555989285,-140995.15296786776,0.47752046447357,0.82019125125482,0.40740744809395,283202.83406236226,1.0328215293013725
2026-04-09T05:45:51.319,-70252.10390359582,-235117.15262769713,-140897.30449062836,0.47783843559595,0.82116680849649,0.40799671577652,282961.983268711,1.0339757337546769
2026-04-09T05:49:51.319,-70137.38450191656,-234919.955351673,-140799.31445443007,0.47815661282031,0.82214411750854,0.40858710677187,282720.8607054654,1.0351319336963263
2026-04-09T05:53:51.319,-70022.58871288468,-234722.52331066196,-140701.1825891821,0.47847499701203,0.82312318441022,0.40917862521485,282479.4659110152,1.0362901364058223
2026-04-09T05:57:51.319,-69907.71648672412,-234524.8560820328,-140602.90862379858,0.4787935890371,0.82410401535429,0.40977127526313,282237.79842210835,1.0374503492008007
2026-04-09T06:01:51.319,-69792.76777345089,-234326.95324167368,-140504.49228619298,0.47911238976207,0.82508661652731,0.41036506109734,281995.8577738425,1.0386125794373133
2026-04-09T06:05:51.319,-69677.74252287297,-234128.81436398384,-140405.93330327273,0.47943140005411,0.8260709941498,0.41095998692119,281753.6434996567,1.0397768345100538
2026-04-09T06:09:51.319,-69562.64068459014,-233930.43902186552,-140307.23140093352,0.479750620781,0.82705715447652,0.41155605696171,281511.155131322,1.0409431218526897
2026-04-09T06:13:51.319,-69447.46220799383,-233731.8267867157,-140208.3863040538,0.48007005281113,0.82804510379664,0.41215327546935,281268.392198933,1.0421114489380603
2026-04-09T06:17:51.319,-69332.20704226701,-233532.97722841785,-140109.39773648902,0.4803896970135,0.82903484843403,0.41275164671815,281025.35423089884,1.0432818232784955
2026-04-09T06:21:51.319,-69216.875136384,-233333.8899153334,-140010.26542106603,0.48070955425778,0.83002639474743,0.41335117500592,280782.04075393436,1.0444542524260718
2026-04-09T06:25:51.319,-69101.4664391103,-233134.56441429356,-139910.98907957738,0.48102962541424,0.83101974913073,0.41395186465441,280538.4512930509,1.0456287439728924
2026-04-09T06:29:51.319,-68985.9808990025,-232935.0002905908,-139811.56843277547,0.48134991135381,0.83201491801319,0.41455372000945,280294.5853715475,1.0468053055513664
2026-04-09T06:33:51.319,-68870.4184644081,-232735.19710797022,-139712.0032003668,0.48167041294809,0.83301190785968,0.41515674544113,280050.4425110015,1.0479839448344992
2026-04-09T06:37:51.319,-68754.77908346527,-232535.15442862108,-139612.2931010061,0.4819911310693,0.8340107251709,0.41576094534399,279806.0222312594,1.0491646695361418
2026-04-09T06:41:51.319,-68639.06270410283,-232334.87181316817,-139512.43785229052,0.48231206659037,0.83501137648364,0.41636632413716,279561.3240504277,1.0503474874113172
2026-04-09T06:45:51.319,-68523.26927404001,-232134.34882066306,-139412.4371707536,0.48263322038488,0.83601386837105,0.41697288626455,279316.3474848638,1.0515324062565057
2026-04-09T06:49:51.319,-68407.39874078627,-231933.5850085754,-139312.29077185938,0.48295459332709,0.83701820744282,0.41758063619503,279071.09204916604,1.0527194339098962
2026-04-09T06:53:51.319,-68291.4510516412,-231732.57993278414,-139211.99836999632,0.48327618629196,0.83802440034548,0.41818957842258,278825.55725616467,1.0539085782517181
2026-04-09T06:57:51.319,-68175.42615369428,-231531.3331475685,-139111.5596784713,0.48359800015512,0.83903245376264,0.4187997174665,278579.74261691223,1.0550998472045232
2026-04-09T07:01:51.319,-68059.32399382477,-231329.8442055993,-139010.97440950357,0.48392003579293,0.84004237441524,0.41941105787155,278333.6476406741,1.0562932487334933
2026-04-09T07:05:51.319,-67943.14451870153,-231128.11265792977,-138910.2422742185,0.48424229408244,0.8410541690618,0.42002360420819,278087.2718349186,1.0574887908467385
2026-04-09T07:09:51.319,-67826.88767478285,-230926.13805398653,-138809.36298264147,0.48456477590141,0.84206784449867,0.42063736107269,277840.6147053076,1.0586864815955745
2026-04-09T07:13:51.319,-67710.55340831623,-230723.91994156054,-138708.33624369165,0.48488748212831,0.84308340756033,0.42125233308737,277593.6757556863,1.0598863290748786
2026-04-09T07:17:51.319,-67594.14166533829,-230521.45786679786,-138607.1617651757,0.48521041364235,0.84410086511958,0.42186852490075,277346.45448807394,1.0610883414233419
2026-04-09T07:21:51.319,-67477.65239167454,-230318.7513741905,-138505.83925378145,0.48553357132347,0.84512022408787,0.42248594118777,277098.9504026534,1.0622925268238361
2026-04-09T07:25:51.319,-67361.0855329392,-230115.80000656703,-138404.3684150716,0.48585695605234,0.84614149141555,0.42310458664995,276851.1629977616,1.0634988935037035
2026-04-09T07:29:51.319,-67244.44103453509,-229912.60330508323,-138302.74895347725,0.48618056871035,0.84716467409211,0.42372446601559,276603.09176987916,1.0647074497350468
2026-04-09T07:33:51.319,-67127.71884165335,-229709.16080921268,-138200.98057229148,0.48650441017966,0.84818977914649,0.42434558403996,276354.73621362034,1.0659182038350996
2026-04-09T07:37:51.319,-67010.91889927333,-229505.4720567373,-138099.06297366283,0.48682848134319,0.84921681364731,0.42496794550551,276106.095821723,1.0671311641665147
2026-04-09T07:41:51.319,-66894.04115216239,-229301.53658373767,-137996.9958585888,0.48715278308457,0.85024578470322,0.42559155522205,275857.1700850383,1.068346339137716
2026-04-09T07:45:51.319,-66777.08554487575,-229097.35392458356,-137894.77892690926,0.48747731628825,0.85127669946307,0.42621641802694,275607.9584925202,1.069563737203187
2026-04-09T07:49:51.319,-66660.05202175624,-228892.92361192405,-137792.4118772997,0.4878020818394,0.85230956511629,0.4268425387853,275358.4605312151,1.070783366863836
2026-04-09T07:53:51.319,-66542.94052693417,-228688.24517667794,-137689.89440726466,0.48812708062397,0.85334438889314,0.42746992239024,275108.6756862516,1.072005236667342
2026-04-09T07:57:51.319,-66425.75100432712,-228483.31814802386,-137587.226213131,0.4884523135287,0.85438117806496,0.428098573763,274858.6034408296,1.0732293552084395
2026-04-09T08:01:51.319,-66308.48339763978,-228278.14205339027,-137484.40699004108,0.4887777814411,0.85541993994452,0.42872849785319,274608.24327621004,1.0744557311293113
2026-04-09T08:05:51.319,-66191.13765036371,-228072.71641844563,-137381.43643194588,0.48910348524945,0.85646068188627,0.42935969963903,274357.5946717038,1.075684373119909
2026-04-09T08:09:51.319,-66073.71370577723,-227867.0407670883,-137278.3142315982,0.48942942584283,0.85750341128665,0.42999218412748,274106.6571046612,1.0769152899182945
2026-04-09T08:13:51.319,-65956.21150694517,-227661.11462143637,-137175.04008054567,0.48975560411111,0.85854813558436,0.43062595635454,273855.4300504611,1.0781484903109966
2026-04-09T08:17:51.319,-65838.63099671867,-227454.93750181762,-137071.6136691238,0.49008202094496,0.85959486226072,0.43126102138537,273603.91298249987,1.0793839831333774
2026-04-09T08:21:51.319,-65720.97211773503,-227248.50892675912,-136968.0346864489,0.49040867723583,0.86064359883991,0.43189738431458,273352.1053721805,1.080621777269959
2026-04-09T08:25:51.319,-65603.23481241752,-227041.82841297696,-136864.30282041105,0.49073557387599,0.86169435288931,0.43253505026643,273100.00668890146,1.0818618816548196
2026-04-09T08:29:51.319,-65485.41902297516,-226834.8954753659,-136760.41775766693,0.49106271175849,0.86274713201978,0.433174024395,272847.6164000455,1.0831043052718965
2026-04-09T08:33:51.319,-65367.52469140254,-226627.70962698874,-136656.37918363264,0.49139009177723,0.86380194388601,0.43381431188448,272594.9339709684,1.0843490571554388
2026-04-09T08:37:51.319,-65249.55175947962,-226420.27037906597,-136552.18678247643,0.49171771482688,0.86485879618681,0.43445591794934,272341.95886498777,1.0855961463903006
2026-04-09T08:41:51.319,-65131.50016877153,-226212.57724096498,-136447.8402371114,0.49204558180293,0.8659176966654,0.43509884783458,272088.69054337137,1.086845582112323
2026-04-09T08:45:51.319,-65013.369860628394,-226004.62972018943,-136343.33922918822,0.49237369360172,0.86697865310979,0.43574310681595,271835.128465326,1.0880973735087696
2026-04-09T08:49:51.319,-64895.16077618512,-225796.4273223685,-136238.68343908762,0.49270205112036,0.86804167335305,0.43638870020019,271581.2720879856,1.0893515298186276
2026-04-09T08:53:51.319,-64776.8728563612,-225587.96955124591,-136133.87254591295,0.49303065525681,0.86910676527365,0.43703563332523,271327.1208663998,1.0906080603330288
2026-04-09T08:57:51.319,-64658.50604186053,-225379.25590866915,-136028.90622748277,0.49335950690985,0.87017393679582,0.43768391156046,271072.6742535219,1.091866974395659
2026-04-09T09:01:51.319,-64540.060273171184,-225170.2858945783,-135923.78416032312,0.49368860697908,0.87124319588983,0.43833354030694,270817.93170019746,1.0931282814030954
2026-04-09T09:05:51.319,-64421.53549056525,-224961.05900699506,-135818.50601965998,0.49401795636493,0.87231455057235,0.43898452499765,270562.89265515195,1.0943919908052302
2026-04-09T09:09:51.319,-64302.9316340986,-224751.57474201152,-135713.0714794116,0.49434755596865,0.87338800890679,0.43963687109772,270307.5565649792,1.0956581121056594
2026-04-09T09:13:51.319,-64184.24864361071,-224541.83259377893,-135607.4802121806,0.49467740669233,0.87446357900363,0.44029058410468,270051.92287412885,1.0969266548620864
2026-04-09T09:17:51.319,-64065.48645872445,-224331.8320544963,-135501.73188924647,0.49500750943889,0.87554126902078,0.44094566954872,269795.9910248945,1.0981976286867403
2026-04-09T09:21:51.319,-63946.64501884591,-224121.57261439902,-135395.8261805573,0.49533786511207,0.87662108716391,0.44160213299288,269539.76045740134,1.0994710432467423
2026-04-09T09:25:51.319,-63827.724263164164,-223911.05376174737,-135289.76275472227,0.49566847461646,0.8777030416868,0.44225998003337,269283.2306095938,1.1007469082645591
2026-04-09T09:29:51.319,-63708.724130651084,-223700.27498281494,-135183.54127900332,0.49599933885746,0.87878714089171,0.44291921629978,269026.400917223,1.1020252335183958
2026-04-09T09:33:51.319,-63589.644560061155,-223489.23576187686,-135077.16141930732,0.49633045874133,0.87987339312974,0.44357984745533,268769.2708138345,1.1033060288426393
2026-04-09T09:37:51.319,-63470.48548993125,-223277.93558119814,-134970.62284017794,0.49666183517515,0.88096180680114,0.44424187919715,268511.83973075525,1.1045893041282322
2026-04-09T09:41:51.319,-63351.24685858045,-223066.3739210218,-134863.92520478737,0.49699346906684,0.88205239035573,0.44490531725653,268254.1070970814,1.1058750693231505
2026-04-09T09:45:51.319,-63231.92860410984,-222854.55025955688,-134757.06817492822,0.49732536132513,0.88314515229327,0.44557016739917,267996.07233966485,1.1071633344328191
2026-04-09T09:49:51.319,-63112.53066440229,-222642.4640729665,-134650.05141100517,0.49765751285961,0.88424010116376,0.44623643542544,267737.73488310096,1.1084541095205125
2026-04-09T09:53:51.319,-62993.052977122294,-222430.11483535572,-134542.8745720266,0.49798992458071,0.88533724556791,0.44690412717068,267479.0941497151,1.1097474047078744
2026-04-09T09:57:51.319,-62873.495479715726,-222217.50201875923,-134435.5373155962,0.49832259739966,0.88643659415743,0.44757324850543,267220.14955954975,1.111043230175258
2026-04-09T10:01:51.319,-62753.858109409666,-222004.6250931292,-134328.03929790444,0.49865553222854,0.88753815563547,0.44824380533571,266960.9005303513,1.1123415961622483
2026-04-09T10:05:51.319,-62634.140803212205,-221791.48352632285,-134220.38017372016,0.49898872998025,0.88864193875698,0.44891580360332,266701.3464775566,1.1136425129680898
2026-04-09T10:09:51.319,-62514.343497912225,-221578.07678408994,-134112.55959638173,0.49932219156855,0.88974795232911,0.44958924928608,266441.4868142798,1.114945990952156
2026-04-09T10:13:51.319,-62394.466130079214,-221364.40433006018,-134004.57721778858,0.49965591790798,0.89085620521158,0.45026414839813,266181.3209512986,1.116252040534366
2026-04-09T10:17:51.319,-62274.508636063074,-221150.46562573066,-133896.43268839232,0.49998990991393,0.8919667063171,0.4509405069902,265920.84829704073,1.1175606721956952
2026-04-09T10:21:51.319,-62154.47095199391,-220936.26013045298,-133788.12565718798,0.50032416850261,0.89307946461175,0.45161833114992,265660.06825757044,1.118871896478626
2026-04-09T10:25:51.319,-62034.353013781845,-220721.78730142044,-133679.65577170506,0.50065869459105,0.89419448911542,0.45229762700207,265398.9802365743,1.1201857239876363
2026-04-09T10:29:51.319,-61914.154757116805,-220507.04659365508,-133571.0226779987,0.5009934890971,0.89531178890214,0.45297840070889,265137.5836353477,1.121502165389626
2026-04-09T10:33:51.319,-61793.87611746834,-220292.0374599946,-133462.22602064052,0.50132855293941,0.8964313731006,0.45366065847038,264875.87785278074,1.1228212314144796
2026-04-09T10:37:51.319,-61673.51703008543,-220076.7593510793,-133353.2654427096,0.50166388703746,0.89755325089446,0.45434440652457,264613.86228534376,1.1241429328554757
2026-04-09T10:41:51.319,-61553.07742999628,-219861.21171533866,-133244.14058578332,0.50199949231153,0.89867743152284,0.45502965114785,264351.5363270735,1.1254672805698336
2026-04-09T10:45:51.319,-61432.55725200813,-219645.39399897814,-133134.851089928,0.5023353696827,0.8998039242807,0.45571639865526,264088.89936955867,1.126794285479174
2026-04-09T10:49:51.319,-61311.95643070707,-219429.30564596562,-133025.39659368983,0.50267152007285,0.90093273851931,0.45640465540078,263825.95080192544,1.128123958570049
2026-04-09T10:53:51.319,-61191.27490045783,-219212.9460980179,-132915.77673408523,0.50300794440466,0.90206388364663,0.45709442777764,263562.69001082284,1.1294563108944102
2026-04-09T10:57:51.319,-61070.51259540362,-218996.3147945871,-132805.99114659155,0.50334464360161,0.9031973691278,0.45778572221865,263299.1163804083,1.1307913535701721
2026-04-09T11:01:51.319,-60949.66944946591,-218779.41117284662,-132696.03946513744,0.50368161858796,0.90433320448551,0.45847854519651,263035.22929233254,1.132129097781665
2026-04-09T11:05:51.319,-60828.74539634425,-218562.2346676776,-132585.92132209335,0.50401887028873,0.90547139930054,0.45917290322411,262771.02812572505,1.1334695547802172
2026-04-09T11:09:51.319,-60707.740369516105,-218344.7847116548,-132475.63634826173,0.50435639962977,0.9066119632121,0.45986880285485,262506.5122571788,1.1348127358846283
2026-04-09T11:13:51.319,-60586.654302236624,-218127.0607350324,-132365.18417286733,0.50469420753764,0.90775490591837,0.46056625068297,262241.68106073514,1.1361586524817227
2026-04-09T11:17:51.319,-60465.48712753851,-217909.06216572996,-132254.5644235474,0.5050322949397,0.90890023717692,0.46126525334391,261976.5339078688,1.1375073160269094
2026-04-09T11:21:51.319,-60344.23877823179,-217690.78842931805,-132143.7767263416,0.50537066276407,0.91004796680516,0.46196581751455,261711.07016747227,1.1388587380446653
2026-04-09T11:25:51.319,-60222.909186903664,-217472.23894900383,-132032.82070568224,0.50570931193961,0.91119810468084,0.46266794991365,261445.28920584035,1.1402129301291442
2026-04-09T11:29:51.319,-60101.498285918315,-217253.41314561653,-131921.69598438402,0.50604824339593,0.91235066074247,0.46337165730211,261179.19038665472,1.1415699039446652
2026-04-09T11:33:51.319,-59980.00600741673,-217034.31043759277,-131810.40218363394,0.50638745806338,0.91350564498988,0.46407694648333,260912.77307096805,1.1429296712263444
2026-04-09T11:37:51.319,-59858.43228331651,-216814.93024096178,-131698.93892298103,0.50672695687305,0.91466306748459,0.46478382430357,260646.03661718816,1.1442922437805796
2026-04-09T11:41:51.319,-59736.77704531174,-216595.27196933064,-131587.30582032606,0.50706674075672,0.91582293835038,0.46549229765228,260378.98038106225,1.1456576334856612
2026-04-09T11:45:51.319,-59615.04022487276,-216375.33503386917,-131475.50249191112,0.50740681064694,0.91698526777375,0.46620237346244,260111.60371566057,1.147025852292357
2026-04-09T11:49:51.319,-59493.221753246034,-216155.11884329483,-131363.52855230912,0.50774716747691,0.91815006600442,0.46691405871094,259843.90597136033,1.1483969122244577
2026-04-09T11:53:51.319,-59371.32156145395,-215934.62280385755,-131251.3836144132,0.50808781218057,0.91931734335581,0.46762736041891,259575.8864958293,1.1497708253793795
2026-04-09T11:57:51.319,-59249.3395802947,-215713.84631932434,-131139.06728942614,0.50842874569253,0.92048711020556,0.46834228565211,259307.54463400942,1.151147603928751
2026-04-09T12:01:51.319,-59127.275740342055,-215492.7887909638,-131026.57918684944,0.50876996894808,0.92165937699604,0.46905884152124,259038.8797281001,1.1525272601189989
2026-04-09T12:05:51.319,-59005.12997194526,-215271.44961753054,-130913.9189144727,0.50911148288319,0.92283415423488,0.46977703518239,258769.8911175415,1.1539098062719995
2026-04-09T12:09:51.319,-58882.902205228835,-215049.8281952495,-130801.08607836252,0.50945328843448,0.92401145249545,0.47049687383732,258500.57813899772,1.1552952547856101
2026-04-09T12:13:51.319,-58760.59237009244,-214827.92391779998,-130688.08028285159,0.50979538653922,0.9251912824174,0.47121836473391,258230.9401263398,1.1566836181343307
2026-04-09T12:17:51.319,-58638.200396210705,-214605.73617629986,-130574.90113052749,0.51013777813533,0.92637365470723,0.47194151516651,257960.97641062847,1.1580749088699498
2026-04-09T12:21:51.319,-58515.72621303309,-214383.26435928934,-130461.54822222161,0.51048046416134,0.92755858013875,0.47266633247628,257690.68632009704,1.1594691396220809
2026-04-09T12:25:51.319,-58393.16974978374,-214160.50785271477,-130348.02115699775,0.51082344555641,0.92874606955369,0.47339282405168,257420.06918013384,1.1608663230989067
2026-04-09T12:29:51.319,-58270.53093546131,-213937.46603991228,-130234.3195321408,0.51116672326029,0.92993613386221,0.47412099732874,257149.12431326482,1.1622664720877287
2026-04-09T12:33:51.319,-58147.809698838864,-213714.13830159127,-130120.44294314523,0.51151029821334,0.93112878404345,0.47485085979156,256877.85103913568,1.1636695994556692
2026-04-09T12:37:51.319,-58025.0059684637,-213490.52401581788,-130006.39098370353,0.51185417135647,0.93232403114612,0.47558241897262,256606.24867449419,1.165075718150292
2026-04-09T12:41:51.319,-57902.11967265723,-213266.6225579981,-129892.16324569454,0.51219834363119,0.93352188628901,0.47631568245327,256334.31653317218,1.1664848412002833
2026-04-09T12:45:51.319,-57779.150739514844,-213042.43330086098,-129777.75931917169,0.51254281597952,0.9347223606616,0.47705065786405,256062.05392606737,1.1678969817160816
2026-04-09T12:49:51.319,-57656.09909690577,-212817.9556144415,-129663.17879235111,0.51288758934406,0.93592546552463,0.47778735288516,255789.46016112517,1.1693121528906065
2026-04-09T12:53:51.319,-57532.964672472954,-212593.18886606352,-129548.4212515997,0.5132326646679,0.93713121221067,0.47852577524687,255516.53454332013,1.1707303679998955
2026-04-09T12:57:51.319,-57409.74739363295,-212368.13242032233,-129433.48628142304,0.51357804289464,0.9383396121247,0.47926593272991,255243.2763746376,1.1721516404037882
2026-04-09T13:01:51.319,-57286.447187575766,-212142.78563906738,-129318.37346445324,0.5139237249684,0.93955067674471,0.48000783316592,254969.6849540549,1.173575983546647
2026-04-09T13:05:51.319,-57163.063981264786,-211917.14788138447,-129203.08238143666,0.51426971183375,0.9407644176223,0.48075148443787,254695.75957752232,1.1750034109580318
2026-04-09T13:09:51.319,-57039.597701436636,-211691.2185035782,-129087.61261122154,0.51461600443572,0.9419808463833,0.4814968944805,254421.49953794436,1.1764339362534342
2026-04-09T13:13:51.319,-56916.048274601075,-211464.99685915397,-128971.96373074556,0.5149626037198,0.94319997472833,0.48224407128073,254146.90412516036,1.1778675731349477
2026-04-09T13:17:51.319,-56792.41562704089,-211238.4822988,-128856.13531502316,0.51530951063188,0.94442181443349,0.48299302287815,253871.9726259253,1.1793043353920507
2026-04-09T13:21:51.319,-56668.69968481183,-211011.6741703691,-128740.126937133,0.51565672611828,0.9456463773509,0.48374375736542,253596.70432389007,1.1807442369022674
2026-04-09T13:25:51.319,-56544.90037374244,-210784.57181886048,-128623.93816820502,0.51600425112569,0.9468736754094,0.48449628288876,253321.0984995822,1.1821872916319627
2026-04-09T13:29:51.319,-56421.01761943405,-210557.17458640103,-128507.56857740763,0.5163520866012,0.94810372061516,0.48525060764838,253045.15443038577,1.1836335136370737
2026-04-09T13:33:51.319,-56297.05134726063,-210329.4818122269,-128391.01773193465,0.51670023349221,0.94933652505231,0.48600673989894,252768.8713905214,1.185082917063821
2026-04-09T13:37:51.319,-56173.00148236873,-210101.4928326646,-128274.28519699223,0.51704869274649,0.9505721008836,0.48676468795003,252492.24865102634,1.186535516149519
2026-04-09T13:41:51.319,-56048.867949677406,-209873.2069811121,-128157.37053578555,0.5173974653121,0.95181046035106,0.48752446016665,252215.28547973404,1.1879913252233225
2026-04-09T13:45:51.319,-55924.650673878146,-209644.62358801966,-128040.27330950549,0.51774655213738,0.95305161577667,0.48828606496965,251937.98114125352,1.1894503587070002
2026-04-09T13:49:51.319,-55800.3495794348,-209415.74198087066,-127922.99307731519,0.51809595417096,0.95429557956301,0.48904951083625,251660.33489694903,1.1909126311157314
2026-04-09T13:53:51.319,-55675.96459058351,-209186.56148416208,-127805.52939633644,0.51844567236171,0.95554236419394,0.4898148063005,251382.34600491906,1.192378157058878
2026-04-09T13:57:51.319,-55551.49563133268,-208957.08141938495,-127687.88182163598,0.51879570765872,0.95679198223531,0.49058195995379,251104.01371997525,1.1938469512408145
2026-04-09T14:01:51.319,-55426.942625462885,-208727.30110500462,-127570.04990621172,0.51914606101127,0.95804444633561,0.49135098044532,250825.33729362144,1.1953190284616908
2026-04-09T14:05:51.319,-55302.30549652687,-208497.21985644082,-127452.03320097872,0.51949673336882,0.9592997692267,0.49212187648263,250546.31597403222,1.1967944036182905
2026-04-09T14:09:51.319,-55177.584167849476,-208266.8369860475,-127333.83125475523,0.51984772568101,0.96055796372452,0.4928946568321,250266.9490060313,1.1982730917048703
2026-04-09T14:13:51.319,-55052.77856252763,-208036.15180309268,-127215.44361424845,0.52019903889757,0.96181904272977,0.49366933031944,249987.23563107007,1.1997551078139286
2026-04-09T14:17:51.319,-54927.88860343031,-207805.16361373794,-127096.86982404019,0.52055067396834,0.96308301922866,0.49444590583026,249707.1750872054,1.2012404671371135
2026-04-09T14:21:51.319,-54802.9142131985,-207573.87172101787,-126978.10942657253,0.52090263184325,0.96434990629363,0.49522439231053,249426.76660907787,1.2027291849660469
2026-04-09T14:25:51.319,-54677.85531424522,-207342.2754248192,-126859.16196213319,0.52125491347226,0.96561971708407,0.49600479876715,249146.00942788922,1.2042212766931721
2026-04-09T14:29:51.319,-54552.71182875549,-207110.37402185996,-126740.02696884089,0.52160751980535,0.96689246484712,0.49678713426848,248864.90277138012,1.2057167578126782
2026-04-09T14:33:51.319,-54427.48367868633,-206878.16680566818,-126620.70398263048,0.52196045179251,0.96816816291833,0.49757140794487,248583.44586380743,1.2072156439213069
2026-04-09T14:37:51.319,-54302.170785766764,-206645.65306656074,-126501.19253723808,0.52231371038367,0.96944682472251,0.49835762898923,248301.63792592136,1.2087179507193067
2026-04-09T14:41:51.319,-54176.77307149785,-206412.8320916218,-126381.49216418591,0.52266729652871,0.97072846377445,0.49914580665754,248019.47817494257,1.2102236940112934
2026-04-09T14:45:51.319,-54051.29045715269,-206179.703164681,-126261.60239276715,0.5230212111774,0.97201309367971,0.49993595026947,247736.96582453875,1.2117328897071802
2026-04-09T14:49:51.319,-53925.722863776435,-205946.26556629175,-126141.52275003055,0.52337545527938,0.97330072813538,0.50072806920887,247454.10008480132,1.2132455538230513
2026-04-09T14:53:51.319,-53800.07021218636,-205712.51857370907,-126021.25276076497,0.52373002978414,0.97459138093094,0.50152217292443,247170.88016222176,1.2147617024821842
2026-04-09T14:57:51.319,-53674.33242297188,-205478.46146086734,-125900.79194748378,0.52408493564098,0.97588506594897,0.50231827093017,246887.3052596679,1.2162813519158762
2026-04-09T15:01:51.319,-53548.5094164946,-205244.0934983579,-125780.13983040905,0.52444017379895,0.97718179716603,0.50311637280608,246603.37457635964,1.2178045184644586
2026-04-09T15:05:51.319,-53422.601112888384,-205009.41395340627,-125659.2959274557,0.52479574520685,0.97848158865348,0.5039164881987,246319.08730784498,1.219331218578267
2026-04-09T15:09:51.319,-53296.60743205943,-204774.42208984948,-125538.25975421543,0.52515165081321,0.97978445457824,0.50471862682171,246034.4426459754,1.22086146881856
2026-04-09T15:13:51.319,-53170.528293686315,-204539.11716811292,-125417.03082394051,0.52550789156618,0.98109040920371,0.50552279845653,245749.4397788812,1.2223952858585299
2026-04-09T15:17:51.319,-53044.36361722011,-204303.49844518706,-125295.60864752754,0.52586446841358,0.98239946689056,0.50632901295294,245464.0778909468,1.2239326864842903
2026-04-09T15:21:51.319,-52918.11332188445,-204067.5651746041,-125173.99273350085,0.52622138230281,0.98371164209762,0.50713728022968,245178.35616278535,1.2254736875958754
2026-04-09T15:25:51.319,-52791.777326675656,-203831.3166064142,-125052.18258799598,0.52657863418082,0.98502694938272,0.50794761027512,244892.27377121366,1.2270183062082531
2026-04-09T15:29:51.319,-52665.35555036283,-203594.75198716178,-124930.17771474281,0.52693622499409,0.98634540340358,0.50876001314783,244605.82988922662,1.2285665594523454
2026-04-09T15:33:51.319,-52538.847911487996,-203357.8705598612,-124807.97761504867,0.52729415568856,0.9876670189187,0.50957449897725,244319.02368597133,1.230118464576066
2026-04-09T15:37:51.319,-52412.254328366194,-203120.67156397272,-124685.5817877813,0.52765242720963,0.98899181078822,0.51039107796435,244031.85432672128,1.2316740389453644
2026-04-09T15:41:51.319,-52285.574719085664,-202883.15423537776,-124562.98972935151,0.52801104050206,0.99031979397487,0.51120976038224,243744.32097284996,1.233233300045277
2026-04-09T15:45:51.319,-52158.809001507965,-202645.31780635437,-124440.20093369587,0.52836999650999,0.99165098354486,0.51203055657688,243456.42278180455,1.2347962654810243
2026-04-09T15:49:51.319,-52031.95709326815,-202407.16150555218,-124317.21489225912,0.52872929617687,0.9929853946688,0.51285347696769,243168.1589070792,1.2363629529790554
2026-04-09T15:53:51.319,-51905.01891177494,-202168.68455796724,-124194.0310939764,0.52908894044538,0.99432304262263,0.51367853204829,242879.52849818807,1.2379333803881474
2026-04-09T15:57:51.319,-51777.99437421089,-201929.88618491663,-124070.64902525548,0.52944893025744,0.9956639427886,0.51450573238713,242590.53070063828,1.239507565680543
2026-04-09T16:01:51.319,-51650.8833975326,-201690.76560401288,-123947.0681699586,0.52980926655414,0.99700811065618,0.51533508862821,242301.16465590242,1.2410855269530325
2026-04-09T16:05:51.319,-51523.68589847091,-201451.322029138,-123823.28800938434,0.5301699502757,0.99835556182306,0.51616661149177,242011.4295013909,1.242667282428113
2026-04-09T16:09:51.319,-51396.40179353113,-201211.5546704176,-123699.30802224918,0.53053098236138,0.9997063119961,0.51700031177497,241721.32437042418,1.2442528504550796
2026-04-09T16:13:51.319,-51269.03099899324,-200971.46273419433,-123575.127684669,0.53089236374951,1.00106037699234,0.51783620035267,241430.8483922045,1.2458422495112607
2026-04-09T16:17:51.319,-51141.573430912176,-200731.04542300146,-123450.7464701403,0.53125409537736,1.00241777273999,0.51867428817807,241140.00069178757,1.2474354982031124
2026-04-09T16:21:51.319,-51014.02900511803,-200490.3019355361,-123326.16384952133,0.53161617818114,1.00377851527943,0.51951458628352,240848.78039005393,1.249032615267446
2026-04-09T16:25:51.319,-50886.397637216345,-200249.23146663202,-123201.37929101303,0.5319786130959,1.00514262076427,0.5203571057812,240557.18660368,1.2506336195726107
2026-04-09T16:29:51.319,-50758.6792425884,-200007.8332072325,-123076.39226013976,0.53234140105555,1.00651010546232,0.52120185786389,240265.2184451089,1.2522385301196919
2026-04-09T16:33:51.319,-50630.87373639148,-199766.10634436272,-122951.20221972985,0.53270454299271,1.00788098575668,0.52204885380573,239972.87502252116,1.2538473660437324
2026-04-09T16:37:51.319,-50502.98103355918,-199524.05006110197,-122825.808629896,0.53306803983873,1.00925527814681,0.52289810496298,239680.15543980483,1.2554601466150075
2026-04-09T16:41:51.319,-50375.00104880177,-199281.66353655557,-122700.21094801548,0.53343189252361,1.01063299924954,0.52374962277481,239387.05879652564,1.2570768912402281
2026-04-09T16:45:51.319,-50246.93369660645,-199038.94594582668,-122574.40862871012,0.53379610197592,1.0120141658002,0.52460341876404,239093.58418789678,1.258697619463817
2026-04-09T16:49:51.319,-50118.778891237765,-198795.8964599876,-122448.40112382619,0.53416066912275,1.01339879465372,0.52545950453798,238799.73070474836,1.2603223509692176
2026-04-09T16:53:51.319,-49990.53654673792,-198552.51424605097,-122322.18788241394,0.53452559488967,1.01478690278568,0.52631789178922,238505.49743349646,1.261951105580148
2026-04-09T16:57:51.319,-49862.2065769272,-198308.79846694073,-122195.76835070712,0.53489088020063,1.01617850729349,0.52717859229641,238210.88345611235,1.26358390326193
2026-04-09T17:01:51.319,-49733.78889540431,-198064.74828146273,-122069.14197210218,0.53525652597795,1.01757362539748,0.52804161792512,237915.88785009098,1.2652207641228204
2026-04-09T17:05:51.319,-49605.28341554682,-197820.36284427502,-121942.30818713731,0.53562253314219,1.01897227444208,0.52890698062866,237620.5096884192,1.2668617084153455
2026-04-09T17:09:51.319,-49476.69005051159,-197575.64130585804,-121815.26643347132,0.53598890261213,1.02037447189693,0.5297746924489,237324.74803954407,1.2685067565376311
2026-04-09T17:13:51.319,-49348.008713235184,-197330.58281248432,-121688.01614586225,0.53635563530468,1.0217802353581,0.53064476551713,237028.60196734042,1.270155929034806
2026-04-09T17:17:51.319,-49219.23931643434,-197085.1865061881,-121560.55675614579,0.53672273213481,1.02318958254925,0.53151721205494,236732.0705310785,1.2718092466003774
2026-04-09T17:21:51.319,-49090.38177260643,-196839.45152473444,-121432.88769321353,0.5370901940155,1.02460253132282,0.53239204437508,236435.1527853909,1.2734667300776314
2026-04-09T17:25:51.319,-48961.43599402998,-196593.3770015883,-121305.00838299103,0.53745802185765,1.02601909966128,0.5332692748823,236137.84778023968,1.2751284004610577
2026-04-09T17:29:51.319,-48832.401892765134,-196346.9620658831,-121176.9182484155,0.53782621657,1.02743930567831,0.5341489160743,235840.1545608827,1.2767942788977706
2026-04-09T17:33:51.319,-48703.27938065423,-196100.20584238908,-121048.61670941352,0.53819477905907,1.02886316762006,0.53503098054262,235542.07216783997,1.278464386688977
2026-04-09T17:37:51.319,-48574.0683693223,-195853.10745148145,-120920.1031828783,0.53856371022907,1.03029070386643,0.53591548097351,235243.59963685955,1.2801387452914446
2026-04-09T17:41:51.319,-48444.76877017765,-195605.666009108,-120791.37708264693,0.53893301098184,1.0317219329323,0.5368024301489,234944.73599888314,1.2818173763189817
2026-04-09T17:45:51.319,-48315.38049441244,-195357.88062675667,-120662.43781947724,0.53930268221675,1.03315687346884,0.53769184094731,234645.4802800113,1.2835003015439448
2026-04-09T17:49:51.319,-48185.90345300329,-195109.75041142257,-120533.28480102455,0.53967272483061,1.03459554426481,0.53858372634481,234345.8315014685,1.2851875428987611
2026-04-09T17:53:51.319,-48056.337556711886,-194861.27446557497,-120403.9174318181,0.54004313971763,1.03603796424786,0.53947809941598,234045.78867956766,1.286879122477478
2026-04-09T17:57:51.319,-47926.68271608565,-194612.4518871236,-120274.33511323734,0.54041392776928,1.03748415248589,0.54037497333484,233745.3508256745,1.2885750625373031
2026-04-09T18:01:51.319,-47796.93884145836,-194363.28176938498,-120144.53724348788,0.54078508987425,1.03893412818835,0.54127436137588,233444.51694617138,1.2902753855001863
2026-04-09T18:05:51.319,-47667.10584295087,-194113.76320104822,-120014.52321757734,0.54115662691832,1.04038791070767,0.54217627691504,233143.28604242095,1.2919801139544442
2026-04-09T18:09:51.319,-47537.1836304718,-193863.89526614058,-119884.29242729083,0.5415285397843,1.04184551954058,0.54308073343069,232841.65711072943,1.2936892706563325
2026-04-09T18:13:51.319,-47407.17211371827,-193613.67704399265,-119753.84426116623,0.54190082935192,1.04330697432954,0.54398774450466,232539.62914230954,1.2954028785317042
2026-04-09T18:17:51.319,-47277.071202176616,-193363.10760920314,-119623.1781044693,0.54227349649776,1.04477229486413,0.5448973238233,232237.20112324282,1.29712096067767
2026-04-09T18:21:51.319,-47146.88080512321,-193112.18603160355,-119492.29333916842,0.54264654209512,1.04624150108251,0.54580948517847,231934.37203444215,1.2988435403642584
2026-04-09T18:25:51.319,-47016.600831625234,-192860.91137622218,-119361.18934390914,0.54301996701393,1.04771461307284,0.54672424246863,231631.14085161334,1.30057064103611
2026-04-09T18:29:51.319,-46886.23119054148,-192609.28270324806,-119229.86549398849,0.54339377212066,1.04919165107476,0.5476416096999,231327.5065452166,1.3023022863142022
2026-04-09T18:33:51.319,-46755.771790523235,-192357.29906799438,-119098.321161329,0.54376795827824,1.05067263548086,0.54856160098713,231023.46808042767,1.3040384999975825
2026-04-09T18:37:51.319,-46625.22254001511,-192104.95952086156,-118966.55571445251,0.5441425263459,1.05215758683821,0.54948423055501,230719.02441709855,1.305779306065131
2026-04-09T18:41:51.319,-46494.583347255946,-191852.26310730012,-118834.5685184536,0.5445174771791,1.05364652584982,0.55040951273917,230414.1745097178,1.3075247286773042
2026-04-09T18:45:51.319,-46363.85412027976,-191599.2088677729,-118702.35893497289,0.54489281162942,1.05513947337625,0.5513374619873,230108.91730737028,1.3092747921779915
2026-04-09T18:49:51.319,-46233.03476691664,-191345.7958377172,-118569.92632217001,0.54526853054444,1.05663645043711,0.55226809286029,229803.2517536971,1.311029521096291
2026-04-09T18:53:51.319,-46102.125194793756,-191092.02304750634,-118437.27003469625,0.54564463476764,1.05813747821267,0.55320142003339,229497.1767868544,1.3127889401483923
2026-04-09T18:57:51.319,-45971.125311336364,-190837.889522411,-118304.38942366703,0.54602112513826,1.05964257804543,0.55413745829733,229190.69133947216,1.314553074239394
2026-04-09T19:01:51.319,-45840.035023768796,-190583.3942825599,-118171.28383663399,0.5463980024912,1.06115177144176,0.55507622255957,228883.79433861267,1.3163219484652529
2026-04-09T19:05:51.319,-45708.85423911556,-190328.53634290054,-118037.95261755686,0.54677526765691,1.06266508007349,0.55601772784545,228576.48470572848,1.3180955881146479
2026-04-09T19:09:51.319,-45577.582864202384,-190073.3147131591,-117904.39510677505,0.54715292146124,1.06418252577962,0.55696198929937,228268.76135661968,1.3198740186709386
2026-04-09T19:13:51.319,-45446.22080565737,-189817.7283978002,-117770.61064097886,0.54753096472533,1.06570413056796,0.55790902218609,227960.62320139122,1.3216572658141372
2026-04-09T19:17:51.319,-45314.76796991213,-189561.77639598612,-117636.59855318052,0.54790939826549,1.06722991661684,0.55885884189191,227652.06914440944,1.3234453554228847
2026-04-09T19:21:51.319,-45183.22426320293,-189305.45770153572,-117502.35817268482,0.54828822289306,1.06875990627679,0.55981146392594,227343.0980842584,1.3252383135764325
2026-04-09T19:25:51.319,-45051.58959157195,-189048.7713028829,-117367.88882505949,0.54866743941427,1.07029412207236,0.56076690392139,227033.70891369565,1.327036166556751
2026-04-09T19:29:51.319,-44919.86386086849,-188791.71618303462,-117233.18983210529,0.54904704863012,1.07183258670377,0.56172517763682,226723.90051960753,1.3288389408504917
2026-04-09T19:33:51.319,-44788.04697675026,-188534.29131952848,-117098.26051182573,0.54942705133624,1.0733753230488,0.56268630095751,226413.67178296417,1.33064666315119
2026-04-09T19:37:51.319,-44656.138844684654,-188276.49568439,-116963.10017839655,0.54980744832274,1.07492235416452,0.56365028989669,226103.02157877394,1.3324593603612753
2026-04-09T19:41:51.319,-44524.13936995014,-188018.3282440893,-116827.70814213478,0.55018824037405,1.07647370328914,0.56461716059695,225791.94877603734,1.334277059594255
2026-04-09T19:45:51.319,-44392.04845763761,-187759.7879594973,-116692.08370946761,0.55056942826883,1.07802939384386,0.56558692933157,225480.45223770072,1.3360997881768941
2026-04-09T19:49:51.319,-44259.86601265179,-187500.87378584183,-116556.2261829008,0.55095101277977,1.07958944943477,0.5665596125059,225168.53082060913,1.337927573651414
2026-04-09T19:53:51.319,-44127.59193971269,-187241.5846726628,-116420.13486098686,0.55133299467343,1.08115389385469,0.56753522665872,224856.18337545916,1.3397604437776536
2026-04-09T19:57:51.319,-43995.22614335709,-186981.91956376727,-116283.8090382928,0.55171537471013,1.08272275108513,0.56851378846371,224543.4087467508,1.3415984265353966
2026-04-09T20:01:51.319,-43862.768527940054,-186721.87739718385,-116147.24800536767,0.55209815364377,1.08429604529825,0.56949531473081,224230.20577273925,1.343441550126625
2026-04-09T20:05:51.319,-43730.21899763652,-186461.45710511683,-116010.4510487096,0.55248133222164,1.08587380085879,0.57047982240771,223916.57328538597,1.3452898429778044
2026-04-09T20:09:51.319,-43597.577456442865,-186200.65761389962,-115873.41745073261,0.55286491118431,1.08745604232608,0.57146732858128,223602.51011030926,1.3471433337422416
2026-04-09T20:13:51.319,-43464.84380817856,-185939.47784394783,-115736.14648973302,0.5532488912654,1.0890427944561,0.57245785047911,223288.01506673452,1.3490020513024839
2026-04-09T20:17:51.319,-43332.01795648785,-185677.91670971183,-115598.63743985549,0.55363327319147,1.09063408220346,0.57345140547094,222973.08696744373,1.350866024772657
2026-04-09T20:21:51.319,-43199.09980484149,-185415.97311962888,-115460.88957105875,0.55401805768179,1.09222993072352,0.57444801107023,222657.72461872463,1.3527352835009336
2026-04-09T20:25:51.319,-43066.089256538486,-185153.64597607462,-115322.90214908088,0.55440324544819,1.09383036537448,0.57544768493571,222341.92682031923,1.3546098570719995
2026-04-09T20:29:51.319,-42932.98621470792,-184890.93417531415,-115184.67443540427,0.55478883719488,1.09543541171953,0.57645044487289,222025.69236537183,1.3564897753095435
2026-04-09T20:33:51.319,-42799.79058231079,-184627.83660745266,-115046.20568722024,0.55517483361825,1.09704509552894,0.57745630883572,221709.02004037652,1.3583750682787603
2026-04-09T20:37:51.319,-42666.50226214193,-184364.3521563853,-114907.49515739316,0.55556123540669,1.09865944278231,0.57846529492812,221391.90862512423,1.360265766288934
2026-04-09T20:41:51.319,-42533.121156831934,-184100.4796997469,-114768.54209442434,0.55594804324039,1.10027847967078,0.57947742140565,221074.35689264894,1.3621618998960452
2026-04-09T20:45:51.319,-42399.64716884915,-183836.21810886072,-114629.34574241535,0.55633525779114,1.1019022325992,0.58049270667717,220756.36360917368,1.3640634999053463
2026-04-09T20:49:51.319,-42266.08020050174,-183571.56624868698,-114489.90534103109,0.55672287972214,1.1035307281885,0.58151116930646,220437.9275340557,1.3659705973740868
2026-04-09T20:53:51.319,-42132.420153939725,-183306.5229777708,-114350.22012546241,0.55711090968779,1.10516399327792,0.58253282801396,220119.0474197311,1.3678832236141714
2026-04-09T20:57:51.319,-41998.666931157175,-183041.08714818937,-114210.28932638826,0.55749934833346,1.10680205492735,0.58355770167846,219799.72201165918,1.3698014101948808
2026-04-09T21:01:51.319,-41864.82043399435,-182775.25760549883,-114070.1121699375,0.55788819629531,1.10844494041972,0.58458580933886,219479.95004826563,1.3717251889456872
2026-04-09T21:05:51.319,-41730.88056413997,-182509.03318868042,-113929.68787765031,0.55827745420005,1.11009267726338,0.5856171701959,219159.73026088573,1.373654591959027
2026-04-09T21:09:51.319,-41596.8472231335,-182242.41273008604,-113789.01566643904,0.55866712266472,1.1117452931945,0.58665180361399,218839.06137370644,1.375589651593145
2026-04-09T21:13:51.319,-41462.720312367506,-181975.39505538336,-113648.09474854877,0.55905720229648,1.11340281617957,0.58768972912297,218517.9421037082,1.3775304004749929
2026-04-09T21:17:51.319,-41328.49973309004,-181707.97898350022,-113506.92433151741,0.55944769369234,1.11506527441786,0.58873096641998,218196.37116060616,1.3794768715031287
2026-04-09T21:21:51.319,-41194.185386407094,-181440.1633265684,-113365.50361813528,0.55983859743895,1.11673269634395,0.58977553537133,217874.34724679025,1.3814290978506927
2026-04-09T21:25:51.319,-41059.77717328516,-181171.94688986696,-113223.8318064043,0.56022991411238,1.11840511063028,0.59082345601434,217551.86905726534,1.383387112968392
2026-04-09T21:29:51.319,-40925.27499455376,-180903.3284717647,-113081.9080894967,0.56062164427781,1.12008254618975,0.59187474855929,217228.93527959028,1.3853509505875368
2026-04-09T21:33:51.319,-40790.67875090809,-180634.3068636622,-112939.73165571335,0.56101378848936,1.12176503217836,0.59292943339135,216905.54459381624,1.3873206447231616
2026-04-09T21:37:51.319,-40655.988342911725,-180364.88084993325,-112797.30168844141,0.56140634728976,1.12345259799783,0.59398753107255,216581.6956724249,1.3892962296770868
2026-04-09T21:41:51.319,-40521.20367099938,-180095.0492078654,-112654.61736611181,0.56179932121013,1.12514527329836,0.59504906234374,216257.3871802652,1.3912777400411351
2026-04-09T21:45:51.319,-40386.324635479694,-179824.81070760012,-112511.67786215596,0.56219271076971,1.12684308798128,0.59611404812666,215932.61777449033,1.3932652107002943
2026-04-09T21:49:51.319,-40251.35113653818,-179554.16411207206,-112368.48234496219,0.56258651647557,1.12854607220192,0.59718250952594,215607.3861044929,1.3952586768360187
2026-04-09T21:53:51.319,-40116.28307424011,-179283.1081769479,-112225.02997783152,0.56298073882236,1.13025425637234,0.59825446783122,215281.69081184064,1.3972581739294916
2026-04-09T21:57:51.319,-39981.12034853359,-179011.6416505643,-112081.31991893309,0.56337537829199,1.13196767116421,0.59932994451921,214955.53053021035,1.3992637377649602
2026-04-09T22:01:51.319,-39845.862859252586,-178739.76327386533,-111937.35132125892,0.56377043535337,1.1336863475117,0.60040896125587,214628.90388532184,1.4012754044331543
2026-04-09T22:05:51.319,-39710.51050612015,-178467.471780339,-111793.12333257831,0.56416591046212,1.13541031661439,0.60149153989853,214301.80949487066,1.4032932103346925
2026-04-09T22:09:51.319,-39575.063188751585,-178194.7658959533,-111648.6350953916,0.56456180406024,1.13713960994027,0.60257770249812,213974.2459684604,1.405317192183592
2026-04-09T22:13:51.319,-39439.5208066578,-177921.64433909138,-111503.88574688345,0.56495811657581,1.1388742592287,0.60366747130141,213646.21190753407,1.4073473870107713
2026-04-09T22:17:51.319,-39303.88325924865,-177648.10582048612,-111358.87441887558,0.56535484842271,1.14061429649351,0.60476086875319,213317.70590530496,1.4093838321676475
2026-04-09T22:21:51.319,-39168.15044583641,-177374.1490431538,-111213.60023777896,0.56575200000027,1.14235975402605,0.60585791749867,212988.72654668632,1.4114265653297688
2026-04-09T22:25:51.319,-39032.322265639275,-177099.77270232717,-111068.06232454543,0.56614957169292,1.14411066439834,0.60695864038571,212659.2724082206,1.4134756245004572
2026-04-09T22:29:51.319,-38896.39861778502,-176824.9754853877,-110922.25979461882,0.56654756386993,1.14586706046628,0.60806306046721,212329.34205800784,1.4155310480146084
2026-04-09T22:33:51.319,-38760.379401314625,-176549.75607179705,-110776.19175788535,0.566945976885,1.14762897537282,0.60917120100354,211998.93405563312,1.4175928745424233
2026-04-09T22:37:51.319,-38624.26451518611,-176274.11313302777,-110629.85731862368,0.56734481107594,1.14939644255126,0.61028308546488,211668.0469520933,1.4196611430932453
2026-04-09T22:41:51.319,-38488.053858278334,-175998.04533249332,-110483.25557545417,0.56774406676433,1.15116949572857,0.61139873753376,211336.679289723,1.4217358930194968
2026-04-09T22:45:51.319,-38351.74732939499,-175721.55132547705,-110336.38562128766,0.56814374425513,1.15294816892873,0.6125181811075,211004.82960211957,1.423817164020574
2026-04-09T22:49:51.319,-38215.34482726859,-175444.62975906057,-110189.24654327359,0.56854384383634,1.15473249647616,0.61364144030077,210672.49641406734,1.4259049961468924
2026-04-09T22:53:51.319,-38078.84625056462,-175167.27927205127,-110041.83742274756,0.5689443657786,1.15652251299917,0.61476853944814,210339.678241461,1.4279994298039227
2026-04-09T22:57:51.319,-37942.2514978857,-174889.49849490888,-109894.1573351782,0.56934531033483,1.15831825343346,0.6158995031067,210006.37359122804,1.430100505756321
2026-04-09T23:01:51.319,-37805.56046777595,-174611.28604967138,-109746.20535011348,0.56974667773982,1.16011975302568,0.61703435605869,209672.5809612504,1.4322082651320964
2026-04-09T23:05:51.319,-37668.77305872533,-174332.64054987987,-109597.98053112636,0.57014846820983,1.16192704733707,0.61817312331419,209338.29884028513,1.4343227494268778
2026-04-09T23:09:51.319,-37531.88916917419,-174053.56060050256,-109449.48193575976,0.5705506819422,1.16374017224705,0.61931583011383,209003.52570788417,1.4364440005081596
2026-04-09T23:13:51.319,-37394.9086975178,-173774.04479785814,-109300.7086154709,0.5709533191149,1.16555916395701,0.62046250193157,208668.26003431325,1.4385720606197203
2026-04-09T23:17:51.319,-37257.831542111104,-173494.0917295379,-109151.65961557499,0.57135637988615,1.16738405899402,0.62161316447747,208332.5002804699,1.4407069723860069
2026-04-09T23:21:51.319,-37120.65760127347,-173213.6999743272,-109002.33397518819,0.57175986439395,1.16921489421467,0.62276784370058,207996.24489780024,1.4428487788166438
2026-04-09T23:25:51.319,-36983.38677329364,-172932.86810212588,-108852.73072716992,0.57216377275566,1.17105170680895,0.62392656579177,207659.4923282152,1.444997523310977
2026-04-09T23:29:51.319,-36846.01895643469,-172651.59467386774,-108702.8488980645,0.57256810506752,1.1728945343042,0.6250893571867,207322.24100400542,1.447153249662716
2026-04-09T23:33:51.319,-36708.55404893918,-172369.8782414392,-108552.687508042,0.57297286140423,1.17474341456904,0.62625624456878,206984.48934775544,1.4493160020645843
2026-04-09T23:37:51.319,-36570.99194903439,-172087.71734759683,-108402.24557083845,0.57337804181844,1.1765983858175,0.62742725487217,206646.23577225662,1.4514858251131226
2026-04-09T23:41:51.319,-36433.33255493765,-171805.11052588397,-108251.5220936953,0.57378364634029,1.17845948661304,0.62860241528487,206307.47868041936,1.4536627638134647
2026-04-09T23:45:51.319,-36295.57576486181,-171522.0563005464,-108100.51607729807,0.57418967497691,1.1803267558728,0.62978175325179,205968.2164651838,1.4558468635842838
2026-04-09T23:49:51.319,-36157.7214770208,-171238.55318644686,-107949.2265157144,0.57459612771192,1.18220023287178,0.63096529647796,205628.44750943003,1.4580381702627485
2026-04-09T23:53:51.319,-36019.76958963538,-170954.5996889788,-107797.65239633116,0.57500300450494,1.18407995724713,0.63215307293166,205288.17018588688,1.4602367301095445
2026-04-09T23:57:51.319,-35881.72000093893,-170670.19430397882,-107645.79269979094,0.57541030529102,1.18596596900253,0.63334511084773,204947.38285703975,1.46244258981402
2026-04-10T00:01:51.319,-35743.572609183386,-170385.33551763822,-107493.64639992762,0.57581802998015,1.18785830851261,0.63454143873086,204606.08387503726,1.4646557964993991
2026-04-10T00:05:51.319,-35605.327312645386,-170100.0218064134,-107341.21246370126,0.57622617845672,1.1897570165274,0.6357420853589,204264.2715815969,1.4668763977280086
2026-04-10T00:09:51.319,-35466.98400963243,-169814.25163693528,-107188.48985113214,0.57663475057891,1.19166213417695,0.63694707978632,203921.94430790955,1.4691044415066907
2026-04-10T00:13:51.319,-35328.542598489264,-169528.02346591753,-107035.47751523387,0.57704374617818,1.19357370297586,0.63815645134761,203579.10037454258,1.471339976292165
2026-04-10T00:17:51.319,-35190.00297760433,-169241.33574006366,-106882.17440194589,0.57745316505867,1.19549176482806,0.63937022966083,203235.73809134238,1.473583050996627
2026-04-10T00:21:51.319,-35051.36504541643,-168954.18689597302,-106728.57945006488,0.57786300699658,1.19741636203152,0.64058844463114,202891.855757335,1.475833714993282
2026-04-10T00:25:51.319,-34912.62870042148,-168666.57536004574,-106574.69159117549,0.57827327173962,1.1993475372831,0.64181112645443,202547.45166062607,1.478092018122074
2026-04-10T00:29:51.319,-34773.79384117944,-168378.49954838632,-106420.50974958009,0.57868395900636,1.20128533368345,0.643038305621,202202.5240782994,1.4803580106954395
2026-04-10T00:33:51.319,-34634.86036632135,-168089.95786670613,-106266.03284222768,0.57909506848559,1.20322979474201,0.64427001291927,201857.0712763143,1.4826317435041738
2026-04-10T00:37:51.319,-34495.828174556606,-167800.94871022474,-106111.25977864189,0.57950659983569,1.20518096438204,0.64550627943958,201511.0915094016,1.4849132678233687
2026-04-10T00:41:51.319,-34356.69716468028,-167511.47046356997,-105956.18946084805,0.57991855268399,1.20713888694578,0.64674713657805,201164.5830209586,1.4872026354184884
2026-04-10T00:45:51.319,-34217.4672355807,-167221.5215006767,-105800.82078329935,0.58033092662608,1.20910360719964,0.64799261604045,200817.5440429425,1.4894998985514607
2026-04-10T00:49:51.319,-34078.13828624712,-166931.10018468442,-105645.15263280203,0.58074372122509,1.21107517033953,0.64924274984619,200469.97279576253,1.4918051099869343
2026-04-10T00:53:51.319,-33938.71021577761,-166640.20486783356,-105489.18388843961,0.58115693601108,1.2130536219962,0.65049757033236,200121.86748817106,1.4941183229986137
2026-04-10T00:57:51.319,-33799.18292338706,-166348.8338913604,-105332.91342149623,0.58157057048023,1.21503900824071,0.65175711015783,199773.22631715296,1.4964395913756607
2026-04-10T01:01:51.319,-33659.55630841542,-166056.98558539085,-105176.34009537881,0.58198462409416,1.21703137558999,0.65302140230738,199424.04746781389,1.498768969429238
2026-04-10T01:05:51.319,-33519.830270336075,-165764.6582688326,-105019.46276553845,0.58239909627917,1.21903077101244,0.65429048009594,199074.3291132669,1.5011065119991163
2026-04-10T01:09:51.319,-33380.00470876441,-165471.85024926622,-104862.28027939059,0.58281398642548,1.22103724193369,0.65556437717291,198724.06941451805,1.503452274460449
2026-04-10T01:13:51.319,-33240.07952346657,-165178.55982283468,-104704.79147623424,0.58322929388645,1.22305083624235,0.65684312752646,198373.2665203501,1.5058063127305383
2026-04-10T01:17:51.319,-33100.05461436838,-164884.78527413154,-104546.99518717016,0.58364501797779,1.22507160229598,0.65812676548805,198021.91856720514,1.5081686832758787
2026-04-10T01:21:51.319,-32959.929881564516,-164590.5248760877,-104388.89023501793,0.58406115797673,1.227099588927,0.65941532573686,197670.02367906552,1.5105394431191064
2026-04-10T01:25:51.319,-32819.7052253278,-164295.7768898566,-104230.47543423192,0.58447771312121,1.22913484544887,0.66070884330439,197317.5799673333,1.5129186498462637
2026-04-10T01:29:51.319,-32679.380546118762,-164000.53956469824,-104071.74959081621,0.58489468260901,1.23117742166217,0.66200735357914,196964.58553070843,1.5153063616140006
2026-04-10T01:33:51.319,-32538.955744595358,-163704.81113786125,-103912.71150223832,0.58531206559692,1.23322736786097,0.66331089231129,196611.0384550648,1.5177026371570383
2026-04-10T01:37:51.319,-32398.43072162293,-163408.58983446396,-103753.35995734185,0.58572986119978,1.23528473483915,0.66461949561755,196256.93681332548,1.5201075357956322
2026-04-10T01:41:51.319,-32257.80537828438,-163111.87386737345,-103593.69373625792,0.58614806848967,1.23734957389694,0.66593319998599,195902.27866533565,1.5225211174432656
2026-04-10T01:45:51.319,-32117.07961589054,-162814.66143708338,-103433.71161031545,0.58656668649491,1.23942193684745,0.66725204228106,195547.06205773444,1.524943442614364
2026-04-10T01:49:51.319,-31976.25333599078,-162516.95073159004,-103273.41234195024,0.58698571419915,1.24150187602338,0.66857605974858,195191.2850238248,1.5273745724321834
2026-04-10T01:53:51.319,-31835.326440383862,-162218.73992626683,-103112.79468461279,0.58740515054039,1.24358944428385,0.66990529002093,194834.94558344176,1.529814568636872
2026-04-10T01:57:51.319,-31694.298831128996,-161920.02718373708,-102951.85738267493,0.58782499441,1.24568469502127,0.6712397711222,194478.04174281913,1.5322634935935577
2026-04-10T02:01:51.319,-31553.170410557166,-161620.81065374528,-102790.5991713352,0.58824524465169,1.2477876821684,0.67257954147351,194120.57149445429,1.534721410300655
2026-04-10T02:05:51.319,-31411.94108128268,-161321.08847302652,-102629.01877652285,0.58866590006053,1.24989846020546,0.67392463989845,193762.53281697136,1.5371883823983021
2026-04-10T02:09:51.319,-31270.610746214978,-161020.85876517417,-102467.11491480065,0.58908695938182,1.25201708416739,0.67527510562845,193403.92367498242,1.5396644741768402
2026-04-10T02:13:51.319,-31129.179308570707,-160720.11964050593,-102304.88629326632,0.58950842131009,1.25414360965124,0.67663097830845,193044.74201894712,1.5421497505855928
2026-04-10T02:17:51.319,-30987.64667188603,-160418.869195928,-102142.33160945261,0.58993028448792,1.25627809282363,0.67799229800253,192684.9857850302,1.544644277241633
2026-04-10T02:21:51.319,-30846.012740029226,-160117.10551479753,-101979.44955122602,0.59035254750489,1.25842059042842,0.67935910519964,192324.65289495757,1.5471481204388229
2026-04-10T02:25:51.319,-30704.27741721357,-159814.82666678305,-101816.23879668413,0.59077520889637,1.26057115979438,0.68073144081949,191963.7412558698,1.54966134715688
2026-04-10T02:29:51.319,-30562.440608010453,-159512.0307077232,-101652.69801405152,0.59119826714237,1.26272985884313,0.68210934621849,191602.2487601744,1.552184025070722
2026-04-10T02:33:51.319,-30420.50221736284,-159208.71567948355,-101488.8258615742,0.59162172066633,1.26489674609711,0.68349286319582,191240.1732853956,1.554716222559881
2026-04-10T02:37:51.319,-30278.46215059897,-158904.8796098113,-101324.62098741262,0.59204556783388,1.26707188068772,0.68488203399958,190877.5126940224,1.557258008718099
2026-04-10T02:41:51.319,-30136.320313446402,-158600.52051218826,-101160.08202953324,0.59246980695161,1.2692553223636,0.68627690133305,190514.26483335462,1.5598094533631013
2026-04-10T02:45:51.319,-29994.076612046323,-158295.6363856817,-100995.20761559844,0.59289443626575,1.27144713149902,0.68767750836109,190150.4275353466,1.5623706270465034
2026-04-10T02:49:51.319,-29851.7309529682,-157990.22521479303,-100829.99636285499,0.59331945396086,1.27364736910246,0.68908389871658,189785.99861644898,1.5649416010639097
2026-04-10T02:53:51.319,-29709.283243224734,-157684.28496930472,-100664.44687802096,0.59374485815852,1.27585609682529,0.69049611650706,189420.9758774486,1.5675224474651954
2026-04-10T02:57:51.319,-29566.733390287158,-157377.81360412485,-100498.55775717099,0.59417064691589,1.27807337697062,0.69191420632142,189055.35710330564,1.5701132390649193
2026-04-10T03:01:51.319,-29424.08130210084,-157070.80905912968,-100332.32758561992,0.59459681822437,1.2802992725023,0.69333821323672,188689.14006298923,1.5727140494529672
2026-04-10T03:05:51.319,-29281.32688710126,-156763.26925900395,-100165.75493780484,0.59502337000809,1.28253384705406,0.69476818282515,188322.32250931015,1.575324953005326
2026-04-10T03:09:51.319,-29138.47005423031,-156455.19211307893,-99998.8383771654,0.59545030012252,1.28477716493882,0.6962041611611,187954.9021787518,1.5779460248951045
2026-04-10T03:13:51.319,-28995.510712952982,-156146.5755151684,-99831.57645602239,0.59587760635288,1.28702929115816,0.69764619482834,187586.8767912985,1.580577341103679
2026-04-10T03:17:51.319,-28852.44877327438,-155837.41734340214,-99663.96771545465,0.59630528641266,1.28929029141192,0.69909433092735,187218.24405026156,1.583218978432067
2026-04-10T03:21:51.319,-28709.284145757138,-155527.7154600572,-99496.01068517417,0.59673333794202,1.29156023210804,0.70054861708275,186849.00164210307,1.5858710145125146
2026-04-10T03:25:51.319,-28566.01674153922,-155217.46771138674,-99327.70388339936,0.59716175850617,1.2938391803725,0.7020091014509,186479.1472362568,1.5885335278202548
2026-04-10T03:29:51.319,-28422.646472352095,-154906.67192744656,-99159.04581672652,0.59759054559374,1.29612720405944,0.70347583272763,186108.67848494742,1.591206597685479
2026-04-10T03:33:51.319,-28279.173250539316,-154595.325921919,-98990.03497999944,0.59801969661506,1.2984243717615,0.70494886015605,185737.59302300622,1.5938903043055155
2026-04-10T03:37:51.319,-28135.596989075522,-154283.4274919345,-98820.6698561771,0.59844920890049,1.30073075282032,0.70642823353459,185365.888467685,1.5965847287572745
2026-04-10T03:41:51.319,-27991.917601585847,-153970.97441789063,-98650.94891619941,0.59887907969857,1.30304641733718,0.70791400322509,184993.5624184671,1.5992899530097846
2026-04-10T03:45:51.319,-27848.135002365765,-153657.96446326835,-98480.87061885097,0.59930930617431,1.30537143618393,0.70940622016116,184620.6124568757,1.6020060599371566
2026-04-10T03:49:51.319,-27704.24910640137,-153344.3953744458,-98310.43341062288,0.59973988540724,1.30770588101397,0.71090493585653,184247.03614627945,1.6047331333315173
2026-04-10T03:53:51.319,-27560.2598293901,-153030.2648805094,-98139.63572557247,0.6001708143896,1.31004982427357,0.7124102024137,183872.83103169544,1.6074712579164259
2026-04-10T03:57:51.319,-27416.16708776193,-152715.57069306224,-97968.47598518096,0.60060209002434,1.31240333921332,0.71392207253265,183497.9946395893,1.610220519360374
2026-04-10T04:01:51.319,-27271.97079870104,-152400.3105060295,-97796.95259820898,0.60103370912317,1.31476649989976,0.71544059951977,183122.5244776724,1.6129810042905741
2026-04-10T04:05:51.319,-27127.670880167952,-152084.4819954613,-97625.06396054993,0.60146566840452,1.31713938122725,0.71696583729693,182746.41803469628,1.6157528003069923
2026-04-10T04:09:51.319,-26983.267250922167,-151768.08281933266,-97452.80845508122,0.60189796449145,1.31952205893009,0.71849784041068,182369.67278024397,1.6185359959966494
2026-04-10T04:13:51.319,-26838.7598305453,-151451.11061734022,-97280.18445151315,0.60233059390955,1.32191460959478,0.7200366640417,181992.28616451836,1.6213306809481682
2026-04-10T04:17:51.319,-26694.148539464746,-151133.56301069644,-97107.19030623563,0.60276355308473,1.32431711067259,0.72158236401436,181614.25561812767,1.6241369457666053
2026-04-10T04:21:51.319,-26549.433298977863,-150815.4376019204,-96933.82436216249,0.603196838341,1.32672964049226,0.72313499680648,181235.57855186763,1.626954882088501
2026-04-10T04:25:51.319,-26404.614031276706,-150496.73197462567,-96760.08494857347,0.6036304458982,1.329152278273,0.72469461955928,180856.25235650042,1.6297845825972634
2026-04-10T04:29:51.319,-26259.690659473297,-150177.44369330507,-96585.97038095382,0.60406437186964,1.33158510413773,0.7262612900875,180476.27440253063,1.6326261410388208
2026-04-10T04:33:51.319,-26114.663107625493,-149857.57030311212,-96411.47896083139,0.60449861225971,1.33402819912654,0.72783506688973,180095.64203997774,1.6354796522375605
2026-04-10T04:37:51.319,-25969.5313007634,-149537.10932963926,-96236.60897561126,0.60493316296144,1.33648164521037,0.7294160091589,179714.35259814537,1.6383452121125286
2026-04-10T04:41:51.319,-25824.295164916424,-149216.05827869283,-96061.35869840783,0.60536801975399,1.338945525305,0.73100417679302,179332.40338538698,1.6412229176939952
2026-04-10T04:45:51.319,-25678.954627140887,-148894.41463606458,-95885.72638787424,0.60580317830004,1.34141992328528,0.73259963040608,178949.7916888683,1.644112867140283
2026-04-10T04:49:51.319,-25533.509615548308,-148572.17586729978,-95709.71028802928,0.60623863414321,1.34390492399959,0.73420243133917,178566.51477432618,1.6470151597549176
2026-04-10T04:53:51.319,-25387.9600593343,-148249.33941746177,-95533.30862808148,0.60667438270531,1.34640061328463,0.73581264167183,178182.56988582358,1.6499298960041222
2026-04-10T04:57:51.319,-25242.30588880812,-147925.90271089302,-95356.5196222505,0.60711041928363,1.34890707798043,0.73743032423361,177797.9542455013,1.6528571775346272
2026-04-10T05:01:51.319,-25096.547035422922,-147601.86315097238,-95179.34146958578,0.60754673904804,1.35142440594568,0.73905554261581,177412.66505332585,1.655797107191787
2026-04-10T05:05:51.319,-24950.68343180665,-147277.2181198689,-95001.77235378217,0.60798333703815,1.35395268607334,0.74068836118353,177026.6994868331,1.6587497890381178
2026-04-10T05:09:51.319,-24804.715011793684,-146951.96497829157,-94823.81044299288,0.6084202081603,1.35649200830653,0.74232884508789,176640.05470086896,1.661715328372109
2026-04-10T05:13:51.319,-24658.641710457166,-146626.10106523545,-94645.45388963925,0.60885734718455,1.35904246365473,0.7439770602785,176252.72782732517,1.6646938317474373
2026-04-10T05:17:51.319,-24512.463464142107,-146299.62369772364,-94466.70083021763,0.60929474874149,1.36160414421032,0.74563307351618,175864.71597487165,1.6676854069925353
2026-04-10T05:21:51.319,-24366.18021049921,-145972.5301705455,-94287.54938510315,0.60973240731912,1.3641771431654,0.74729695238593,175476.0162286847,1.6706901632305675
2026-04-10T05:25:51.319,-24219.79188851951,-145644.8177559906,-94107.99765835029,0.61017031725952,1.36676155482889,0.74896876531019,175086.62565017058,1.6737082108997192
2026-04-10T05:29:51.319,-24073.298438569786,-145316.48370357856,-93928.04373749033,0.61060847275552,1.36935747464412,0.75064858156228,174696.54127668572,1.6767396617740074
2026-04-10T05:33:51.319,-23926.699802428786,-144987.52523978477,-93747.68569332547,0.61104686784724,1.37196499920653,0.75233647128015,174305.76012125163,1.6797846289843124
2026-04-10T05:37:51.319,-23779.995923324317,-144657.93956776155,-93566.92157971965,0.61148549641854,1.37458422628193,0.75403250548047,173914.27917226602,1.6828432270400222
2026-04-10T05:41:51.319,-23633.18674597116,-144327.72386705523,-93385.7494333859,0.61192435219345,1.37721525482499,0.75573675607286,173522.09539320928,1.6859155718509646
2026-04-10T05:45:51.319,-23486.27221660989,-143996.87529331842,-93204.16727367039,0.61236342873242,1.3798581849981,0.75744929587455,173129.20572234638,1.6890017807498097
2026-04-10T05:49:51.319,-23339.25228304657,-143665.3909780179,-93022.1731023327,0.61280271942853,1.38251311819065,0.75917019862522,172735.60707242382,1.6921019725149227
2026-04-10T05:53:51.319,-23192.12689469341,-143333.26802813786,-92839.76490332272,0.61324221750359,1.38518015703867,0.76089953900224,172341.29633036244,1.6952162673936964
2026-04-10T05:57:51.319,-23044.89600261033,-143000.50352587813,-92656.94064255367,0.61368191600412,1.38785940544482,0.7626373926361,171946.2703569447,1.6983447871262554
2026-04-10T06:01:51.319,-22897.559559547528,-142667.09452834798,-92473.69826767151,0.6141218077973,1.39055096859885,0.7643838361263,171550.52598649752,1.7014876549697862
2026-04-10T06:05:51.319,-22750.117519989028,-142333.0380672546,-92290.03570782044,0.6145618855667,1.3932549529984,0.76613894705743,171154.0600265697,1.704644995723197
2026-04-10T06:09:51.319,-22602.569840197248,-141998.33114858659,-92105.9508734045,0.61500214180801,1.39597146647022,0.76790280401566,170756.86925760453,1.707816935752357
2026-04-10T06:13:51.319,-22454.916478258638,-141662.97075229255,-91921.44165584515,0.61544256882459,1.3987006181919,0.76967548660554,170358.95043260689,1.7110036030158697
2026-04-10T06:17:51.319,-22307.157394130365,-141326.95383195416,-91736.5059273349,0.61588315872295,1.40144251871393,0.77145707546716,169960.30027680512,1.7142051270913135
2026-04-10T06:21:51.319,-22159.29254968813,-140990.27731445394,-91551.14154058658,0.61632390340808,1.40419727998224,0.77324765229365,169560.91548730741,1.7174216392020147
2026-04-10T06:25:51.319,-22011.321908775088,-140652.93809963766,-91365.34632857854,0.61676479457866,1.40696501536126,0.77504729984907,169160.7927327527,1.7206532722444408
2026-04-10T06:29:51.319,-21863.245437251957,-140314.93305997108,-91179.11810429541,0.61720582372221,1.40974583965736,0.77685610198665,168759.9286529558,1.7239001608160893
2026-04-10T06:33:51.319,-21715.0631030483,-139976.25904019095,-90992.4546604645,0.61764698210997,1.41253986914282,0.7786741436674,168358.31985854663,1.7271624412439401
2026-04-10T06:37:51.319,-21566.774876215037,-139636.9128569504,-90805.35376928763,0.61808826079183,1.41534722158028,0.78050151097918,167955.96293060386,1.7304402516135802
2026-04-10T06:41:51.319,-21418.380728978216,-139296.89129845813,-90617.8131821684,0.61852965059098,1.41816801624771,0.78233829115608,167552.85442028224,1.733733731798854
2026-04-10T06:45:51.319,-21269.880635794063,-138956.19112411176,-90429.83062943465,0.61897114209848,1.42100237396385,0.78418457259827,167148.9908484339,1.737043023492143
2026-04-10T06:49:51.319,-21121.27457340536,-138614.80906412497,-90241.4038200563,0.61941272566768,1.42385041711423,0.78604044489229,166744.36870522337,1.740368270235326
2026-04-10T06:53:51.319,-20972.562520899184,-138272.7418191482,-90052.530441358,0.61985439140849,1.42671226967773,0.7879059988317,166338.9844497361,1.7437096174513542
2026-04-10T06:57:51.319,-20823.744459766025,-137929.9860598831,-89863.20815872704,0.62029612918152,1.42958805725364,0.78978132643826,165932.83450958066,1.747067212476495
2026-04-10T07:01:51.319,-20674.820373960356,-137586.53842669015,-89673.43461531593,0.62073792859201,1.43247790708935,0.7916665209835,165525.91528048395,1.7504412045932596
2026-04-10T07:05:51.319,-20525.790249962654,-137242.39552919005,-89483.20743173985,0.62117977898363,1.43538194810862,0.79356167701078,165118.22312588,1.7538317450640497
2026-04-10T07:09:51.319,-20376.65407684293,-136897.55394585765,-89292.52420576868,0.62162166943215,1.43830031094039,0.79546689035786,164709.75437649136,1.757238987165502
2026-04-10T07:13:51.319,-20227.41184632582,-136552.0102236093,-89101.38251201366,0.62206358873883,1.44123312794826,0.79738225817989,164300.50532990383,1.760663086223545
2026-04-10T07:17:51.319,-20078.06355285726,-136205.76087738294,-88909.7799016083,0.6225055254238,1.44418053326062,0.799307878973,163890.47225013364,1.764104199649331
2026-04-10T07:21:51.319,-19928.609193672786,-135858.80238971082,-88717.71390188375,0.62294746771908,1.44714266280132,0.80124385259833,163479.65136718738,1.7675624869757571
2026-04-10T07:25:51.319,-19779.048768867524,-135511.13121028492,-88525.18201603823,0.62338940356152,1.45011965432113,0.80319028030662,163068.0388766143,1.771038109894942
2026-04-10T07:29:51.319,-19629.382281467904,-135162.7437555146,-88332.18172280054,0.62383132058553,1.45311164742979,0.80514726476335,162655.63093905099,1.7745312322964364
2026-04-10T07:33:51.319,-19479.609737505136,-134813.6364080765,-88138.71047608739,0.62427320611561,1.45611878362879,0.80711491007442,162242.42367975804,1.7780420203062945
2026-04-10T07:37:51.319,-19329.731146090508,-134463.80551645663,-87944.76570465464,0.62471504715862,1.45914120634485,0.80909332181245,161828.4131881488,1.7815706423269904
2026-04-10T07:41:51.319,-19179.746519492564,-134113.24739448403,-87750.34481174202,0.62515683039593,1.46217906096416,0.81108260704362,161413.59551730976,1.7851172690782513
2026-04-10T07:45:51.319,-19029.655873216187,-133761.95832085653,-87555.4451747114,0.62559854217528,1.46523249486734,0.81308287435513,160997.96668351276,1.7886820736387463
2026-04-10T07:49:51.319,-18879.45922608367,-133409.93453865766,-87360.06414467843,0.62604016850245,1.46830165746521,0.81509423388328,160581.52266571834,1.7922652314887517
2026-04-10T07:53:51.319,-18729.15660031781,-133057.1722548651,-87164.19904613725,0.62648169503266,1.47138670023528,0.81711679734225,160164.25940507045,1.795866920553724
2026-04-10T07:57:51.319,-18578.748021627092,-132703.66763985014,-86967.84717657833,0.6269231070618,1.47448777675913,0.81915067805341,159746.1728043824,1.7994873212488787
2026-04-10T08:01:51.319,-18428.233519293026,-132349.4168268683,-86771.00580609919,0.62736438951732,1.47760504276059,0.82119599097543,159327.25872761328,1.8031266165247752
2026-04-10T08:05:51.319,-18277.613126259657,-131994.41591154036,-86573.67217700765,0.62780552694896,1.48073865614481,0.823252852735,158907.51299933527,1.806784991913956
2026-04-10T08:09:51.319,-18126.886879225385,-131638.6609513241,-86375.8435034179,0.62824650351911,1.48388877703809,0.8253213816583,158486.93140419127,1.8104626355785283
2026-04-10T08:13:51.319,-17976.054818737095,-131282.1479649764,-86177.51697083865,0.62868730299304,1.48705556782881,0.82740169780318,158065.50968634296,1.814159738359032
2026-04-10T08:17:51.319,-17825.11698928668,-130924.87293200535,-85978.68973575365,0.62912790872867,1.4902391932091,0.82949392299213,157643.24354890853,1.8178764938242347
2026-04-10T08:21:51.319,-17674.073439410036,-130566.83179211215,-85779.35892519413,0.62956830366623,1.4934398202176,0.83159818084597,157220.12865339048,1.8216130983222203
2026-04-10T08:25:51.319,-17522.92422178862,-130208.02044462283,-85579.52163630308,0.63000847031748,1.49665761828308,0.83371459681836,156796.16061909273,1.825369751032528
2026-04-10T08:29:51.319,-17371.669393353564,-129848.43474790924,-85379.17493589116,0.63044839075472,1.49989275926917,0.83584329823113,156371.33502252746,1.8291466540196262
2026-04-10T08:33:51.319,-17220.309015392522,-129488.07051879918,-85178.315859984,0.63088804659942,1.50314541752006,0.83798441431042,155945.6473968104,1.8329440122875456
2026-04-10T08:37:51.319,-17068.843153659265,-129126.92353197557,-84976.94141336072,0.63132741901052,1.5064157699073,0.84013807622375,155519.09323104552,1.8367620338358563
2026-04-10T08:41:51.319,-16917.271878486106,-128764.98951936404,-84775.04856908352,0.63176648867246,1.50970399587761,0.84230441711787,155091.66796969788,1.8406009297168755
2026-04-10T08:45:51.319,-16765.595264899282,-128402.26416950913,-84572.63426801798,0.63220523578277,1.51301027750195,0.84448357215764,154663.36701195518,1.8444609140943604
2026-04-10T08:49:51.319,-16613.81339273731,-128038.74312693843,-84369.69541834398,0.63264364003934,1.5163347995256,0.84667567856573,154234.1857110769,1.8483422043034419
2026-04-10T08:53:51.319,-16461.926346772478,-127674.42199151462,-84166.22889505696,0.63308168062734,1.5196777494195,0.84888087566342,153804.11937373146,1.8522450209121224
2026-04-10T08:57:51.319,-16309.934216835514,-127309.29631777506,-83962.23153945927,0.63351933620569,1.52303931743281,0.85109930491223,153373.16325932098,1.8561695877841493
2026-04-10T09:01:51.319,-16157.837097943539,-126943.36161425854,-83757.70015864138,0.63395658489316,1.52641969664668,0.85333110995674,152941.31257929286,1.8601161321434592
2026-04-10T09:05:51.319,-16005.635090431404,-126576.61334281901,-83552.63152495274,0.6343934042541,1.52981908302934,0.85557643666833,152508.56249643848,1.8640848846401588
2026-04-10T09:09:51.319,-15853.328300086525,-126209.04691792601,-83347.02237546197,0.63482977128365,1.53323767549253,0.85783543319005,152074.9081241785,1.8680760794181133
2026-04-10T09:13:51.319,-15700.9168382873,-125840.65770595128,-83140.86941140615,0.63526566239261,1.53667567594923,0.86010824998266,151640.3445258342,1.8720899541841942
2026-04-10T09:17:51.319,-15548.400822145217,-125471.44102444136,-82934.169297629,0.63570105339174,1.54013328937284,0.86239503987169,151204.86671388504,1.8761267502791665
2026-04-10T09:21:51.319,-15395.780374650789,-125101.3921413759,-82726.9186620075,0.63613591947571,1.5436107238578,0.86469595809582,150768.46964921145,1.880186712750427
2026-04-10T09:25:51.319,-15243.0556248234,-124730.50627441115,-82519.11409486682,0.63657023520645,1.54710819068171,0.86701116235635,150331.1482403232,1.8842700904264595
2026-04-10T09:29:51.319,-15090.226707865206,-124358.77859010844,-82310.75214838321,0.63700397449604,1.55062590436887,0.86934081286804,149892.89734257243,1.8883771359931236
2026-04-10T09:33:51.319,-14937.293765319193,-123986.20420314714,-82101.82933597463,0.63743711058913,1.55416408275556,0.87168507241114,149453.71175735132,1.8925081060719566
2026-04-10T09:37:51.319,-14784.256945231547,-123612.7781755218,-81892.34213167855,0.6378696160447,1.55772294705683,0.8740441063848,149013.58623127383,1.8966632613003374
2026-04-10T09:41:51.319,-14631.116402318443,-123238.4955157231,-81682.28696951694,0.63830146271735,1.56130272193493,0.87641808286186,148572.51545534123,1.9008428664136834
2026-04-10T09:45:51.319,-14477.872298137398,-122863.35117790209,-81471.6602428478,0.638732621738,1.56490363556956,0.878807172645,148130.494064091,1.9050471903297892
2026-04-10T09:49:51.319,-14324.524801263342,-122487.34006101743,-81260.45830370323,0.63916306349394,1.5685259197298,0.8812115493244,147687.51663472856,1.9092765062352501
2026-04-10T09:53:51.319,-14171.07408746954,-122110.45700796512,-81048.6774621132,0.63959275760829,1.5721698098479,0.88363138933687,147243.57768624174,1.9135310916741244
2026-04-10T09:57:51.319,-14017.520339913515,-121732.69680469029,-80836.31398541528,0.64002167291883,1.57583554509494,0.88606687202652,146798.6716784971,1.9178112286388738
2026-04-10T10:01:51.319,-13863.863749328146,-121354.05417928062,-80623.3640975493,0.64044977745614,1.57952336845838,0.88851817970703,146352.79301131808,1.9221172036636112
2026-04-10T10:05:51.319,-13710.104514218085,-120974.52380104088,-80409.82397833712,0.64087703842104,1.58323352682168,0.89098549772561,145905.9360235441,1.9264493079198557
2026-04-10T10:09:51.319,-13556.242841061676,-120594.10027954816,-80195.68976274671,0.64130342216133,1.5869662710459,0.89346901452854,145458.09499207072,1.9308078373146724
2026-04-10T10:13:51.319,-13402.27894451855,-120212.77816368724,-79980.95754014028,0.64172889414778,1.59072185605345,0.89596892172858,145009.26413086953,1.9351930925914704
2026-04-10T10:17:51.319,-13248.213047643061,-119830.55194066557,-79765.62335350616,0.64215341894935,1.594500540914,0.89848541417415,144559.4375899882,1.9396053794334227
2026-04-10T10:21:51.319,-13094.045382103779,-119447.41603500741,-79549.68319867367,0.64257696020765,1.59830258893266,0.90101869002028,144108.60945452942,1.9440450085696084
2026-04-10T10:25:51.319,-12939.776188409212,-119063.36480752654,-79333.13302351083,0.64299948061046,1.60212826774046,0.90356895080164,143656.77374360853,1.948512295884002
2026-04-10T10:29:51.319,-12785.405716139967,-118678.39255427691,-79115.96872710435,0.64342094186454,1.60597784938719,0.9061364015074,143203.92440928952,1.953007562527328
2026-04-10T10:33:51.319,-12630.934224187558,-118292.49350548076,-78898.1861589213,0.64384130466744,1.6098516104368,0.90872125065827,142750.05533549807,1.957531135032023
2026-04-10T10:37:51.319,-12476.361981000096,-117905.66182443351,-78679.78111795211,0.64426052867844,1.61374983206522,0.91132371038551,142295.16033691194,1.9620833454301478
2026-04-10T10:41:51.319,-12321.689264835048,-117517.89160638492,-78460.74935183435,0.64467857248851,1.61767280016091,0.91394399651228,141839.23315782752,1.9666645313746574
2026-04-10T10:45:51.319,-12166.916364019338,-117129.17687739569,-78241.08655595667,0.64509539358927,1.62162080542804,0.91658232863711,141382.26747100212,1.9712750362638412
2026-04-10T10:49:51.319,-12012.043577217017,-116739.51159316908,-78020.78837254245,0.64551094834098,1.6255941434925,0.91923893021976,140924.2568764713,1.9759152093692571
2026-04-10T10:53:51.319,-11857.071213704741,-116348.88963785669,-77799.85038971259,0.64592519193934,1.62959311501082,0.92191402866951,140465.19490034063,1.9805854059671821
2026-04-10T10:57:51.319,-11701.999593655353,-115957.30482283769,-77578.26814052678,0.64633807838132,1.63361802578198,0.92460785543585,140005.07499355113,1.9852859874736315
2026-04-10T11:01:51.319,-11546.829048429803,-115564.75088547093,-77356.0371020027,0.64674956042974,1.63766918686243,0.92732064610183,139543.89053061776,1.9900173215832646
2026-04-10T11:05:51.319,-11391.559920877711,-115171.22148781907,-77133.15269411248,0.64715958957665,1.64174691468414,0.93005264048002,139081.63480834014,1.9947797824120255
2026-04-10T11:09:51.319,-11236.19256564686,-114776.71021534392,-76909.61027875586,0.64756811600556,1.64585153117604,0.93280408271121,138618.3010444849,1.9995737506439235
2026-04-10T11:13:51.319,-11080.72734950192,-114381.21057557224,-76685.4051587093,0.64797508855224,1.64998336388882,0.93557522136598,138153.88237643847,2.0043996136819007
2026-04-10T11:17:51.319,-10925.164651652738,-113984.71599673125,-76460.5325765503,0.64838045466432,1.65414274612319,0.93836630954916,137688.3718598303,2.0092577658029813
2026-04-10T11:21:51.319,-10769.504864092482,-113587.21982635283,-76234.98771355637,0.64878416035936,1.65833001706179,0.94117760500738,137221.76246712473,2.0141486083178632
2026-04-10T11:25:51.319,-10613.748391946026,-113188.71532984565,-76008.7656885778,0.64918615018156,1.6625455219049,0.94400937023971,136754.0470861813,2.0190725497351414
2026-04-10T11:29:51.319,-10457.895653828908,-112789.19568903433,-75781.86155688344,0.64958636715695,1.6667896120099,0.94686187261159,136285.21851878252,2.0240300059301997
2026-04-10T11:33:51.319,-10301.94708221722,-112388.65400066451,-75554.27030897875,0.64998475274697,1.67106264503483,0.94973538447212,135815.26947912783,2.029021400319067
2026-04-10T11:37:51.319,-10145.903123828855,-111987.08327487312,-75325.98686939539,0.65038124680043,1.67536498508602,0.9526301832748,135344.1925922934,2.0340471640372897
2026-04-10T11:41:51.319,-9989.764240016451,-111584.4764336226,-75097.00609545119,0.65077578750382,1.67969700287006,0.9555465517019,134871.98039265614,2.039107736124129
2026-04-10T11:45:51.319,-9833.530907172504,-111180.82630909825,-74867.32277598002,0.6511683113298,1.68405907585011,0.95848477779259,134398.62532228135,2.044203563712122
2026-04-10T11:49:51.319,-9677.203617147043,-110776.1256420673,-74636.9316300304,0.65155875298386,1.68845158840692,0.96144515507489,133924.11972927293,2.0493351022223556
2026-04-10T11:53:51.319,-9520.782877678343,-110370.36708019902,-74405.82730553189,0.65194704534911,1.69287493200443,0.96442798270164,133448.4558660849,2.0545028155654577
2026-04-10T11:57:51.319,-9364.269212837125,-109963.54317634432,-74174.00437792839,0.65233311942901,1.69732950536042,0.96743356559064,132971.62588779296,2.059707176348728
2026-04-10T12:01:51.319,-9207.66316348475,-109555.64638677386,-73941.45734877737,0.65271690428807,1.70181571462214,0.97046221456908,132493.62185032567,2.064948666089448
2026-04-10T12:05:51.319,-9050.96528774589,-109146.66906937341,-73708.1806443138,0.65309832699038,1.70633397354727,0.97351424652242,132014.43570865307,2.070227775434714
2026-04-10T12:09:51.319,-8894.17616149623,-108736.60348179504,-73474.16861397783,0.65347731253592,1.71088470369027,0.97658998454792,131534.05931493218,2.07554500438796
2026-04-10T12:13:51.319,-8737.296378865745,-108325.44177956301,-73239.41552890507,0.65385378379446,1.7154683345944,0.97968975811292,131052.4844166079,2.0809008625424155
2026-04-10T12:17:51.319,-8580.326552758117,-107913.17601413281,-73003.91558037828,0.65422766143703,1.72008530398964,0.98281390321814,130569.70265446794,2.08629586932184
2026-04-10T12:21:51.319,-8423.267315386896,-107499.798130902,-72767.66287823928,0.65459886386493,1.72473605799653,0.98596276256608,130085.70556065039,2.091730554228628
2026-04-10T12:25:51.319,-8266.119318829047,-107085.29996717135,-72530.65144925972,0.65496730713595,1.72942105133646,0.98913668573485,129600.4845566026,2.097205457099792
2026-04-10T12:29:51.319,-8108.883235596498,-106669.67325005484,-72292.87523546955,0.65533290488793,1.73414074754836,0.9923360293575,129114.03095098985,2.102721128370913
2026-04-10T12:33:51.319,-7951.559759226402,-106252.9095943367,-72054.32809244176,0.65569556825934,1.73889561921215,0.99556115730711,128626.33593755237,2.108278129348407
2026-04-10T12:37:51.319,-7794.149604890809,-105835.0005002741,-71815.00378753198,0.65605520580692,1.74368614817927,0.99881244088786,128137.39059290879,2.1138770324905334
2026-04-10T12:41:51.319,-7636.653510026483,-105415.93735134354,-71574.89599807137,0.65641172342012,1.74851282581037,1.00209025903241,127647.18587430479,2.119518421697339
2026-04-10T12:45:51.319,-7479.072234985639,-104995.71141192947,-71333.99830951157,0.6567650242323,1.75337615322063,1.00539499850558,127155.71261730521,2.1252028926099418
2026-04-10T12:49:51.319,-7321.406563708412,-104574.31382495287,-71092.30421351982,0.65711500852843,1.75827664153287,1.0087270541149,126662.96153342731,2.1309310529195336
2026-04-10T12:53:51.319,-7163.657304417897,-104151.7356094383,-70849.80710602274,0.65746157364929,1.76321481213875,1.01208682892799,126168.9232077143,2.1367035226863837
2026-04-10T12:57:51.319,-7005.825290338625,-103727.96765801721,-70606.50028519712,0.65780461389185,1.76819119696843,1.01547473449727,125673.5880962462,2.142520934669334
2026-04-10T13:01:51.319,-6847.911380439417,-103303.0007343654,-70362.37694940587,0.65814402040581,1.77320633876903,1.01889119109222,125176.94652358688,2.1483839346662212
2026-04-10T13:05:51.319,-6689.916460201565,-102876.82547057269,-70117.43019507722,0.65847968108596,1.77826079139211,1.02233662793939,124678.98868016487,2.1542931818654685
2026-04-10T13:09:51.319,-6531.84144241333,-102449.43236444237,-69871.65301452547,0.65881148046038,1.78335512009062,1.02581148347062,124179.70461958558,2.160249349209489
2026-04-10T13:13:51.319,-6373.687267991831,-102020.81177671831,-69625.03829371103,0.65913929957409,1.78848990182575,1.02931620557975,123679.08425587357,2.1662531237703497
2026-04-10T13:17:51.319,-6215.454906833405,-101590.95392823711,-69377.57880993791,0.65946301586801,1.79366572558386,1.03285125188808,123177.11736064138,2.17230520713798
2026-04-10T13:21:51.319,-6057.145358693596,-101159.84889700293,-69129.26722948636,0.65978250305312,1.79888319270413,1.0364170900191,122673.7935601836,2.178406315821753
2026-04-10T13:25:51.319,-5898.759654097955,-100727.48661518247,-68880.09610517835,0.6600976309794,1.8041429172172,1.04001419788275,122169.10233249316,2.184557181665727
2026-04-10T13:29:51.319,-5740.298855284941,-100293.8568660172,-68630.05787387381,0.66040826549948,1.80944552619533,1.04364306396958,121663.03300419729,2.1907585522782145
2026-04-10T13:33:51.319,-5581.764057182207,-99858.94928065018,-68379.1448538949,0.66071426832664,1.81479166011441,1.0473041876554,121155.57474741085,2.19701119147622
2026-04-10T13:37:51.319,-5423.156388417664,-99422.75333486445,-68127.34924237593,0.66101549688693,1.82018197322857,1.05099807951663,120646.71657650363,2.2033158797454737
2026-04-10T13:41:51.319,-5264.477012366774,-98985.25834573012,-67874.66311253623,0.66131180416519,1.82561713395755,1.05472526165697,120136.44734477942,2.2096734147165193
2026-04-10T13:45:51.319,-5105.72712823757,-98546.45346815669,-67621.07841087328,0.66160303854454,1.83109782528769,1.05848626804584,119624.75574106333,2.216084611657751
2026-04-10T13:49:51.319,-4946.907972194996,-98106.3276913476,-67366.58695427304,0.66188904363913,1.8366247451869,1.06228164486896,119111.63028619444,2.222550303985912
2026-04-10T13:53:51.319,-4788.020818526235,-97664.86983515341,-67111.18042703473,0.66216965811982,1.8421986070342,1.06611195089187,118597.0593294206,2.22907134379493
2026-04-10T13:57:51.319,-4629.066980848759,-97222.06854632004,-66854.85037780677,0.66244471553241,1.84782014006462,1.06997775783662,118081.03104469179,2.235648602403859
2026-04-10T14:01:51.319,-4470.047813362941,-96777.91229462838,-66597.58821643054,0.662714044108,1.85349008982987,1.07387965077247,117563.53342684875,2.2422829709246606
2026-04-10T14:05:51.319,-4310.964712151138,-96332.38936892136,-66339.38521068876,0.66297746656527,1.8592092186756,1.07781822852107,117044.55428770292,2.248975360850789
2026-04-10T14:09:51.319,-4151.819116525271,-95885.48787301438,-66080.2324829548,0.66323479990403,1.864978306236,1.08179410407687,116524.08125200425,2.2557267046675036
2026-04-10T14:13:51.319,-3992.612510425015,-95437.19572148497,-65820.12100673918,0.66348585518987,1.87079814994628,1.08580790504325,116002.10175329246,2.2625379564846795
2026-04-10T14:17:51.319,-3833.346423868813,-94987.50063533711,-65559.0416031294,0.66373043732913,1.87666956557409,1.08986027408536,115478.603029628,2.2694100926933802
2026-04-10T14:21:51.319,-3674.02243446007,-94536.3901375358,-65296.984937119116,0.66396834483413,1.88259338777046,1.0939518694001,114953.57211919798,2.2763441126470325
2026-04-10T14:25:51.319,-3514.64216895096,-94083.85154840679,-65033.94151382226,0.66419936957768,1.88857047064126,1.09808336520434,114426.99585579301,2.2833410393684135
2026-04-10T14:29:51.319,-3355.207304866445,-93629.87198089685,-64769.90167456783,0.66442329653672,1.89460168834007,1.10225545224197,113898.86086414977,2.290401920283625
2026-04-10T14:33:51.319,-3195.719572191205,-93174.4383356888,-64504.855592870554,0.6646399035243,1.90068793568337,1.10646883831075,113369.15355515468,2.2975278279842097
2026-04-10T14:37:51.319,-3036.180755122355,-92717.5372961664,-64238.79327027269,0.66484896090935,1.90683012878911,1.1107242488099,112837.86012090363,2.304719861018786
2026-04-10T14:41:51.319,-2876.592693890937,-92259.15532322283,-63971.70453205181,0.66505023132359,1.91302920573969,1.11502242730935,112304.96652961186,2.3119791447155023
2026-04-10T14:45:51.319,-2716.957286655361,-91799.27864990722,-63703.57902278924,0.66524346935495,1.91928612727048,1.1193641361417,111770.45852036923,2.319306832036801
2026-04-10T14:49:51.319,-2557.276491470133,-91337.89327590259,-63434.40620179365,0.66542842122669,1.92560187748499,1.123750157018,111234.32159773419,2.326704104467937
2026-04-10T14:53:51.319,-2397.552328333369,-90874.9849618289,-63164.17533837383,0.66560482446151,1.93197746459804,1.12818129166836,110696.54102616107,2.3341721729408906
2026-04-10T14:57:51.319,-2237.786881316813,-90410.53922336426,-62892.87550695464,0.66577240752982,1.93841392170814,1.1326583625088,110157.10182425361,2.3417122787953906
2026-04-10T15:01:51.319,-2077.982300782251,-89944.54132517712,-62620.495582029645,0.66593088948135,1.94491230760052,1.1371822133354,109615.9887588387,2.3493256947787806
2026-04-10T15:05:51.319,-1918.140805688443,-89476.9762746619,-62347.02423294376,0.66607997955908,1.95147370758215,1.14175371004726,109073.18633885292,2.3570137260865773
2026-04-10T15:09:51.319,-1758.264685992914,-89007.82881547019,-62072.44991849876,0.66621937679459,1.95809923435044,1.1463737413995,108528.67880903458,2.3647777114457584
2026-04-10T15:13:51.319,-1598.356305153197,-88537.08342082937,-61796.760881374306,0.66634876958385,1.96479002889706,1.15104321978805,107982.45014341394,2.3726190242428853
2026-04-10T15:17:51.319,-1438.418102732357,-88064.72428663976,-61519.9451423567,0.66646783524215,1.97154726144875,1.15576308206756,107434.48403859315,2.3805390736992176
2026-04-10T15:21:51.319,-1278.452597113927,-87590.73532434154,-61241.99049436715,0.66657623953726,1.97837213244677,1.1605342904043,106884.76390680796,2.3885393060952183
2026-04-10T15:25:51.319,-1118.462388331652,-87115.10015354164,-60962.884496280996,0.66667363619932,1.985265873567,1.16535783316564,106333.27286876203,2.396621206046855
2026-04-10T15:29:51.319,-958.450161019755,-86637.8020943908,-60682.61446652885,0.66675966640631,1.99222974878263,1.17023472584825,105779.99374622482,2.4047862978364383
2026-04-10T15:33:51.319,-798.418687489781,-86158.82415970025,-60401.167476470175,0.66683395824359,1.99926505547162,1.17516601204671,105224.9090543835,2.413036146800649
2026-04-10T15:37:51.319,-638.370830940409,-85678.14904678693,-60118.53034352928,0.66689612613603,2.00637312557115,1.18015276446488,104668.00099393836,2.421372360778798
2026-04-10T15:41:51.319,-478.309548806995,-85195.75912903593,-59834.68962408327,0.66694577025109,2.0135553267814,1.18519608597216,104109.25144293165,2.429796591624348
2026-04-10T15:45:51.319,-318.237896258042,-84711.63644716766,-59549.63160609088,0.66698247587117,2.02081306382132,1.19029711070701,103548.64194829817,2.4383105367831233
2026-04-10T15:49:51.319,-158.159029846169,-84225.76270019732,-59263.34230145049,0.66700581273337,2.02814777973886,1.19545700523033,102986.15371712628,2.4469159409415844
2026-04-10T15:53:51.319,1.92378867835,-83738.11923607287,-58975.80743807513,0.66701533433468,2.03556095727868,1.20067696973131,102421.76760761668,2.4556145977490162
2026-04-10T15:57:51.319,162.00718838294,-83248.68704197783,-58687.01245167149,0.66701057720053,2.04305412031022,1.20595823928856,101855.46411972654,2.464408351617466
2026-04-10T16:01:51.319,322.087684987908,-82757.44673428353,-58396.94247720932,0.66699106011441,2.05062883531938,1.21130208518974,101287.22338548476,2.473299099603781
2026-04-10T16:05:51.319,482.161676511837,-82264.37854813556,-58105.58234006675,0.66695628330628,2.05828671296713,1.21670981631263,100717.02515896465,2.4822887933780535
2026-04-10T16:09:51.319,642.225438716976,-81769.46232665765,-57812.9165468365,0.666905727597,2.06602940971877,1.2221827805713,100144.84880589865,2.4913794412833963
2026-04-10T16:13:51.319,802.275120343761,-81272.6775097558,-57518.92927577679,0.66683885349622,2.07385862954742,1.22772236643093,99570.67329291944,2.5005731104919167
2026-04-10T16:17:51.319,962.306738122943,-80774.00312250407,-57223.604366890075,0.66675510025067,2.08177612571606,1.23333000449513,98994.47717641068,2.5098719292624487
2026-04-10T16:21:51.319,1122.316171553036,-80273.41776309306,-56926.92531161171,0.66665388483967,2.08978370264228,1.23900716917002,98416.23859095007,2.519278089305706
2026-04-10T16:25:51.319,1282.299157430032,-79770.89959032027,-56628.87524208963,0.66653460091458,2.09788321785033,1.24475538040935,97835.93523732605,2.5287938482629304
2026-04-10T16:29:51.319,1442.25128411548,-79266.4263106011,-56329.43692003492,0.66639661767842,2.10607658401538,1.25057620554548,97253.54437010859,2.5384215323046053
2026-04-10T16:33:51.319,1602.167985528106,-78759.97516447764,-56028.592725122246,0.6662392787018,2.11436577110527,1.25647126121118,96669.04278475404,2.5481635388562274
2026-04-10T16:37:51.319,1762.044534843202,-78251.52291260118,-55726.324642917556,0.66606190067092,2.12275280862509,1.26244221535769,96082.40680422176,2.5580223394584145
2026-04-10T16:41:51.319,1921.876037882934,-77741.0458211631,-55422.61425230932,0.66586377206318,2.1312397879708,1.26849078937476,95493.61226508007,2.568000482769547
2026-04-10T16:45:51.319,2081.657426179615,-77228.51964674718,-55117.442712418175,0.66564415174539,2.13982886489784,1.27461876031875,94902.63450307732,2.5781005977190503
2026-04-10T16:49:51.319,2241.383449692756,-76713.91962057493,-54810.79074895813,0.6654022674895,2.14852226211186,1.28082796325548,94309.44833815254,2.588325396820812
2026-04-10T16:53:51.319,2401.048669159416,-76197.22043211386,-54502.638640021076,0.66513731440004,2.15732227198835,1.28712029372481,93714.02805885862,2.598677679656043
2026-04-10T16:57:51.319,2560.647448055945,-75678.39621201673,-54192.966201254414,0.66484845324722,2.16623125942922,1.29349771033448,93116.34740616992,2.6091603365362714
2026-04-10T17:01:51.319,2720.173944147698,-75157.42051435806,-53881.75277039984,0.66453480869913,2.17525166486432,1.29996223749134,92516.3795566437,2.6197763523574444
2026-04-10T17:05:51.319,2879.622100601665,-74634.26629813189,-53568.97719115931,0.66419546744592,2.18438600740675,1.30651596827862,91914.0971049038,2.630528810657113
2026-04-10T17:09:51.319,3038.985636635161,-74108.90590797296,-53254.617796351995,0.66382947620815,2.19363688817144,1.31316106748854,91309.47204541265,2.641420897887519
2026-04-10T17:13:51.319,3198.258037671825,-73581.31105406085,-52938.65239032375,0.66343583962122,2.20300699376701,1.31989977482041,90702.47575349595,2.652455907918403
2026-04-10T17:17:51.319,3357.432544974086,-73051.4527911641,-52621.05823056819,0.66301351798662,2.21249909997173,1.32673440825466,90093.07896558191,2.663637246784095
2026-04-10T17:21:51.319,3516.502144719011,-72519.30149677902,-52301.81200851565,0.66256142488044,2.22211607560524,1.33366736761483,89481.25175861512,2.6749684376910885
2026-04-10T17:25:51.319,3675.459556481991,-71984.82684831439,-51980.88982944352,0.66207842460847,2.23186088660841,1.34070113832948,88866.96352860203,2.686453126302872
2026-04-10T17:29:51.319,3834.297221090127,-71447.99779927082,-51658.267191458406,0.66156332949648,2.24173660034472,1.34783829540793,88250.18296824305,2.6980950863206665
2026-04-10T17:33:51.319,3993.007287804242,-70908.78255435964,-51333.91896349698,0.66101489700308,2.25174639013762,1.35508150764388,87630.87804360282,2.709898225379729
2026-04-10T17:37:51.319,4151.581600785388,-70367.14854350318,-51007.81936228912,0.66043182664189,2.26189354005923,1.36243354206281,87009.01596976798,2.7218665912827236
2026-04-10T17:41:51.319,4310.011684798282,-69823.0623946537,-50679.94192822269,0.659812756698,2.27218144998698,1.36989726862992,86384.5631854374,2.734004378593067
2026-04-10T17:45:51.319,4468.288730100458,-69276.48990536493,-50350.25950004537,0.65915626072291,2.28261364094635,1.37747566523679,85757.48532638758,2.7463159356133993
2026-04-10T17:49:51.319,4626.403576461876,-68727.39601304515,-50018.74418833433,0.6584608437904,2.29319376075872,1.38517182298657,85127.74719775135,2.7588057717758647
2026-04-10T17:53:51.319,4784.346696255365,-68175.744763816,-49685.367347659405,0.65772493849433,2.30392559001537,1.39298895179885,84495.31274504411,2.7714785654734366
2026-04-10T17:57:51.319,4942.108176553508,-67621.49927989616,-49350.09954736058,0.65694690066753,2.31481304840012,1.40093038635759,83860.14502386788,2.784339172363912
2026-04-10T18:01:51.319,5099.677700162352,-67064.6217254235,-49012.91054085423,0.6561250047992,2.3258602013848,1.40899959242678,83222.20616821846,2.7973926341805013
2026-04-10T18:05:51.319,5257.04452551664,-66505.0732706227,-48673.769233376814,0.65525743912584,2.33707126732398,1.41720017356143,82581.45735731587,2.8106441880863566
2026-04-10T18:09:51.319,5414.197465355016,-65942.81405421972,-48332.64364806755,0.6543423003687,2.34845062497723,1.42553587824302,81937.85878087331,2.82409927661296
2026-04-10T18:13:51.319,5571.124864086843,-65377.803143996316,-47989.50089028449,0.65337758808792,2.36000282148995,1.43401060747177,81291.36960271365,2.837763558226384
2026-04-10T18:17:51.319,5727.814573754772,-64809.998495370935,-47644.307110040165,0.65236119862062,2.37173258086584,1.44262842285047,80641.94792263593,2.851642918568576
2026-04-10T18:21:51.319,5884.253928489004,-64239.35690788359,-47297.02746243429,0.65129091856732,2.38364481296757,1.45139355519806,79989.5507364284,2.865743482425796
2026-04-10T18:25:51.319,6040.429717340159,-63665.83397945334,-46947.62606595166,0.65016441778704,2.3957446230847,1.46031041373425,79334.13389391647,2.8800716264802007
2026-04-10T18:29:51.319,6196.328155367754,-63089.3840582671,-46596.065958482606,0.64897924185799,2.40803732211169,1.46938359588045,78675.65205492606,2.8946339929061797
2026-04-10T18:33:51.319,6351.934852850354,-62509.960192147926,-46242.309050912416,0.64773280395588,2.4205284373826,1.47861789772658,78014.05864303478,2.909437503878674
2026-04-10T18:37:51.319,6507.234782471449,-61927.5140752392,-45886.31607811351,0.64642237609739,2.43322372421286,1.48801832521756,77349.30579697335,2.9244893770665277
2026-04-10T18:41:51.319,6662.212244321817,-61341.995991828415,-45528.04654716056,0.6450450796906,2.44612917820346,1.49759010611876,76681.34431952992,2.9397971421913085
2026-04-10T18:45:51.319,6816.850828544459,-60753.35475712048,-45167.45868257404,0.64359787532807,2.45925104836773,1.50733870282524,76010.12362379892,2.9553686587394576
2026-04-10T18:49:51.319,6971.13337543198,-60161.537654755506,-44804.509368381296,0.64207755175167,2.47259585114624,1.5172698260858,75335.59167660392,2.9712121349239693
2026-04-10T18:53:51.319,7125.041932768317,-59566.49037084914,-44439.15408676624,0.64048071391014,2.48617038538184,1.52738944972002,74657.69493891117,2.9873361480015195
2026-04-10T18:57:51.319,7278.557710186771,-58968.156924316034,-44071.34685305939,0.63880377002214,2.49998174833338,1.53770382641407,73976.37830303636,3.0037496660612373
2026-04-10T19:01:51.319,7431.661030294235,-58366.4795932168,-43701.040146798056,0.63704291754764,2.51403735281404,1.54821950468991,73291.58502643152,3.0204620714129327
2026-04-10T19:05:51.319,7584.331276286848,-57761.398836847424,-43328.18483856277,0.63519412795954,2.52834494554886,1.5589433471521,72603.25666182255,3.037483185715855
2026-04-10T19:09:51.319,7736.546835754982,-57152.853213266375,-42952.73011226985,0.63325313019529,2.54291262685495,1.56988255012705,71911.33298344912,3.0548232970032627
2026-04-10T19:13:51.319,7888.285040344923,-56540.77929192843,-42574.623382570804,0.63121539265409,2.55774887175828,1.58104466482205,71215.75190913901,3.0724931887746276
2026-04-10T19:17:51.319,8039.522100910543,-55925.11156106567,-42193.81020697733,0.62907610358983,2.57286255267231,1.59243762014449,70516.44941792727,3.090504171345297
2026-04-10T19:21:51.319,8190.233037750148,-55305.782329424525,-41810.23419229503,0.62683014973172,2.58826296377652,1.60406974733718,69813.35946290579,3.1088681156640066
2026-04-10T19:25:51.319,8340.391605481023,-54682.72162193294,-41423.83689490961,0.62447209294466,2.60395984724684,1.6159498066026,69106.41387896398,3.127597489831364
2026-04-10T19:29:51.319,8489.970212056362,-54055.85706883335,-41034.55771442563,0.62199614471806,2.61996342150631,1.62808701590827,68395.54228505153,3.146705398578691
2026-04-10T19:33:51.319,8638.93983137548,-53425.11378777468,-40642.33378010902,0.61939613824585,2.63628441168144,1.64049108218685,67680.67198056317,3.1662056259950977
2026-04-10T19:37:51.319,8787.269908877744,-52790.41425830979,-40247.0998295307,0.61666549783011,2.65293408247023,1.6531722351693,66961.72783541086,3.186112681824181
2026-04-10T19:41:51.319,8934.928259442459,-52151.67818819266,-39848.78807874797,0.613797205307,2.66992427364959,1.66614126411698,66238.63217331076,3.2064418516884574
2026-04-10T19:45:51.319,9081.880956839937,-51508.822370811984,-39447.32808329293,0.61078376315382,2.68726743847531,1.67940955774994,65511.30464777071,3.2272092516420194
2026-04-10T19:49:51.319,9228.092213891943,-50861.76053303388,-39042.64658916166,0.60761715389142,2.70497668525586,1.69298914770424,64779.66211021753,3.2484318874997546
2026-04-10T19:53:51.319,9373.524252400919,-50210.40317265506,-38634.667372913274,0.60428879534414,2.72306582241298,1.70689275589175,64043.61846965369,3.2701277194458145
2026-04-10T19:57:51.319,9518.137161795396,-49554.65738458856,-38223.31106989288,0.60078949125956,2.74154940737797,1.72113384618189,63303.084543176126,3.2923157324860695
2026-04-10T20:01:51.319,9661.888745311422,-48894.42667481549,-37808.49498948561,0.59710937672153,2.76044279971322,1.73572668087758,62557.96789662883,3.3150160133802724
2026-04-10T20:05:51.319,9804.734352384487,-48229.61076103766,-37390.13291618856,0.59323785770946,2.77976221889437,1.75068638251792,61808.17267459276,3.3382498347706004
2026-04-10T20:09:51.319,9946.626695760297,-47560.10535885491,-36968.13489515141,0.5891635440644,2.79952480724052,1.7660290016093,61053.599418841,3.3620397473163126
2026-04-10T20:13:51.319,10087.515651642623,-46885.80195216752,-36542.40700068299,0.58487417501391,2.81974869853918,1.78177159096607,60294.14487430414,3.386409680751188
2026-04-10T20:17:51.319,10227.348040978155,-46206.5875463645,-36112.851086046634,0.58035653628165,2.84045309297991,1.79793228743326,59529.701781498334,3.411385054903502
2026-04-10T20:21:51.319,10366.06738972727,-45522.34440270255,-35679.364512669534,0.57559636765999,2.86165833908728,1.81453040186983,58760.158654266525,3.4369929018607284
2026-04-10T20:25:51.319,10503.61366568024,-44832.949752104374,-35241.839856666265,0.57057825975075,2.88338602343137,1.83158651839247,57985.39954156987,3.4632620006255106
2026-04-10T20:29:51.319,10639.922989043745,-44138.275486406375,-34800.16459031976,0.5652855383753,2.90565906899424,1.84912260402227,57205.30377194084,3.4902230258009053
2026-04-10T20:33:51.319,10774.927313634958,-43438.18782486165,-34354.22073586994,0.55970013491529,2.92850184318522,1.86716213004095,56419.74567907012,3.5179087120649513
2026-04-10T20:37:51.319,10908.554075069844,-42732.54695345038,-33903.884488623946,0.5538024405604,2.9519402766299,1.88573020655533,55628.594306844745,3.546354036454295
2026-04-10T20:41:51.319,11040.725801807495,-42021.20663426216,-33449.02580601603,0.54757114210253,2.97600199400851,1.9048537319934,54831.71309198339,3.5755964207800743
2026-04-10T20:45:51.319,11171.359684298832,-41304.01378188805,-32989.507958800896,0.54098303651358,3.00071645839377,1.92456155951804,54028.959522224395,3.6056759568554155
2026-04-10T20:49:51.319,11300.367096769101,-40580.80800338869,-32525.18704005155,0.53401282106414,3.02611513073893,1.94488468265369,53220.184767811304,3.6366356576331533
2026-04-10T20:53:51.319,11427.653065318378,-39851.42109798162,-32055.911427039235,0.52663285516463,3.05223164639867,1.96585644278574,52405.23328378684,3.6685217378473567
2026-04-10T20:57:51.319,11553.11567502734,-39115.67651210744,-31581.52119038455,0.51881288941813,3.07910201083365,1.98751276162293,51583.94238034841,3.701383928338186
2026-04-10T21:01:51.319,11676.645407575823,-38373.3887449821,-31101.847444067578,0.51051975653772,3.10676481696025,2.00989240222418,50756.141758232894,3.735275828936315
2026-04-10T21:05:51.319,11798.124399480621,-37624.36269910959,-30616.711628949695,0.50171701776736,3.13526148696737,2.03303726279932,49921.6530057853,3.770255305613768
2026-04-10T21:09:51.319,11917.425609389169,-36868.39296950318,-30125.92472136493,0.49236455721103,3.16463654184052,2.05699270821869,49080.289054022316,3.8063849386018225
2026-04-10T21:13:51.319,12034.411880867936,-36105.26306452861,-29629.286357053217,0.48241811496627,3.19493790231977,2.08180794503649,48231.85358562792,3.8437325293709126
2026-04-10T21:17:51.319,12148.934884724833,-35334.74455032236,-29126.583859193146,0.47182874810565,3.22621722558369,2.10753644687794,47376.140393413545,3.8823716758072973
2026-04-10T21:21:51.319,12260.833922010854,-34556.59610963088,-28617.59115750113,0.46054220626483,3.25853028260905,2.13423643830201,46512.93268334276,3.9223824266646337
2026-04-10T21:25:51.319,12369.934565340702,-33770.56250463931,-28102.06758323973,0.44849820576366,3.29193738192148,2.16197144677965,45642.00231676448,3.9638520284889247
2026-04-10T21:29:51.319,12476.047111906819,-32976.37343188251,-27579.756522448497,0.43562958265907,3.32650384634047,2.19081093428572,44763.10898602805,4.006875780803733
2026-04-10T21:33:51.319,12578.964816346917,-32173.742255625824,-27050.383906688126,0.42186130071086,3.36230055035327,2.22083102227227,43875.9993171842,4.051558018519573
2026-04-10T21:37:51.319,12678.461865219026,-31362.36460413111,-26513.65651696186,0.4071092846794,3.39940452694307,2.25211532657288,42980.40589303111,4.0980132444463475
2026-04-10T21:41:51.319,12774.29104692698,-30541.91681094479,-25969.26007210961,0.39127904232998,3.43789965406764,2.28475592221391,42076.04618938354,4.146367439638774
2026-04-10T21:45:51.319,12866.18106111633,-29712.054180713832,-25416.85706768562,0.37426402954461,3.47787743254884,2.31885446234629,41162.62141718216,4.196759585345196
2026-04-10T21:49:51.319,12953.833399293762,-28872.409056005206,-24856.08432491058,0.35594370143441,3.51943786890018,2.35452348077542,40239.815263008044,4.249343437892761
2026-04-10T21:53:51.319,13036.918713012028,-28022.58865812608,-24286.55020145544,0.33618117749401,3.56269047857998,2.39188791413761,39307.29252085464,4.304289607364178
2026-04-10T21:57:51.319,13115.072566477946,-27162.172670973396,-23707.831406211633,0.31482042953219,3.60775542727695,2.43108688800926,38364.69760883189,4.36178800298085
2026-04-10T22:01:51.319,13187.890445641653,-26290.71053245294,-23119.469348376693,0.29168287583255,3.65476483002637,2.47227582161202,37411.65296612818,4.4220507234742366
2026-04-10T22:05:51.319,13254.921864037891,-25407.718393000952,-22520.965936551864,0.2665632316333,3.70386423004633,2.51562891890828,36447.75732847109,4.485315490433546
2026-04-10T22:09:51.319,13315.663364601067,-24512.675695274276,-21911.778725355274,0.2392244216206,3.75521428085656,2.56134213057217,35472.583885164066,4.551849748057678
2026-04-10T22:13:51.319,13369.550163247555,-23605.0213233101,-21291.315284326167,0.20939130054404,3.80899265592752,2.6096366926255,34485.67832851919,4.621955585804635
2026-04-10T22:17:51.319,13415.946109895858,-22684.149263738214,-20658.926635366428,0.17674284735099,3.86539620882068,2.66076337482593,33486.55681864944,4.695975683717931
2026-04-10T22:21:51.319,13454.131549744547,-21749.403716616205,-20013.89956899143,0.14090238784715,3.92464340182462,2.71500760698018,32474.70390540714,4.774300537287823
2026-04-10T22:25:51.319,13483.288543526076,-20800.073590347914,-19355.44760410667,0.1014252483582,3.98697700957212,2.77269569654615,31449.57047826232,4.85737729453938
2026-04-10T22:29:51.319,13502.48273792615,-19835.38631605516,-18682.700298126165,0.05778302981264,4.05266708108505,2.83420240911898,30410.57185954821,4.945720639553005
2026-04-10T22:33:51.319,13510.640948808663,-18854.500925393986,-17994.690540453692,0.00934339065844,4.12201410063975,2.89996025826965,29357.086225305156,5.039926293544907
2026-04-10T22:37:51.319,13506.523204577945,-17856.500358545713,-17290.33936817529,-0.04465620339621,4.19535221008114,2.97047094686377,28288.453644503403,5.140687890671463
2026-04-10T22:41:51.319,13488.687556812438,-16840.383017090724,-16568.437722766117,-0.10514292815173,4.27305221709338,3.04631952256121,27203.97619357883,5.248818240221747
2026-04-10T22:45:51.319,13455.44534297402,-15805.053669093673,-15827.62441435579,-0.173254328271,4.355523870145,3.12819195820336,26102.919864693376,5.365276337061838
2026-04-10T22:49:51.319,13404.803694422391,-14749.313985145858,-15066.359369230218,-0.25039976436273,4.44321645013661,3.21689704016874,24984.519402246075,5.49120196603657
2026-04-10T22:53:51.319,13334.390787734448,-13671.853295153667,-14282.891002638307,-0.33834407507307,4.53661596315632,3.31339362649435,23847.98787314074,5.6279604151411
2026-04-10T22:57:51.319,13241.357428215159,-12571.240716267415,-13475.216286569717,-0.43932309427023,4.6362358433347,3.41882446699481,22692.53387477745,5.7772007332533395
2026-04-10T23:01:51.319,13122.245698439923,-11445.92081465144,-12641.031796944408,-0.55620554548342,4.74259556869268,3.53455771883716,21517.39111409317,5.940932216815919
2026-04-10T23:05:51.319,12972.81106835395,-10294.216806825643,-11777.6738071765,-0.69272351088845,4.85617694665653,3.66223670093385,20321.868196339376,6.1216254421062715
2026-04-10T23:09:51.319,12787.777687196867,-9114.348706373128,-10882.045556530504,-0.85380585372812,4.97733903652541,3.80383649666221,19105.431845758965,6.322346116254593
2026-04-10T23:13:51.319,12560.496178547626,-7904.480203775824,-9950.530682668661,-1.04606836544613,5.1061556708863,3.96172081191013,17867.846328249074,6.546931842629287
2026-04-10T23:17:51.319,12282.456959268813,-6662.8202953469,-8978.894725205835,-1.27854494633119,5.2421058379668,4.13867942269257,16609.409192704796,6.800221919912139
2026-04-10T23:21:51.319,11942.58668427349,-5387.829647943122,-7962.184612705343,-1.56379019141846,5.38347878599914,4.3378944371697,15331.355740228686,7.08834337134617
2026-04-10T23:25:51.319,11526.217019943328,-4078.62977802228,-6894.656518227153,-1.91954452424992,5.52621399684194,4.56270492131954,14036.566110033233,7.41902746446616
2026-04-10T23:29:51.319,11013.562641908899,-2735.811536039326,-5769.813569083955,-2.37119728827318,5.66159967530601,4.81584574513583,12730.827759810534,7.801836816050568
2026-04-10T23:33:28.306,10444.775935605492,-1495.765684240425,-4697.742314794555,-2.89214249196642,5.76299604599651,5.06925683369178,11549.867626226984,8.202071474081407
2026-04-10T23:34:31.359,10256.914055342275,-1131.651792894629,-4375.666769462398,-3.06879691064995,5.78553439535379,5.14684567970074,11208.54055604105,8.329462357756988
2026-04-10T23:35:34.336,10057.749987342637,-766.711671570605,-4049.060871265282,-3.25846371736364,5.80320852090121,5.22555338796781,10869.272079326425,8.461750595765485
2026-04-10T23:36:37.314,9846.19516169841,-400.833714274156,-3717.465814838162,-3.4624930733872,5.81511935274412,5.30521772460557,10532.225734062215,8.599407332798153
2026-04-10T23:39:04.146,9299.580232144828,453.652322026914,-2924.691230963368,-3.99923280285016,5.81459566045445,5.49234143977157,9759.19114065573,8.94254998291877
2026-04-10T23:40:51.695,8845.404027056413,1077.247673829613,-2326.829432310029,-4.45617030156911,5.77555829594918,5.62444103244111,9209.547771725891,9.211344327181628
2026-04-10T23:42:39.244,8338.947824976369,1694.357796942863,-1715.277090795455,-4.97221129234682,5.69170349999077,5.74558459731249,8680.499678586879,9.493688231263071
2026-04-10T23:44:26.793,7773.656816530916,2299.361754820973,-1091.708710504321,-5.55050150384012,5.54756703944097,5.84595108193595,8179.76972104484,9.785637999313657
2026-04-10T23:46:14.341,7142.86248368358,2884.797473304638,-459.059657839092,-6.18950926627884,5.32447293594461,5.91180767738957,7717.076952593808,10.080154116748439
2026-04-10T23:48:01.890,6440.466262742872,3441.074553807923,178.030842661731,-6.87950321604476,5.00189643343094,5.92523589473172,7304.26551730784,10.366048082010645
2026-04-10T23:49:49.439,5662.040893064461,3956.441328413924,812.809757645657,-7.59848012104196,4.56098200553251,5.86518925618645,6955.055338531816,10.627318665380566
2026-04-10T23:51:36.988,4806.3262418841,4417.476896320655,1436.233167102162,-8.30933313404764,3.99079962433317,5.71092668797293,6684.133435475,10.84371626378896
2026-04-10T23:53:24.536,3876.822460206632,4810.368917885075,2037.311425039912,-8.96146801332762,3.29630845941817,5.44822213084696,6505.385411850368,10.993483651717343